Year,Maker/Brand,Model,PowerTrain,Accel_sec,TopSpeed_mph,mpg,mpge,energy_kwh_per_100mi,Range_mi,Power,Torque,Weight_lb,Payload_lb,Cargo_ft3,BodyStyle,Seats,Price_usd,Projected
2025,Acura,ADX,ICE,8.1,125,28,0,74.8,450,190,179,3400,1000,24.5,SUV,5,34500,
2025,Acura,MDX,ICE,6.4,130,22,0,95.1,420,290,267,4500,1400,48.4,SUV,7,52500,
2025,Acura,RDX,ICE,6.6,130,23,0,91,430,272,280,4100,1200,29.5,SUV,5,44500,
2025,Acura,TLX,ICE,5.8,155,24,0,87.2,430,272,280,3950,1000,13.5,Sedan,5,45500,
2025,Acura,ZDX,EV,5.2,130,0,96,35.1,325,490,500,5800,1300,29,SUV,5,64500,
2025,Acura,Integra,ICE,7.2,130,32,0,65.4,470,200,192,3150,900,24.3,Hatchback,5,32500,
2024,Acura,MDX,ICE,6.5,130,22,0,95.1,420,290,267,4500,1400,48.4,SUV,7,51500,
2024,Acura,RDX,ICE,6.7,130,23,0,91,430,272,280,4100,1200,29.5,SUV,5,43500,
2024,Acura,TLX,ICE,5.9,155,24,0,87.2,430,272,280,3950,1000,13.5,Sedan,5,44500,
2024,Acura,ZDX,EV,5.3,130,0,96,35.1,325,490,500,5800,1300,29,SUV,5,62500,
2024,Acura,Integra,ICE,7.3,130,32,0,65.4,470,200,192,3150,900,24.3,Hatchback,5,31500,
2023,Acura,ILX,ICE,6.6,130,28,0,74.8,450,201,180,3100,900,12.4,Sedan,5,27500,
2023,Acura,MDX,HV,5.9,130,27,0,77.5,480,321,332,4550,1300,48.4,SUV,7,56500,
2023,Acura,MDX,ICE,6.7,130,22,0,95.1,430,290,267,4450,1300,48.4,SUV,7,49500,
2023,Acura,RDX,ICE,6.4,130,23,0,91,430,272,280,4050,1100,29.5,SUV,5,42500,
2023,Acura,TLX,ICE,6,155,25,0,83.7,450,272,280,3950,1000,13.5,Sedan,5,41500,
2023,Acura,Integra,ICE,7.1,135,30,0,69.8,470,200,192,3150,900,24.3,Hatchback,5,30500,
2023,Acura,NSX,HV,2.9,191,21,0,99.7,420,573,476,3850,800,4.4,Coupe,2,160000,
2022,Acura,ILX,ICE,6.6,125,28,0,74.8,460,201,180,3100,900,12.3,Sedan,5,27500,
2022,Acura,MDX,ICE,6.5,130,22,0,95.1,420,290,267,4500,1400,48.4,SUV,7,46500,
2022,Acura,RDX,ICE,6.7,130,23,0,91,430,272,280,4100,1200,29.5,SUV,5,38500,
2022,Acura,RLX,HV,4.9,155,28,0,74.8,500,377,341,4050,1000,14.9,Sedan,5,62000,
2022,Acura,RLX,ICE,5.7,155,23,0,91,450,310,272,3950,1000,14.9,Sedan,5,54500,
2022,Acura,TLX,ICE,5.9,155,25,0,83.7,430,272,280,3950,1000,13.5,Sedan,5,40500,
2022,Acura,Integra,ICE,7,130,30,0,69.8,470,200,192,3150,900,24.3,Hatchback,5,30500,
2022,Acura,NSX,HV,2.9,191,21,0,99.7,400,573,476,3800,800,4,Coupe,2,169500,
2021,Acura,ILX,ICE,6.6,130,28,0,74.8,430,201,180,3100,950,12.3,Sedan,5,26500,
2021,Acura,MDX,HV,6.2,135,25,0,83.7,480,321,335,4500,1500,48.4,SUV,7,56000,
2021,Acura,MDX,ICE,6.7,130,22,0,95.1,430,290,267,4400,1500,48.4,SUV,7,48000,
2021,Acura,RDX,ICE,6.5,125,23,0,91,430,272,280,3900,1200,29.5,SUV,5,38000,
2021,Acura,RLX,HV,4.9,155,28,0,74.8,500,377,341,4300,1100,14.9,Sedan,5,61000,
2021,Acura,RLX,ICE,6,145,24,0,87.2,430,310,272,4100,1100,14.9,Sedan,5,54500,
2021,Acura,TLX,ICE,5.9,155,25,0,83.7,450,272,280,3900,1100,13.5,Sedan,5,38000,
2021,Acura,NSX,HV,2.9,191,21,0,99.7,360,573,476,3800,900,4.1,Coupe,2,159000,
2020,Acura,ILX,ICE,6.6,130,28,0,74.8,490,201,180,3100,900,12.3,Sedan,5,26000,
2020,Acura,MDX,HV,6.7,125,27,0,77.5,520,321,289,4500,1400,48.4,SUV,7,54000,
2020,Acura,MDX,ICE,6.5,125,23,0,91,450,290,267,4400,1400,48.4,SUV,7,48000,
2020,Acura,RDX,ICE,6.6,130,24,0,87.2,470,272,280,4050,1300,29.5,SUV,5,39000,
2020,Acura,RLX,HV,5.8,130,30,0,69.8,540,377,341,4200,1100,14.9,Sedan,5,62000,
2020,Acura,RLX,ICE,6.2,130,24,0,87.2,460,310,272,4050,1100,14.9,Sedan,5,55000,
2020,Acura,TLX,ICE,6.5,130,25,0,83.7,470,290,267,3700,1100,13.2,Sedan,5,38000,
2020,Acura,NSX,HV,3,191,21,0,99.7,400,573,476,3870,600,4,Coupe,2,157500,
2019,Acura,ILX,ICE,6.6,130,29,0,72.2,450,201,180,3100,1000,12.4,Sedan,5,28000,
2019,Acura,MDX,HV,6.3,120,26,0,80.5,480,321,289,4400,1400,48.4,SUV,7,48000,
2019,Acura,MDX,ICE,6.5,120,23,0,91,420,290,267,4300,1400,48.4,SUV,7,45000,
2019,Acura,RDX,ICE,6.6,125,24,0,87.2,420,272,280,3900,1200,29.5,SUV,5,38000,
2019,Acura,RLX,HV,4.9,130,28,0,74.8,500,377,341,4200,1100,14.9,Sedan,5,54000,
2019,Acura,RLX,ICE,6.5,130,23,0,91,420,310,272,4100,1100,14.9,Sedan,5,51000,
2019,Acura,TLX,ICE,6,130,27,0,77.5,450,290,267,3600,1100,13.2,Sedan,5,33000,
2019,Acura,NSX,HV,3,191,21,0,99.7,380,573,476,3800,800,4,Coupe,2,157000,
2018,Acura,ILX,ICE,6.6,130,29,0,72.2,430,201,180,3100,1000,12.4,Sedan,5,27000,
2018,Acura,MDX,HV,6.7,130,26,0,80.5,460,321,289,4300,1400,48.4,SUV,7,52000,
2018,Acura,MDX,ICE,6.5,130,22,0,95.1,420,290,267,4200,1400,48.4,SUV,7,44000,
2018,Acura,NSX,HV,3,191,21,0,99.7,380,573,476,3800,900,4.4,Coupe,2,157000,
2018,Acura,RDX,ICE,6.6,130,23,0,91,420,279,252,3900,1300,29.5,SUV,5,36000,
2018,Acura,RLX,HV,4.9,135,29,0,72.2,480,377,341,4200,1200,14.9,Sedan,5,62000,
2018,Acura,RLX,ICE,6.1,130,23,0,91,420,310,272,4000,1200,14.9,Sedan,5,55000,
2018,Acura,TLX,ICE,5.7,130,27,0,77.5,460,290,267,3600,1100,13.2,Sedan,5,34000,
2017,Acura,ILX,ICE,6.6,130,28,0,74.8,460,201,180,3100,1100,12.4,Sedan,5,28000,
2017,Acura,MDX,HV,6.4,130,27,0,77.5,450,321,289,4300,1400,48.4,SUV,7,52000,
2017,Acura,MDX,ICE,6.5,130,22,0,95.1,420,290,267,4200,1400,48.4,SUV,7,45000,
2017,Acura,RDX,ICE,6.5,130,22,0,95.1,420,279,252,4000,1300,29.5,SUV,5,35000,
2017,Acura,RLX,HV,5.9,130,30,0,69.8,480,377,341,4200,1300,14.9,Sedan,5,61000,
2017,Acura,RLX,ICE,6,130,23,0,91,430,310,272,4100,1300,14.9,Sedan,5,55000,
2017,Acura,TLX,ICE,6.2,130,27,0,77.5,460,290,267,3600,1200,13.5,Sedan,5,33000,
2017,Acura,NSX,HV,2.9,191,21,0,99.7,380,573,476,3800,900,4.4,Coupe,2,156000,
2016,Acura,ILX,HV,8.5,120,38,0,55.1,520,137,172,3100,1100,12.4,Sedan,5,29000,
2016,Acura,ILX,ICE,8.2,125,29,0,72.2,460,201,180,3100,1100,12.4,Sedan,5,27000,
2016,Acura,MDX,ICE,6.4,130,22,0,95.1,420,290,267,4300,1400,48.4,SUV,7,43000,
2016,Acura,RDX,ICE,6.5,130,23,0,91,430,279,252,3900,1300,29.5,SUV,5,35000,
2016,Acura,RLX,HV,5.9,130,28,0,74.8,500,377,341,4200,1400,14.9,Sedan,5,61000,
2016,Acura,RLX,ICE,6.2,130,24,0,87.2,430,310,272,4100,1400,14.9,Sedan,5,54000,
2016,Acura,TLX,ICE,6.1,135,26,0,80.5,450,290,267,3600,1200,14.3,Sedan,5,33000,
2016,Acura,TSX,ICE,7,130,28,0,74.8,460,201,172,3400,1200,14,Sedan,5,31000,
2016,Acura,NSX,HV,2.9,191,21,0,99.7,400,573,476,3800,900,4.4,Coupe,2,156000,
2015,Acura,ILX,HV,7.4,127,38,0,55.1,540,170,189,3300,1200,12.4,Sedan,5,29000,
2015,Acura,ILX,ICE,7.8,127,29,0,72.2,470,150,140,3100,1200,12.4,Sedan,5,27000,
2015,Acura,MDX,ICE,6.5,130,21,0,99.7,440,290,267,4300,1400,48.4,SUV,7,42000,
2015,Acura,RDX,ICE,6.6,130,22,0,95.1,450,273,251,3900,1300,29.5,SUV,5,36000,
2015,Acura,RLX,HV,4.9,155,28,0,74.8,560,377,341,4200,1300,14.9,Sedan,5,61000,
2015,Acura,RLX,ICE,6.2,130,25,0,83.7,470,310,272,4100,1300,14.9,Sedan,5,48000,
2015,Acura,TL,ICE,6.4,135,24,0,87.2,450,280,254,3800,1200,12.5,Sedan,5,35000,
2015,Acura,TLX,ICE,6.1,135,25,0,83.7,470,290,267,3800,1200,13.2,Sedan,5,36000,
2015,Acura,TSX,ICE,6.5,135,26,0,80.5,470,201,172,3500,1200,13.1,Sedan,5,31000,
2015,Acura,ZDX,ICE,7,130,21,0,99.7,430,300,270,4300,1400,55,SUV,5,51000,
2025,Audi,A6,EV,4.8,130,0,108,31.2,340,469,590,5000,1000,18,Sedan,5,67500,
2025,Audi,Q6,EV,4.9,130,0,105,32.1,320,469,590,5200,1200,29,SUV,5,63500,
2025,Audi,Q4 e-tron,EV,5.8,112,0,103,32.7,310,295,339,4700,1100,24.8,SUV,5,52500,
2025,Audi,e-tron GT,EV,3.4,152,0,94,35.9,300,590,612,5150,1000,11,Sedan,4,108500,
2025,Audi,Q8 e-tron,EV,5.4,124,0,79,42.7,285,402,490,5900,1300,28.5,SUV,5,74500,
2025,Audi,Q5,PHV,5.3,130,62,0,33.8,460,362,369,4550,1100,25.8,SUV,5,57500,
2025,Audi,A7,PHV,5.6,155,62,0,33.8,480,362,369,4600,1000,24.6,Sportback,5,70500,
2025,Audi,A8,PHV,4.8,155,54,0,38.8,500,443,516,4950,1050,12.5,Sedan,5,105500,
2025,Audi,A3,ICE,6.3,130,32,0,65.4,430,201,221,3350,900,10.9,Sedan,5,35500,
2025,Audi,A4,ICE,5.6,130,30,0,69.8,460,261,273,3700,950,12,Sedan,5,42500,
2025,Audi,A5,ICE,5.3,130,28,0,74.8,450,261,273,3850,950,21.8,Sportback,5,45500,
2025,Audi,A6,ICE,5.4,155,27,0,77.5,470,335,369,4150,1000,13.7,Sedan,5,56500,
2025,Audi,Q5,ICE,5.8,130,26,0,80.5,450,261,273,4200,1100,25.8,SUV,5,47500,
2025,Audi,Q3,ICE,7,130,26,0,80.5,420,228,251,3850,1000,23.7,SUV,5,38500,
2025,Audi,A7,ICE,5.2,155,26,0,80.5,450,335,369,4350,1000,24.6,Sportback,5,65500,
2025,Audi,A8,ICE,4.5,155,23,0,91,460,453,487,4850,1050,12.5,Sedan,5,98500,
2025,Audi,Q8,ICE,5.4,155,22,0,95.1,440,335,369,5000,1200,30.8,SUV,5,71500,
2025,Audi,R8,ICE,3.3,205,17,0,123.1,380,602,413,3650,700,4,Coupe,2,185000,
2024,Audi,Q6,EV,5,130,0,105,32.1,320,469,590,5150,1200,29,SUV,5,62500,
2024,Audi,Q4 e-tron,EV,5.9,112,0,103,32.7,310,295,339,4650,1100,24.8,SUV,5,51500,
2024,Audi,e-tron GT,EV,3.5,152,0,94,35.9,300,590,612,5100,1000,11,Sedan,4,106500,
2024,Audi,Q8 e-tron,EV,5.5,124,0,79,42.7,285,402,490,5850,1300,28.5,SUV,5,73500,
2024,Audi,e-tron,EV,5.6,124,0,78,43.2,285,402,490,5700,1300,28.5,SUV,5,69500,
2024,Audi,Q5,PHV,5.4,130,62,0,33.8,460,362,369,4500,1100,25.8,SUV,5,56500,
2024,Audi,A3,ICE,6.3,130,32,0,65.4,430,201,221,3350,900,10.9,Sedan,5,34500,
2024,Audi,A4,ICE,5.6,130,30,0,69.8,460,261,273,3700,950,12,Sedan,5,41500,
2024,Audi,A5,ICE,5.3,130,28,0,74.8,450,261,273,3850,950,21.8,Sportback,5,44500,
2024,Audi,A6,ICE,5.4,155,27,0,77.5,470,335,369,4150,1000,13.7,Sedan,5,55500,
2024,Audi,Q5,ICE,5.9,130,26,0,80.5,450,261,273,4150,1100,25.8,SUV,5,46500,
2024,Audi,Q3,ICE,7,130,26,0,80.5,420,228,251,3850,1000,23.7,SUV,5,37500,
2024,Audi,A7,ICE,5.2,155,26,0,80.5,450,335,369,4350,1000,24.6,Sportback,5,64500,
2024,Audi,TT,ICE,4.9,155,26,0,80.5,430,228,258,3250,800,12,Coupe,4,51500,
2024,Audi,A8,ICE,4.5,155,23,0,91,460,453,487,4850,1050,12.5,Sedan,5,96500,
2024,Audi,Q8,ICE,5.5,155,22,0,95.1,440,335,369,4950,1200,30.8,SUV,5,70500,
2024,Audi,R8,ICE,3.3,205,17,0,123.1,380,602,413,3650,700,4,Coupe,2,180000,
2023,Audi,Q4 e-tron,EV,5.9,112,0,103,32.7,310,295,339,4680,1100,24.8,SUV,5,49500,
2023,Audi,e-tron GT,EV,3.5,152,0,94,35.9,300,590,612,5120,1000,11,Sedan,4,104500,
2023,Audi,Q8 e-tron,EV,5.5,124,0,79,42.7,285,402,490,5870,1300,28.5,SUV,5,72500,
2023,Audi,e-tron,EV,5.6,124,0,78,43.2,222,402,490,5600,1200,28.5,SUV,5,66500,
2023,Audi,Q5,PHV,5.4,130,62,0,33.8,460,362,369,4520,1100,25.8,SUV,5,55500,
2023,Audi,A7,PHV,5.7,155,62,0,33.8,480,362,369,4580,1000,24.6,Sportback,5,69500,
2023,Audi,A3,ICE,6.4,130,32,0,65.4,430,201,221,3320,900,10.9,Sedan,5,34500,
2023,Audi,A4,ICE,5.7,130,30,0,69.8,460,261,273,3680,950,12,Sedan,5,41500,
2023,Audi,A5,ICE,5.4,130,28,0,74.8,450,261,273,3830,950,21.8,Sportback,5,44500,
2023,Audi,A6,ICE,5.5,155,27,0,77.5,470,335,369,4120,1000,13.7,Sedan,5,55500,
2023,Audi,Q5,ICE,5.9,130,26,0,80.5,450,261,273,4180,1100,25.8,SUV,5,46500,
2023,Audi,Q3,ICE,7.1,130,26,0,80.5,420,228,251,3820,1000,23.7,SUV,5,37500,
2023,Audi,A7,ICE,5.3,155,26,0,80.5,450,335,369,4330,1000,24.6,Sportback,5,64500,
2023,Audi,TT,ICE,4.8,155,26,0,80.5,430,228,258,3250,850,12.2,Coupe,4,50500,
2023,Audi,A8,ICE,4.6,155,23,0,91,460,453,487,4830,1050,12.5,Sedan,5,96500,
2023,Audi,Q8,ICE,5.5,155,22,0,95.1,440,335,369,4970,1200,30.8,SUV,5,70500,
2023,Audi,Q7,ICE,5.9,130,21,0,99.7,440,335,369,4850,1450,35.7,SUV,7,60000,
2023,Audi,R8,ICE,3.4,205,17,0,123.1,380,602,413,3620,700,4,Coupe,2,175000,
2022,Audi,Q4 e-tron,EV,5.8,99,0,101,33.4,241,295,339,4600,1200,24.8,SUV,5,49500,
2022,Audi,e-tron GT,EV,3.8,152,0,85,39.6,238,469,464,5100,1100,11,Sedan,5,104900,
2022,Audi,e-tron,EV,5.5,124,0,78,43.2,222,402,490,5700,1400,28.5,SUV,5,65900,
2022,Audi,Q5,PHV,5,130,62,0,33.8,540,362,369,4400,1200,25.8,SUV,5,52500,
2022,Audi,A7,PHV,5.6,155,46,0,45.5,520,362,369,4200,1100,24.9,Sedan,5,75500,
2022,Audi,A8,PHV,4.8,155,45,0,46.5,520,443,516,4800,1100,12.5,Sedan,5,96500,
2022,Audi,A3,ICE,6.6,130,32,0,65.4,470,201,221,3350,950,10.9,Sedan,5,34500,
2022,Audi,A4,ICE,6.1,130,30,0,69.8,460,261,273,3550,1000,12,Sedan,5,39500,
2022,Audi,A5,ICE,5.9,130,29,0,72.2,450,261,273,3700,1000,21.8,Sedan,5,42500,
2022,Audi,A7,ICE,5.3,155,28,0,74.8,450,335,369,4100,1100,24.9,Sedan,5,69500,
2022,Audi,Q3,ICE,7,130,27,0,77.5,450,228,258,3850,1100,23.7,SUV,5,36500,
2022,Audi,A6,ICE,5.8,130,27,0,77.5,450,335,369,3900,1100,13.7,Sedan,5,55500,
2022,Audi,Q5,ICE,6.8,130,26,0,80.5,450,261,273,4000,1200,25.8,SUV,5,43500,
2022,Audi,TT,ICE,4.6,155,26,0,80.5,440,288,280,3450,950,12,Coupe,4,51500,
2022,Audi,A8,ICE,4.9,155,22,0,95.1,440,453,487,4700,1100,12.5,Sedan,5,86500,
2022,Audi,Q8,ICE,5.6,155,21,0,99.7,430,335,369,4950,1300,30.8,SUV,5,69500,
2022,Audi,R8,ICE,3.3,205,15,0,139.5,320,562,406,3600,900,4,Coupe,2,169900,
2022,Audi,Q7,ICE,6,130,21,0,99.7,445,335,369,4850,1450,35.7,SUV,7,57500,
2021,Audi,Q4 e-tron,EV,6.3,112,0,95,35.5,250,295,339,4600,1100,24.8,SUV,5,45000,
2021,Audi,e-tron GT,EV,3.9,152,0,93,36.2,238,469,464,5050,1100,11,Sedan,4,100000,
2021,Audi,e-tron,EV,5.5,124,0,78,43.2,222,402,490,5700,1300,28.5,SUV,5,65900,
2021,Audi,A7,PHV,5.6,140,56,0,37.4,520,362,369,4400,1100,24.9,Sedan,5,70500,
2021,Audi,A8,PHV,5.4,130,54,0,38.8,520,443,516,4700,1200,12.5,Sedan,5,86500,
2021,Audi,Q5,PHV,5,130,50,0,41.9,520,362,369,4500,1200,25.1,SUV,5,52500,
2021,Audi,A3,ICE,6.6,130,30,0,69.8,470,201,221,3300,950,10.9,Sedan,5,33500,
2021,Audi,A5,ICE,5.7,130,27,0,77.5,450,261,273,3700,1000,21.8,Coupe,5,42500,
2021,Audi,A4,ICE,5.6,130,27,0,77.5,450,261,273,3600,1000,12,Sedan,5,39500,
2021,Audi,Q5,ICE,5.9,130,26,0,80.5,450,261,273,4200,1200,25.1,SUV,5,43500,
2021,Audi,A7,ICE,5.2,155,26,0,80.5,460,335,369,4300,1100,24.9,Sedan,5,69500,
2021,Audi,TT,ICE,4.9,155,26,0,80.5,440,228,258,3350,900,12,Coupe,4,50500,
2021,Audi,Q3,ICE,7,130,25,0,83.7,440,228,258,3800,1100,23.7,SUV,5,35500,
2021,Audi,A6,ICE,6.1,130,24,0,87.2,440,335,369,3950,1100,13.7,Sedan,5,55000,
2021,Audi,A8,ICE,5.6,130,23,0,91,450,335,369,4600,1200,12.5,Sedan,5,86500,
2021,Audi,Q8,ICE,5.9,130,21,0,99.7,440,335,369,4900,1300,30.8,SUV,5,68000,
2021,Audi,Q7,ICE,6,130,21,0,99.7,445,335,369,4850,1450,35.7,SUV,7,55000,
2021,Audi,R8,ICE,3.5,205,18,0,116.3,380,562,406,3650,900,4.4,Coupe,2,142700,
2020,Audi,e-tron,EV,5.5,124,0,74,45.5,222,355,414,5700,1400,28.5,SUV,5,75000,
2020,Audi,A8,PHV,5.6,155,44,0,47.6,480,443,516,5100,1200,12.5,Sedan,5,96000,
2020,Audi,Q5,PHV,5,130,43,0,48.7,460,362,369,4500,1300,25.8,SUV,5,52000,
2020,Audi,A7,PHV,5.7,155,42,0,49.8,470,362,369,4600,1200,18.9,Sedan,5,69000,
2020,Audi,A3,ICE,6.3,130,30,0,69.8,480,228,258,3400,1000,10.9,Sedan,5,34000,
2020,Audi,A4,ICE,5.6,130,27,0,77.5,470,248,273,3600,1100,12,Sedan,5,38000,
2020,Audi,A5,ICE,5.4,130,26,0,80.5,460,248,273,3700,1100,10.9,Coupe,4,44000,
2020,Audi,TT,ICE,4.4,155,26,0,80.5,460,288,280,3200,900,12,Coupe,4,45000,
2020,Audi,Q3,ICE,7.1,130,25,0,83.7,460,228,258,3800,1200,23.7,SUV,5,35000,
2020,Audi,A6,ICE,5.4,130,25,0,83.7,450,335,369,4050,1200,13.7,Sedan,5,55000,
2020,Audi,Q5,ICE,5.9,130,24,0,87.2,450,248,273,4100,1300,25.1,SUV,5,43000,
2020,Audi,A7,ICE,5.2,130,24,0,87.2,440,335,369,4250,1200,24.9,Sedan,5,69000,
2020,Audi,A8,ICE,5.6,130,22,0,95.1,430,335,369,4700,1300,12.5,Sedan,5,86000,
2020,Audi,Q8,ICE,5.6,130,21,0,99.7,440,335,369,5100,1500,30.8,SUV,5,68000,
2020,Audi,Q7,ICE,6,130,21,0,99.7,445,335,369,4850,1450,35.7,SUV,7,54000,
2020,Audi,R8,ICE,3.2,205,15,0,139.5,350,562,406,3650,600,4,Coupe,2,170000,
2019,Audi,e-tron,EV,5.5,124,0,74,45.5,204,355,414,5600,1400,28.5,SUV,5,75000,
2019,Audi,A3,PHV,6.8,130,68,0,30.8,420,204,258,3500,1000,10,Sedan,5,37000,
2019,Audi,A4,ICE,6.3,130,30,0,69.8,450,248,273,3500,1100,12,Sedan,5,37000,
2019,Audi,A3,ICE,6.6,130,30,0,69.8,450,186,221,3200,1000,10,Sedan,5,33000,
2019,Audi,TT,ICE,5.2,155,29,0,72.2,440,228,258,3300,900,12,Coupe,4,45000,
2019,Audi,A5,ICE,5.9,130,28,0,74.8,440,248,273,3600,1100,21.8,Coupe,5,42000,
2019,Audi,Q3,ICE,7.1,130,27,0,77.5,430,228,258,3800,1200,23.7,SUV,5,35000,
2019,Audi,A6,ICE,6.1,130,27,0,77.5,440,335,369,3900,1200,14.1,Sedan,5,59000,
2019,Audi,A7,ICE,5.5,155,27,0,77.5,440,335,369,4000,1200,24.9,Sedan,5,69000,
2019,Audi,A8,ICE,5.6,155,26,0,80.5,430,335,369,4600,1300,12.5,Sedan,5,83000,
2019,Audi,Q5,ICE,5.9,130,25,0,83.7,420,248,273,4100,1300,25.1,SUV,5,42000,
2019,Audi,Q7,ICE,6.1,130,22,0,95.1,420,335,369,4800,1400,35.7,SUV,7,54000,
2019,Audi,Q8,ICE,5.6,155,21,0,99.7,420,335,369,5000,1400,30.8,SUV,5,67000,
2019,Audi,R8,ICE,3.2,205,18,0,116.3,380,562,406,3600,800,8,Coupe,2,170000,
2018,Audi,A3,PHV,6.8,140,83,0,25.2,380,204,258,3500,1000,10.7,Sedan,5,37000,
2018,Audi,A4,ICE,5.6,130,30,0,69.8,480,252,273,3500,1100,12,Sedan,5,37000,
2018,Audi,A3,ICE,6.6,130,28,0,74.8,430,186,221,3200,1000,12.3,Sedan,5,32000,
2018,Audi,A5,ICE,5.4,130,27,0,77.5,450,252,273,3600,1100,10.9,Coupe,4,42000,
2018,Audi,A4 Allroad quattro,ICE,6.1,130,26,0,80.5,450,252,273,3900,1200,58.5,Wagon,5,44000,
2018,Audi,TT,ICE,5.3,155,26,0,80.5,420,220,258,3200,900,12,Coupe,4,43000,
2018,Audi,Q5,ICE,5.9,130,25,0,83.7,430,252,273,4200,1300,25.1,SUV,5,42000,
2018,Audi,A7,ICE,5.4,130,24,0,87.2,420,340,325,4200,1200,24.9,Hatchback,5,69000,
2018,Audi,A6,ICE,6.7,130,24,0,87.2,420,252,273,4000,1200,14.1,Sedan,5,49000,
2018,Audi,Q3,ICE,7.8,130,23,0,91,420,200,207,3700,1200,23.7,SUV,5,33000,
2018,Audi,A8,ICE,5.6,130,23,0,91,410,333,325,4600,1300,13,Sedan,5,83000,
2018,Audi,Q7,ICE,5.7,130,22,0,95.1,410,333,325,4700,1400,35.7,SUV,7,55000,
2018,Audi,Q8,ICE,5.6,130,21,0,99.7,400,335,369,4900,1400,30.8,SUV,5,68000,
2018,Audi,R8,ICE,3.2,205,18,0,116.3,320,532,398,3600,900,8,Coupe,2,165000,
2017,Audi,A3,PHV,7.6,130,83,0,25.2,420,204,258,3500,1100,12.3,Sedan,5,38000,
2017,Audi,A4,ICE,6.3,130,30,0,69.8,470,252,273,3500,1200,12,Sedan,5,37000,
2017,Audi,A3,ICE,7.1,130,29,0,72.2,460,186,221,3100,1100,12.3,Sedan,5,31000,
2017,Audi,A5,ICE,6,130,28,0,74.8,450,252,273,3600,1200,12.3,Coupe,4,42000,
2017,Audi,Q5,ICE,6.8,130,27,0,77.5,460,252,273,3900,1400,25.1,SUV,5,41000,
2017,Audi,TT,ICE,5.3,155,27,0,77.5,430,220,258,3200,1100,12,Coupe,4,43000,
2017,Audi,A6,ICE,6.8,130,25,0,83.7,430,252,273,3900,1300,14.1,Sedan,5,49000,
2017,Audi,A7,ICE,6.3,130,24,0,87.2,420,333,325,4100,1300,24.9,Hatchback,4,69000,
2017,Audi,Q3,ICE,8.2,126,23,0,91,420,200,207,3600,1300,23.7,SUV,5,32000,
2017,Audi,Q7,ICE,6.9,130,23,0,91,430,333,325,4700,1500,35.7,SUV,7,55000,
2017,Audi,A8,ICE,5.7,130,23,0,91,420,333,325,4400,1400,13,Sedan,5,83000,
2017,Audi,R8,ICE,3.2,205,18,0,116.3,350,540,398,3600,900,8,Coupe,2,165000,
2016,Audi,A3,PHV,6.5,140,83,0,25.2,550,204,258,3500,1200,12.3,Sedan,5,38000,
2016,Audi,A3,ICE,7.2,130,30,0,69.8,470,220,258,3200,1200,12.3,Sedan,5,33000,
2016,Audi,A4,ICE,6.6,130,30,0,69.8,470,252,273,3500,1300,12,Sedan,5,35000,
2016,Audi,TT,ICE,5.3,155,30,0,69.8,440,220,258,3200,1100,12,Coupe,4,43000,
2016,Audi,Q3,ICE,8.2,126,28,0,74.8,450,200,207,3700,1300,23.7,SUV,5,33000,
2016,Audi,A5,ICE,6.4,130,28,0,74.8,460,252,273,3600,1300,10.2,Coupe,4,42000,
2016,Audi,A4 Allroad quattro,ICE,6.8,130,27,0,77.5,450,252,273,3800,1300,58.5,Wagon,5,44000,
2016,Audi,A6,ICE,6.8,130,27,0,77.5,450,333,325,3900,1400,14.1,Sedan,5,49000,
2016,Audi,Q5,HV,5.9,130,26,0,80.5,520,354,369,4400,1400,25.1,SUV,5,51000,
2016,Audi,A7,ICE,5.6,155,26,0,80.5,440,333,325,4100,1400,24.9,Hatchback,5,68000,
2016,Audi,Q5,ICE,6.8,130,25,0,83.7,440,272,295,4200,1400,25.1,SUV,5,42000,
2016,Audi,A8,ICE,5.4,155,25,0,83.7,430,333,325,4500,1500,13,Sedan,5,82000,
2016,Audi,Q7,ICE,6.1,130,22,0,95.1,420,333,325,4900,1500,35.7,SUV,7,54000,
2016,Audi,R8,ICE,3.5,199,19,0,110.2,350,540,398,3500,900,4,Coupe,2,162000,
2015,Audi,A3,ICE,6.6,130,31,0,67.5,480,170,200,3100,1200,12.1,Sedan,5,32000,
2015,Audi,A4,ICE,6.1,130,28,0,74.8,470,220,258,3500,1200,12,Sedan,5,35000,
2015,Audi,TT,ICE,5.3,155,28,0,74.8,460,220,258,3200,1100,12,Coupe,4,42000,
2015,Audi,A5,ICE,5.8,130,27,0,77.5,460,220,258,3600,1200,10.2,Coupe,4,40000,
2015,Audi,Q3,ICE,8.2,120,26,0,80.5,430,200,207,3600,1300,23.7,SUV,5,33000,
2015,Audi,A4 Allroad quattro,ICE,6.3,130,26,0,80.5,460,220,258,3800,1300,47.3,Wagon,5,39000,
2015,Audi,A6,ICE,5.7,130,26,0,80.5,470,310,325,3900,1300,14.1,Sedan,5,48000,
2015,Audi,A7,ICE,5.6,130,25,0,83.7,460,310,325,4100,1300,24.5,Sedan,5,56000,
2015,Audi,Q5,HV,6.8,130,24,0,87.2,500,245,258,4200,1400,25.1,SUV,5,52000,
2015,Audi,Q5,ICE,6.9,130,24,0,87.2,440,220,258,4000,1400,25.1,SUV,5,41000,
2015,Audi,A8,ICE,5.4,155,24,0,87.2,450,333,325,4500,1400,13,Sedan,5,82000,
2015,Audi,Q7,ICE,6.5,130,22,0,95.1,430,280,295,4800,1500,35.7,SUV,7,52000,
2015,Audi,R8,ICE,3.4,196,20,0,104.7,360,525,391,3600,1200,3.5,Coupe,2,120000,
2025,BMW,i3,EV,7.2,93,0,118,28.6,153,170,184,2980,850,15.1,Hatchback,4,44500,
2025,BMW,i4,EV,4.2,140,0,109,30.9,295,396,443,4650,900,16.6,Sedan,5,57500,
2025,BMW,i5,EV,4.5,140,0,105,32.1,295,389,435,4900,950,17.3,Sedan,5,66500,
2025,BMW,i7,EV,4.5,149,0,96,35.1,318,536,549,5350,1000,17.7,Sedan,5,121000,
2025,BMW,iX,EV,4.4,124,0,86,39.2,324,516,564,5650,1200,35.5,SUV,5,87500,
2025,BMW,3 Series,PHV,5.6,143,75,0,27.9,300,288,310,4100,900,17,Sedan,5,52500,
2025,BMW,5 Series,PHV,5.5,143,67,0,31.2,330,288,310,4550,950,18.4,Sedan,5,58500,
2025,BMW,7 Series,PHV,4.8,143,65,0,32.2,350,375,398,5050,1000,18.2,Sedan,5,103500,
2025,BMW,X5,PHV,4.6,143,58,0,36.1,440,483,516,5400,1200,33.9,SUV,5,72500,
2025,BMW,XM,PHV,4.1,155,46,0,45.5,490,644,590,6200,1200,33.3,SUV,5,159000,
2025,BMW,3 Series,ICE,5.3,155,30,0,69.8,460,315,330,3820,900,17,Sedan,5,46500,
2025,BMW,X1,ICE,6.2,130,29,0,72.2,430,241,295,3800,1050,25.7,SUV,5,40500,
2025,BMW,2 Series,ICE,4.9,155,29,0,72.2,430,322,332,3550,900,13.8,Coupe,4,42500,
2025,BMW,X2,ICE,5.9,130,28,0,74.8,420,312,332,3900,1000,25.3,SUV,5,43500,
2025,BMW,5 Series,ICE,4.9,155,28,0,74.8,480,375,398,4300,950,18.4,Sedan,5,56500,
2025,BMW,4 Series,ICE,4.8,155,28,0,74.8,440,335,369,3950,900,15.5,Coupe,4,51500,
2025,BMW,X3,ICE,5.8,155,27,0,77.5,450,355,369,4200,1100,28.7,SUV,5,49500,
2025,BMW,6 Series,ICE,5.8,155,27,0,77.5,470,335,332,4200,950,18,Sedan,5,70500,
2025,BMW,X4,ICE,5.2,155,26,0,80.5,440,382,398,4350,1050,18.5,SUV,5,54500,
2025,BMW,Z4,ICE,4.3,155,26,0,80.5,420,335,369,3510,700,9.9,Roadster,2,54500,
2025,BMW,7 Series,ICE,4.5,155,25,0,83.7,470,523,553,4950,1000,18.2,Sedan,5,99500,
2025,BMW,X5,ICE,4.8,155,23,0,91,450,523,553,5100,1200,33.9,SUV,5,67500,
2025,BMW,X6,ICE,4.5,155,23,0,91,440,523,553,5250,1150,27.4,SUV,5,73500,
2025,BMW,X7,ICE,4.7,155,22,0,95.1,430,523,553,5600,1350,48.6,SUV,7,83500,
2025,BMW,8 Series,ICE,3.9,155,22,0,95.1,420,523,553,4550,900,15.5,Coupe,4,96500,
2024,BMW,i3,EV,7.2,93,0,118,28.6,153,170,184,2980,850,15.1,Hatchback,4,43500,
2024,BMW,i4,EV,4.2,140,0,109,30.9,295,396,443,4650,900,16.6,Sedan,5,56500,
2024,BMW,i5,EV,4.5,140,0,105,32.1,295,389,435,4900,950,17.3,Sedan,5,65500,
2024,BMW,i7,EV,4.5,149,0,96,35.1,318,536,549,5350,1000,17.7,Sedan,5,118500,
2024,BMW,iX,EV,4.4,124,0,86,39.2,324,516,564,5650,1200,35.5,SUV,5,85500,
2024,BMW,3 Series,PHV,5.6,143,75,0,27.9,300,288,310,4100,900,17,Sedan,5,51500,
2024,BMW,7 Series,PHV,4.8,143,65,0,32.2,350,375,398,5050,1000,18.2,Sedan,5,101500,
2024,BMW,X5,PHV,4.6,143,58,0,36.1,440,483,516,5400,1200,33.9,SUV,5,70500,
2024,BMW,XM,PHV,4.1,155,46,0,45.5,490,644,590,6200,1200,33.3,SUV,5,157000,
2024,BMW,3 Series,ICE,5.3,155,30,0,69.8,460,315,330,3820,900,17,Sedan,5,45500,
2024,BMW,X1,ICE,6.2,130,29,0,72.2,430,241,295,3800,1050,25.7,SUV,5,39500,
2024,BMW,2 Series,ICE,4.9,155,29,0,72.2,430,322,332,3550,900,13.8,Coupe,4,41500,
2024,BMW,X2,ICE,5.9,130,28,0,74.8,420,312,332,3900,1000,25.3,SUV,5,42500,
2024,BMW,5 Series,ICE,4.9,155,28,0,74.8,480,375,398,4300,950,18.4,Sedan,5,55500,
2024,BMW,4 Series,ICE,4.8,155,28,0,74.8,440,335,369,3950,900,15.5,Coupe,4,50500,
2024,BMW,X3,ICE,5.8,155,27,0,77.5,450,355,369,4200,1100,28.7,SUV,5,48500,
2024,BMW,X4,ICE,5.2,155,26,0,80.5,440,382,398,4350,1050,18.5,SUV,5,53500,
2024,BMW,Z4,ICE,4.3,155,26,0,80.5,420,335,369,3510,700,9.9,Roadster,2,53500,
2024,BMW,7 Series,ICE,4.5,155,25,0,83.7,470,523,553,4950,1000,18.2,Sedan,5,97500,
2024,BMW,X5,ICE,4.8,155,23,0,91,450,523,553,5100,1200,33.9,SUV,5,65500,
2024,BMW,X6,ICE,4.5,155,23,0,91,440,523,553,5250,1150,27.4,SUV,5,71500,
2024,BMW,X7,ICE,4.7,155,22,0,95.1,430,523,553,5600,1350,48.6,SUV,7,81500,
2024,BMW,8 Series,ICE,3.9,155,22,0,95.1,420,523,553,4550,900,15.5,Coupe,4,94500,
2023,BMW,i4,EV,4.3,140,0,109,30.9,295,396,443,4600,900,16.6,Sedan,5,55500,
2023,BMW,i5,EV,4.6,140,0,105,32.1,295,389,435,4850,950,17.3,Sedan,5,64500,
2023,BMW,i7,EV,4.6,149,0,96,35.1,318,536,549,5300,1000,17.7,Sedan,5,118000,
2023,BMW,iX,EV,4.5,124,0,86,39.2,324,516,564,5600,1200,35.5,SUV,5,85500,
2023,BMW,3 Series,PHV,5.7,143,75,0,27.9,300,288,310,4050,900,17,Sedan,5,50500,
2023,BMW,5 Series,PHV,5.6,143,67,0,31.2,330,288,310,4500,950,18.4,Sedan,5,56500,
2023,BMW,7 Series,PHV,4.9,143,65,0,32.2,350,375,398,5000,1000,18.2,Sedan,5,99500,
2023,BMW,X5,PHV,4.7,143,58,0,36.1,440,483,516,5350,1200,33.9,SUV,5,70500,
2023,BMW,XM,PHV,4.2,155,46,0,45.5,490,644,590,6150,1200,33.3,SUV,5,155000,
2023,BMW,3 Series,ICE,5.4,155,30,0,69.8,460,315,330,3800,900,17,Sedan,5,44500,
2023,BMW,X1,ICE,6.3,130,29,0,72.2,430,241,295,3750,1050,25.7,SUV,5,38500,
2023,BMW,2 Series,ICE,5,155,29,0,72.2,430,322,332,3500,900,13.8,Coupe,4,40500,
2023,BMW,X2,ICE,6,130,28,0,74.8,420,312,332,3850,1000,25.3,SUV,5,41500,
2023,BMW,5 Series,ICE,5,155,28,0,74.8,480,375,398,4250,950,18.4,Sedan,5,54500,
2023,BMW,4 Series,ICE,4.9,155,28,0,74.8,440,335,369,3900,900,15.5,Coupe,4,49500,
2023,BMW,X3,ICE,5.9,155,27,0,77.5,450,355,369,4150,1100,28.7,SUV,5,47500,
2023,BMW,X4,ICE,5.3,155,26,0,80.5,440,382,398,4300,1050,18.5,SUV,5,52500,
2023,BMW,Z4,ICE,4.4,155,26,0,80.5,420,335,369,3500,700,9.9,Roadster,2,52500,
2023,BMW,7 Series,ICE,4.6,155,25,0,83.7,470,523,553,4900,1000,18.2,Sedan,5,96500,
2023,BMW,X5,ICE,4.9,155,23,0,91,450,523,553,5050,1200,33.9,SUV,5,65500,
2023,BMW,X6,ICE,4.6,155,23,0,91,440,523,553,5200,1150,27.4,SUV,5,71500,
2023,BMW,X7,ICE,4.8,155,22,0,95.1,430,523,553,5550,1350,48.6,SUV,7,81500,
2023,BMW,8 Series,ICE,4,155,22,0,95.1,420,523,553,4500,900,15.5,Coupe,4,94500,
2022,BMW,i3,EV,7.2,93,0,118,28.6,153,170,184,3000,850,15.1,Hatchback,4,44500,
2022,BMW,i4,EV,4.8,118,0,109,30.9,301,335,317,4650,1100,16.6,Sedan,5,55900,
2022,BMW,i7,EV,4.5,149,0,92,36.6,318,536,549,5350,1200,18,Sedan,5,119300,
2022,BMW,iX,EV,4.6,124,0,86,39.2,324,516,564,5600,1300,77.9,SUV,5,83900,
2022,BMW,3 Series,PHV,5.6,140,75,0,27.9,520,288,310,4050,1100,17,Sedan,5,45500,
2022,BMW,i8,PHV,4.2,155,69,0,30.3,420,369,420,3500,900,5.4,Coupe,4,147500,
2022,BMW,5 Series,PHV,5.7,140,64,0,32.7,520,288,310,4300,1100,18.4,Sedan,5,56500,
2022,BMW,X3,PHV,6,135,60,0,34.9,520,288,310,4400,1200,28.7,SUV,5,48500,
2022,BMW,7 Series,PHV,5.1,155,56,0,37.4,520,389,443,4800,1100,18,Sedan,5,96500,
2022,BMW,X5,PHV,5.6,135,50,0,41.9,520,389,443,5200,1400,33.9,SUV,5,65500,
2022,BMW,3 Series,ICE,5.6,155,30,0,69.8,480,295,295,3650,1100,17,Sedan,5,41500,
2022,BMW,4 Series,ICE,5.3,155,29,0,72.2,460,382,369,3850,1000,15.5,Coupe,4,45500,
2022,BMW,X1,ICE,6.3,130,28,0,74.8,460,228,258,3800,1100,27.1,SUV,5,36500,
2022,BMW,X2,ICE,6.8,130,27,0,77.5,450,228,258,3850,1100,21.6,SUV,5,37500,
2022,BMW,5 Series,ICE,5.9,155,27,0,77.5,460,335,331,4000,1100,18.4,Sedan,5,54500,
2022,BMW,X3,ICE,6,155,26,0,80.5,450,382,369,4200,1200,28.7,SUV,5,43500,
2022,BMW,2 Series,ICE,5.8,155,26,0,80.5,450,255,295,3600,950,13.8,Coupe,4,39500,
2022,BMW,Z4,ICE,4.5,155,26,0,80.5,450,382,369,3450,900,9.9,Convertible,2,49500,
2022,BMW,X4,ICE,5.8,155,25,0,83.7,440,382,369,4300,1200,18.5,SUV,5,50500,
2022,BMW,7 Series,ICE,4.9,155,22,0,95.1,440,523,553,4700,1100,18,Sedan,5,86500,
2022,BMW,8 Series,ICE,4,155,22,0,95.1,420,523,553,4400,1000,12.4,Coupe,4,86500,
2022,BMW,X7,ICE,5.8,130,21,0,99.7,420,523,553,5400,1400,48.6,SUV,7,74500,
2022,BMW,X5,ICE,5.3,155,21,0,99.7,430,523,553,5000,1400,33.9,SUV,5,61500,
2022,BMW,X6,ICE,5.2,155,21,0,99.7,430,523,553,5100,1400,27.4,SUV,5,65500,
2021,BMW,i3,EV,7.3,93,0,118,28.6,153,170,184,2980,850,15.1,Hatchback,4,44500,
2021,BMW,3 Series,PHV,5.8,143,75,0,27.9,300,288,310,4100,900,17,Sedan,5,45500,
2021,BMW,i8,PHV,4.4,155,69,0,30.3,330,369,420,3450,700,5.5,Coupe,2,147500,
2021,BMW,5 Series,PHV,5.9,143,67,0,31.2,330,288,310,4550,950,18.4,Sedan,5,55500,
2021,BMW,7 Series,PHV,4.9,143,65,0,32.2,350,375,398,5050,1000,18.2,Sedan,5,95500,
2021,BMW,X3,PHV,6.1,135,60,0,34.9,460,288,310,4400,1100,28.7,SUV,5,45500,
2021,BMW,X5,PHV,4.7,143,58,0,36.1,440,394,443,5400,1200,33.9,SUV,5,65500,
2021,BMW,3 Series,ICE,5.6,155,30,0,69.8,460,255,295,3820,900,17,Sedan,5,41500,
2021,BMW,X1,ICE,6.5,130,29,0,72.2,430,228,258,3800,1050,27.1,SUV,5,35500,
2021,BMW,2 Series,ICE,4.9,155,29,0,72.2,430,322,332,3550,900,13.8,Coupe,4,36500,
2021,BMW,X2,ICE,6.3,130,28,0,74.8,420,228,258,3900,1000,25.3,SUV,5,36500,
2021,BMW,5 Series,ICE,5.3,155,28,0,74.8,480,335,332,4300,950,18.4,Sedan,5,53500,
2021,BMW,4 Series,ICE,4.8,155,28,0,74.8,440,335,369,3950,900,15.5,Coupe,4,45500,
2021,BMW,X3,ICE,5.9,155,27,0,77.5,450,248,258,4200,1100,28.7,SUV,5,42500,
2021,BMW,6 Series,ICE,5.9,155,27,0,77.5,470,335,332,4200,950,18,Sedan,5,69500,
2021,BMW,X4,ICE,5.3,155,26,0,80.5,440,382,398,4350,1050,18.5,SUV,5,50500,
2021,BMW,Z4,ICE,4.3,155,26,0,80.5,420,335,369,3510,700,9.9,Roadster,2,49500,
2021,BMW,7 Series,ICE,4.6,155,25,0,83.7,470,523,553,4950,1000,18.2,Sedan,5,86500,
2021,BMW,X5,ICE,4.8,155,23,0,91,450,456,479,5100,1200,33.9,SUV,5,60500,
2021,BMW,X6,ICE,4.5,155,23,0,91,440,523,553,5250,1150,27.4,SUV,5,65500,
2021,BMW,X7,ICE,4.7,155,22,0,95.1,430,523,553,5600,1350,48.6,SUV,7,74500,
2021,BMW,8 Series,ICE,3.9,155,22,0,95.1,420,523,553,4550,900,15.5,Coupe,4,85500,
2020,BMW,i3,EV,6.9,93,0,113,29.8,153,170,184,3000,900,15.1,Hatchback,4,45000,
2020,BMW,3 Series,PHV,5.9,130,75,0,27.9,360,288,310,4100,1100,13,Sedan,5,41000,
2020,BMW,i8,PHV,4.2,155,69,0,30.3,330,369,420,3450,600,4.4,Coupe,2,148000,
2020,BMW,5 Series,PHV,5.7,130,66,0,31.7,380,288,310,4200,1200,14,Sedan,5,52000,
2020,BMW,X3,PHV,6,130,60,0,34.9,340,288,310,4400,1400,28.7,SUV,5,46000,
2020,BMW,X5,PHV,5.3,130,58,0,36.1,360,389,443,5300,1500,33.9,SUV,5,66000,
2020,BMW,7 Series,PHV,5.1,130,56,0,37.4,400,389,443,4800,1300,18,Sedan,5,96000,
2020,BMW,X1,ICE,6.3,130,26,0,80.5,460,228,258,3600,1200,27.1,SUV,5,36000,
2020,BMW,3 Series,ICE,5.6,130,26,0,80.5,470,255,295,3600,1100,17,Sedan,5,41000,
2020,BMW,2 Series,ICE,5.6,130,26,0,80.5,460,248,258,3450,1000,13.8,Coupe,4,36000,
2020,BMW,Z4,ICE,4.5,155,26,0,80.5,460,382,369,3500,900,9.9,Roadster,2,50000,
2020,BMW,X3,ICE,6,130,25,0,83.7,450,248,258,4300,1400,28.7,SUV,5,43000,
2020,BMW,X2,ICE,6.5,130,25,0,83.7,450,228,258,3650,1200,21.6,SUV,5,38000,
2020,BMW,5 Series,ICE,5.7,130,25,0,83.7,470,248,258,4100,1200,18.7,Sedan,5,54000,
2020,BMW,4 Series,ICE,5.5,130,25,0,83.7,460,255,295,3700,1100,15.7,Coupe,4,45000,
2020,BMW,X4,ICE,5.8,130,24,0,87.2,440,248,258,4400,1400,18.5,SUV,5,51000,
2020,BMW,X5,ICE,5.3,130,22,0,95.1,430,335,330,5200,1500,33.9,SUV,5,61000,
2020,BMW,X6,ICE,5.2,130,22,0,95.1,430,335,330,5250,1500,27.4,SUV,5,65000,
2020,BMW,7 Series,ICE,4.6,130,22,0,95.1,440,445,479,4700,1300,18,Sedan,5,87000,
2020,BMW,6 Series,ICE,4.9,130,22,0,95.1,440,335,332,4200,1200,18,Sedan,5,70000,
2020,BMW,8 Series,ICE,4.1,155,21,0,99.7,430,523,553,4450,1100,12.4,Coupe,4,85000,
2020,BMW,X7,ICE,5.8,130,20,0,104.7,430,335,447,5600,1500,48.6,SUV,7,74000,
2019,BMW,i3,EV,6.9,99,0,113,29.8,153,170,184,3000,900,15.1,Hatchback,4,44500,
2019,BMW,3 Series,PHV,5.9,140,72,0,29.1,430,288,310,3900,1100,13,Sedan,5,45000,
2019,BMW,i8,PHV,4.2,155,69,0,30.3,420,369,420,3450,900,5,Coupe,2,147500,
2019,BMW,5 Series,PHV,6,140,66,0,31.7,430,288,310,4200,1200,14,Sedan,5,66000,
2019,BMW,X5,PHV,5.3,135,56,0,37.4,410,389,443,5100,1400,33.9,SUV,5,66000,
2019,BMW,7 Series,PHV,4.9,155,56,0,37.4,430,389,442,4800,1300,15,Sedan,5,96000,
2019,BMW,3 Series,ICE,5.6,130,30,0,69.8,450,255,295,3600,1100,17,Sedan,5,41000,
2019,BMW,5 Series,ICE,5.9,130,29,0,72.2,450,248,258,3900,1200,18.7,Sedan,5,53000,
2019,BMW,X1,ICE,6.3,130,28,0,74.8,430,228,258,3600,1100,27.1,SUV,5,35000,
2019,BMW,4 Series,ICE,5.8,130,28,0,74.8,440,248,258,3700,1100,15.7,Coupe,4,44000,
2019,BMW,2 Series,ICE,5.4,130,28,0,74.8,420,248,258,3450,1000,13.8,Coupe,4,35000,
2019,BMW,X3,ICE,5.9,130,27,0,77.5,430,248,258,4100,1300,28.7,SUV,5,43000,
2019,BMW,X2,ICE,6.4,130,27,0,77.5,430,228,258,3600,1100,21.6,SUV,5,36000,
2019,BMW,X4,ICE,5.8,130,26,0,80.5,420,248,258,4200,1300,18.5,SUV,5,51000,
2019,BMW,7 Series,ICE,4.5,155,26,0,80.5,440,335,332,4600,1300,18.2,Sedan,5,86000,
2019,BMW,Z4,ICE,4.4,155,26,0,80.5,440,382,369,3400,900,9.9,Roadster,2,50000,
2019,BMW,6 Series,ICE,4.8,155,25,0,83.7,430,335,332,4300,1200,18.6,Sedan,5,70000,
2019,BMW,X5,ICE,5.3,130,23,0,91,420,335,330,4800,1400,72.3,SUV,5,61000,
2019,BMW,X7,ICE,5.8,130,22,0,95.1,420,335,330,5200,1400,48.6,SUV,7,74000,
2019,BMW,X6,ICE,5.2,130,22,0,95.1,420,335,330,5000,1400,59.6,SUV,5,65000,
2019,BMW,8 Series,ICE,3.7,155,22,0,95.1,420,523,553,4500,1200,15.3,Coupe,4,111000,
2018,BMW,i3,EV,7.2,93,0,118,28.6,153,170,184,3000,900,15.1,Hatchback,4,45000,
2018,BMW,3 Series,PHV,5.9,140,72,0,29.1,410,248,310,3800,1100,13,Sedan,5,39000,
2018,BMW,i8,PHV,4.2,155,69,0,30.3,330,369,420,3500,900,4.4,Coupe,2,147000,
2018,BMW,5 Series,PHV,6.2,140,66,0,31.7,410,248,310,4100,1200,18.7,Sedan,5,55000,
2018,BMW,7 Series,PHV,5.1,155,58,0,36.1,380,322,369,4700,1300,18.2,Sedan,5,96000,
2018,BMW,X5,PHV,5.6,130,56,0,37.4,400,308,332,5000,1400,72.3,SUV,5,67000,
2018,BMW,3 Series,ICE,5.6,130,30,0,69.8,480,248,258,3400,1100,17,Sedan,5,35000,
2018,BMW,5 Series,ICE,5.7,130,29,0,72.2,470,248,258,3800,1200,18.7,Sedan,5,52000,
2018,BMW,4 Series,ICE,5.4,130,28,0,74.8,450,248,258,3500,1100,15.7,Coupe,4,43000,
2018,BMW,2 Series,ICE,6.1,130,28,0,74.8,450,248,258,3300,1000,13.8,Coupe,4,35000,
2018,BMW,X3,ICE,6,130,27,0,77.5,450,248,258,4100,1300,28.7,SUV,5,42000,
2018,BMW,X1,ICE,6.3,130,27,0,77.5,440,228,258,3600,1200,58.7,SUV,5,34000,
2018,BMW,X2,ICE,6.4,130,27,0,77.5,440,228,258,3600,1200,50.1,SUV,5,36000,
2018,BMW,Z4,ICE,5.2,155,26,0,80.5,430,255,295,3300,1000,9.9,Roadster,2,50000,
2018,BMW,X4,ICE,5.8,130,25,0,83.7,430,248,258,4200,1300,18.5,SUV,5,50000,
2018,BMW,7 Series,ICE,4.9,155,25,0,83.7,440,320,330,4400,1300,18.2,Sedan,5,85000,
2018,BMW,6 Series,ICE,4.8,155,24,0,87.2,430,315,332,4100,1200,18.6,Coupe,4,77000,
2018,BMW,8 Series,ICE,4.7,155,24,0,87.2,430,335,369,4300,1200,15.5,Coupe,4,84000,
2018,BMW,X5,ICE,5.3,130,23,0,91,420,300,300,4700,1400,72.3,SUV,5,58000,
2018,BMW,X6,ICE,5.2,130,22,0,95.1,410,300,300,4800,1400,59.6,SUV,5,63000,
2017,BMW,i3,EV,7.2,93,0,124,27.2,114,170,184,3000,900,15.1,Hatchback,4,43000,
2017,BMW,i8,PHV,4.2,155,76,0,27.5,420,369,420,3600,900,4.4,Coupe,2,143000,
2017,BMW,3 Series,PHV,6,140,72,0,29.1,430,248,310,3900,1200,13,Sedan,5,41000,
2017,BMW,5 Series,PHV,5.7,140,68,0,30.8,440,322,369,4300,1300,18.7,Sedan,5,62000,
2017,BMW,7 Series,PHV,5.1,140,64,0,32.7,430,322,369,4800,1400,18,Sedan,5,95000,
2017,BMW,X5,PHV,5.6,140,56,0,37.4,430,308,332,5200,1500,76.7,SUV,5,65000,
2017,BMW,3 Series,ICE,5.5,130,28,0,74.8,460,248,258,3400,1200,13,Sedan,5,36000,
2017,BMW,2 Series,ICE,5.3,155,28,0,74.8,460,248,258,3300,1100,13.8,Coupe,4,35000,
2017,BMW,5 Series,ICE,6,130,27,0,77.5,460,248,258,3800,1300,18.7,Sedan,5,51000,
2017,BMW,4 Series,ICE,5.6,155,27,0,77.5,450,248,258,3500,1200,15.7,Coupe,4,42000,
2017,BMW,X1,ICE,6.3,130,26,0,80.5,450,228,258,3600,1300,58.7,SUV,5,34000,
2017,BMW,Z4,ICE,5,155,26,0,80.5,440,300,300,3300,1100,9,Roadster,2,49000,
2017,BMW,X4,ICE,6.4,130,25,0,83.7,440,248,258,4100,1400,18.5,SUV,5,48000,
2017,BMW,X3,ICE,6.8,130,25,0,83.7,440,248,258,4000,1400,28.7,SUV,5,42000,
2017,BMW,7 Series,ICE,5.2,130,25,0,83.7,450,320,330,4400,1400,18,Sedan,5,83000,
2017,BMW,6 Series,ICE,4.8,155,23,0,91,420,315,330,4200,1300,16.2,Coupe,4,77000,
2017,BMW,X5,ICE,6.1,130,22,0,95.1,420,300,300,4700,1500,76.7,SUV,5,56000,
2017,BMW,X6,ICE,5.8,130,21,0,99.7,410,300,300,4800,1500,59.6,SUV,5,62000,
2016,BMW,i3,EV,7.2,93,0,124,27.2,114,170,184,2900,1000,15.1,Hatchback,4,43000,
2016,BMW,i8,PHV,4.2,155,76,0,27.5,500,357,420,3400,1000,5.4,Coupe,4,143000,
2016,BMW,3 Series,PHV,5.9,140,72,0,29.1,520,248,310,3600,1200,13,Sedan,5,45000,
2016,BMW,7 Series,PHV,5.1,155,58,0,36.1,520,322,369,4700,1400,18,Sedan,5,96000,
2016,BMW,X5,PHV,6.5,130,56,0,37.4,520,308,332,5000,1500,76.7,SUV,5,64000,
2016,BMW,5 Series,HV,6,155,30,0,69.8,480,335,330,3800,1300,18.7,Sedan,5,62000,
2016,BMW,7 Series,HV,5.3,155,30,0,69.8,480,354,369,4600,1400,18,Sedan,5,95000,
2016,BMW,3 Series,ICE,6.1,155,30,0,69.8,470,240,255,3400,1200,13,Sedan,5,34000,
2016,BMW,4 Series,ICE,6,155,28,0,74.8,450,240,255,3500,1200,15.7,Coupe,4,42000,
2016,BMW,2 Series,ICE,6.2,155,28,0,74.8,450,240,255,3300,1200,13.8,Coupe,4,33000,
2016,BMW,Z4,ICE,5.1,155,28,0,74.8,450,300,300,3300,1100,10.2,Convertible,2,49000,
2016,BMW,5 Series,ICE,6.1,155,27,0,77.5,450,300,300,3700,1300,18.7,Sedan,5,52000,
2016,BMW,X1,ICE,6.5,130,26,0,80.5,440,228,258,3600,1300,58.7,SUV,5,35000,
2016,BMW,X3,ICE,6,130,25,0,83.7,430,300,300,4100,1400,28.7,SUV,5,42000,
2016,BMW,7 Series,ICE,5.2,155,25,0,83.7,430,445,480,4500,1400,18,Sedan,5,82000,
2016,BMW,X5,ICE,5.9,130,24,0,87.2,420,300,300,4800,1500,76.7,SUV,5,57000,
2016,BMW,X4,ICE,6.1,130,24,0,87.2,420,300,300,4200,1400,18.5,SUV,5,48000,
2016,BMW,6 Series,ICE,4.9,155,23,0,91,430,445,480,4100,1300,13,Coupe,4,76000,
2016,BMW,X6,ICE,4.9,155,22,0,95.1,410,445,480,5000,1500,59.6,SUV,5,68000,
2015,BMW,i3,EV,7.2,93,0,124,27.2,81,170,184,2700,1100,15.1,Hatchback,4,43000,
2015,BMW,i8,PHV,4.2,155,76,0,27.5,330,357,420,3450,1100,5,Coupe,4,137000,
2015,BMW,X5,PHV,6.5,130,56,0,37.4,500,308,332,5000,1500,76.7,SUV,5,67000,
2015,BMW,3 Series,HV,5.9,155,36,0,58.1,520,335,330,3800,1200,13,Sedan,5,43000,
2015,BMW,3 Series,HV,5.9,155,36,0,58.1,520,335,330,3800,1200,13,Sedan,5,43000,
2015,BMW,5 Series,HV,6.1,155,30,0,69.8,500,335,330,4100,1300,14,Sedan,5,62000,
2015,BMW,3 Series,ICE,5.7,155,30,0,69.8,470,240,255,3600,1200,13,Sedan,5,35000,
2015,BMW,3 Series,ICE,5.7,155,30,0,69.8,470,240,255,3600,1200,13,Sedan,5,35000,
2015,BMW,7 Series,HV,5.6,155,29,0,72.2,490,354,369,4600,1400,18.2,Sedan,5,90000,
2015,BMW,4 Series,ICE,5.6,155,29,0,72.2,460,240,255,3700,1200,15.7,Coupe,4,42000,
2015,BMW,2 Series,ICE,5.3,155,28,0,74.8,460,240,255,3400,1200,13.8,Coupe,4,34000,
2015,BMW,Z4,ICE,5.5,155,28,0,74.8,460,240,255,3300,1100,9,Roadster,2,50000,
2015,BMW,X3,ICE,6.2,130,26,0,80.5,440,240,260,4000,1400,28.7,SUV,5,39000,
2015,BMW,X1,ICE,6.6,130,26,0,80.5,440,240,260,3800,1300,58.7,SUV,5,35000,
2015,BMW,5 Series,ICE,5.8,155,26,0,80.5,450,300,300,4000,1300,14,Sedan,5,50000,
2015,BMW,X4,ICE,5.8,130,25,0,83.7,430,300,300,4100,1400,18.5,SUV,5,45000,
2015,BMW,7 Series,ICE,5.3,155,25,0,83.7,440,315,330,4500,1400,18.2,Sedan,5,74000,
2015,BMW,X5,ICE,6,130,24,0,87.2,430,300,300,4800,1500,76.7,SUV,5,56000,
2015,BMW,6 Series,ICE,4.9,155,24,0,87.2,430,315,330,4200,1300,16.2,Coupe,4,76000,
2015,BMW,X6,ICE,5.8,130,23,0,91,420,300,300,5000,1500,59.6,SUV,5,62000,
2022,Buick,Regal,ICE,6.6,130,24,0,87.2,450,250,295,3600,1000,31.5,Wagon,5,30500,
2021,Buick,Regal,ICE,6.8,135,24,0,87.2,460,250,295,3600,1100,14.2,Sedan,5,28000,
2020,Buick,Regal,ICE,6.1,130,24,0,87.2,460,310,282,3900,1100,14.2,Sedan,5,37000,
2019,Buick,Regal,ICE,6.6,130,24,0,87.2,430,250,295,3700,1100,31.5,Wagon,5,37000,
2018,Buick,Regal,ICE,6.1,130,26,0,80.5,450,250,260,3700,1100,31.5,Hatchback,5,33000,
2017,Buick,Regal,HV,8,130,30,0,69.8,460,182,199,3600,1200,14.2,Sedan,5,30000,
2017,Buick,Regal,ICE,7.1,130,24,0,87.2,430,259,295,3700,1200,14.2,Sedan,5,29000,
2016,Buick,Regal,HV,6.8,135,30,0,69.8,460,259,295,3700,1300,14.2,Sedan,5,33000,
2016,Buick,Regal,ICE,6.7,135,27,0,77.5,440,259,295,3600,1300,14.2,Sedan,5,31000,
2015,Buick,Regal,HV,7.6,130,30,0,69.8,480,182,172,3600,1100,14.2,Sedan,5,31000,
2015,Buick,Regal,ICE,6.8,130,26,0,80.5,450,259,295,3700,1100,14.2,Sedan,5,30000,
2025,Cadillac,Optiq,EV,5.5,125,0,108,31.2,300,300,354,5100,1200,26,SUV,5,54500,
2025,Cadillac,Lyriq,EV,4.8,130,0,104,32.4,312,500,450,5600,1300,28,SUV,5,60500,
2025,Cadillac,Vistiq,EV,5,125,0,98,34.4,300,500,450,6500,1500,43,SUV,7,78500,
2025,Cadillac,Escalade,EV,4.9,130,0,85,39.6,450,680,615,8200,1600,72.9,SUV,7,129000,
2025,Cadillac,XT4,ICE,7,130,26,0,80.5,450,235,258,3800,1100,22.5,SUV,5,37500,
2025,Cadillac,CT4,ICE,5.9,149,26,0,80.5,450,309,348,3600,950,10.7,Sedan,5,37500,
2025,Cadillac,CT5,ICE,5.4,155,25,0,83.7,460,335,405,3850,1000,11.9,Sedan,5,44500,
2025,Cadillac,XT5,ICE,6.6,130,23,0,91,430,310,271,4200,1200,30,SUV,5,44500,
2025,Cadillac,XT6,ICE,6.9,130,21,0,99.7,420,310,271,4500,1300,43.1,SUV,7,48500,
2025,Cadillac,Escalade,ICE,6,125,16,0,130.8,390,420,460,6000,1500,72.9,SUV,7,82500,
2024,Cadillac,Lyriq,EV,4.9,130,0,104,32.4,312,500,450,5550,1300,28,SUV,5,59500,
2024,Cadillac,Escalade,EV,5,130,0,85,39.6,450,680,615,8150,1600,72.9,SUV,7,127000,
2024,Cadillac,XT4,ICE,7.1,130,26,0,80.5,450,235,258,3750,1100,22.5,SUV,5,36500,
2024,Cadillac,CT4,ICE,6,149,26,0,80.5,450,309,348,3550,950,10.7,Sedan,5,36500,
2024,Cadillac,CT5,ICE,5.5,155,25,0,83.7,460,335,405,3800,1000,11.9,Sedan,5,43500,
2024,Cadillac,XT5,ICE,6.7,130,23,0,91,430,310,271,4150,1200,30,SUV,5,43500,
2024,Cadillac,XT6,ICE,7,130,21,0,99.7,420,310,271,4450,1300,43.1,SUV,7,47500,
2024,Cadillac,Escalade,ICE,6.1,125,16,0,130.8,390,420,460,5950,1500,72.9,SUV,7,81500,
2023,Cadillac,Lyriq,EV,4.9,130,0,102,33,312,500,450,5550,1300,28,SUV,5,59500,
2023,Cadillac,XT4,ICE,7.1,130,26,0,80.5,450,235,258,3750,1100,22.5,SUV,5,36500,
2023,Cadillac,CT4,ICE,6,149,26,0,80.5,450,309,348,3550,950,10.7,Sedan,5,36500,
2023,Cadillac,CT5,ICE,5.5,155,25,0,83.7,460,335,405,3800,1000,11.9,Sedan,5,43500,
2023,Cadillac,XT5,ICE,6.7,130,23,0,91,430,310,271,4150,1200,30,SUV,5,43500,
2023,Cadillac,XT6,ICE,7,130,21,0,99.7,420,310,271,4450,1300,43.1,SUV,7,47500,
2023,Cadillac,Escalade,ICE,6.1,125,16,0,130.8,390,420,460,5950,1500,72.9,SUV,7,80500,
2022,Cadillac,Lyriq,EV,4.8,118,0,97,34.7,312,340,325,5600,1200,28,SUV,5,62995,
2022,Cadillac,XT4,ICE,7.5,120,26,0,80.5,450,235,258,3900,1100,22.5,SUV,5,35500,
2022,Cadillac,CT4,ICE,5.8,155,26,0,80.5,460,310,350,3550,950,10.7,Sedan,5,33500,
2022,Cadillac,XT5,ICE,7.3,120,25,0,83.7,450,310,271,4250,1200,30,SUV,5,45500,
2022,Cadillac,CT5,ICE,5.9,155,25,0,83.7,450,335,405,3700,1000,11.9,Sedan,5,37500,
2022,Cadillac,XT6,ICE,7.5,120,24,0,87.2,440,310,271,4700,1400,43.1,SUV,7,48500,
2022,Cadillac,CT6,ICE,5.4,155,22,0,95.1,440,404,400,4100,1100,15.3,Sedan,5,58500,
2022,Cadillac,Escalade,ICE,6.5,120,16,0,130.8,410,420,460,5900,1500,72.9,SUV,7,76500,
2021,Cadillac,XT4,ICE,7.2,130,26,0,80.5,430,237,258,3600,1100,22.5,SUV,5,35500,
2021,Cadillac,CT4,ICE,5.8,150,26,0,80.5,440,237,258,3350,950,10.7,Sedan,5,34000,
2021,Cadillac,CT5,ICE,6.6,145,25,0,83.7,430,237,258,3600,1000,11.9,Sedan,5,37500,
2021,Cadillac,ATS,ICE,5.7,145,25,0,83.7,430,272,295,3400,950,10.4,Sedan,5,33000,
2021,Cadillac,CTS,ICE,5.9,150,25,0,83.7,430,268,295,3650,1000,13.7,Sedan,5,47000,
2021,Cadillac,XTS,ICE,6.7,130,22,0,95.1,420,304,264,3950,1050,18,Sedan,5,48000,
2021,Cadillac,CT6,ICE,6.1,150,22,0,95.1,420,335,284,4000,1050,15.8,Sedan,5,55000,
2021,Cadillac,XT6,ICE,6.9,130,21,0,99.7,400,310,271,4400,1300,43.1,SUV,7,47000,
2021,Cadillac,XT5,ICE,6.9,130,21,0,99.7,400,310,271,4100,1200,30,SUV,5,44000,
2021,Cadillac,Escalade,ICE,5.9,112,16,0,130.8,420,420,460,5700,1700,72.9,SUV,7,77000,
2020,Cadillac,CT6,PHV,5.5,130,65,0,32.2,520,335,432,4300,1300,15.3,Sedan,5,76000,
2020,Cadillac,XT4,ICE,7,120,26,0,80.5,470,237,258,3800,1200,22.5,SUV,5,36000,
2020,Cadillac,CT4,ICE,6.2,130,24,0,87.2,460,275,295,3450,1100,10.7,Sedan,5,34000,
2020,Cadillac,ATS,ICE,6.1,130,24,0,87.2,450,272,295,3600,1100,10.4,Sedan,5,38000,
2020,Cadillac,XT5,ICE,7.2,120,23,0,91,440,310,271,4200,1400,30,SUV,5,42000,
2020,Cadillac,XTS,ICE,6.8,130,23,0,91,440,304,264,4100,1200,18,Sedan,5,46000,
2020,Cadillac,CTS,ICE,6.3,130,23,0,91,440,268,295,3850,1200,13.7,Sedan,5,47000,
2020,Cadillac,CT5,ICE,6,130,23,0,91,450,310,335,3700,1200,11.9,Sedan,5,38000,
2020,Cadillac,CT6,ICE,5.9,130,22,0,95.1,440,335,369,4100,1300,15.3,Sedan,5,58000,
2020,Cadillac,XT6,ICE,6.9,120,21,0,99.7,430,310,271,4600,1500,43.1,SUV,7,48000,
2020,Cadillac,Escalade,ICE,6.1,115,16,0,130.8,420,420,460,5800,1700,72.9,SUV,7,76000,
2019,Cadillac,CT6,PHV,5.6,155,69,0,30.3,430,335,432,4300,1200,15.8,Sedan,5,69000,
2019,Cadillac,ATS,ICE,5.7,145,27,0,77.5,440,272,295,3500,1100,10.4,Sedan,5,36000,
2019,Cadillac,XT4,ICE,7.2,130,26,0,80.5,430,237,258,3800,1200,22.5,SUV,5,35000,
2019,Cadillac,CT5,ICE,6.6,130,26,0,80.5,430,237,258,3600,1100,11.9,Sedan,5,37000,
2019,Cadillac,CTS,ICE,5.7,145,26,0,80.5,430,268,295,3800,1100,13.7,Sedan,5,46000,
2019,Cadillac,CT6,ICE,5.9,155,25,0,83.7,430,335,369,4100,1200,15.8,Sedan,5,58000,
2019,Cadillac,XT5,ICE,6.9,130,22,0,95.1,420,310,271,4100,1300,30,SUV,5,41000,
2019,Cadillac,XTS,ICE,6.8,130,22,0,95.1,420,304,264,4200,1200,18,Sedan,5,47000,
2019,Cadillac,XT6,ICE,6.9,130,21,0,99.7,420,310,271,4500,1400,43.1,SUV,7,52000,
2019,Cadillac,Escalade,ICE,5.8,130,17,0,123.1,420,420,460,5800,1600,72.9,SUV,7,76000,
2018,Cadillac,CT6,PHV,5,130,56,0,37.4,410,335,432,4300,1200,15.8,Sedan,5,76000,
2018,Cadillac,ELR,PHV,7.8,100,37,0,56.6,340,207,295,4200,1000,10.5,Coupe,4,76000,
2018,Cadillac,XT4,ICE,7.5,130,25,0,83.7,440,237,258,3800,1200,22.5,SUV,5,36000,
2018,Cadillac,CT6,ICE,5.6,130,25,0,83.7,430,335,284,4000,1200,15.8,Sedan,5,54000,
2018,Cadillac,ATS,ICE,5.7,135,25,0,83.7,440,272,295,3500,1100,10.4,Sedan,5,35000,
2018,Cadillac,CTS,ICE,5.3,135,24,0,87.2,430,268,295,3800,1200,13.7,Sedan,5,47000,
2018,Cadillac,XT5,ICE,6.9,130,23,0,91,420,310,271,4100,1300,30,SUV,5,41000,
2018,Cadillac,XTS,ICE,6.7,130,23,0,91,420,304,264,4200,1200,18,Sedan,5,47000,
2018,Cadillac,SRX,ICE,7.6,130,22,0,95.1,410,308,265,4300,1300,29.8,SUV,5,38000,
2018,Cadillac,Escalade,ICE,5.8,130,17,0,123.1,380,420,460,5600,1500,72.9,SUV,7,76000,
2017,Cadillac,ELR,PHV,7.8,106,84,0,24.9,340,207,295,4200,1200,10.5,Coupe,4,76000,
2017,Cadillac,CT6,PHV,5.4,150,60,0,34.9,430,335,432,4500,1400,15.8,Sedan,5,75000,
2017,Cadillac,ATS,ICE,5.7,155,24,0,87.2,420,272,295,3500,1200,10.4,Sedan,5,35000,
2017,Cadillac,XTS,ICE,6.7,130,23,0,91,420,304,264,4100,1400,18,Sedan,5,46000,
2017,Cadillac,CTS,ICE,6.3,150,23,0,91,420,268,295,3800,1300,13.7,Sedan,5,46000,
2017,Cadillac,CT6,ICE,5.7,155,22,0,95.1,410,335,284,4100,1400,15.8,Sedan,5,54000,
2017,Cadillac,XT5,ICE,7.5,130,21,0,99.7,410,310,271,4300,1500,30,SUV,5,39000,
2017,Cadillac,SRX,ICE,7.6,130,20,0,104.7,400,308,265,4400,1500,29.8,SUV,5,38000,
2017,Cadillac,Escalade,ICE,6.1,130,17,0,123.1,380,420,460,5800,1600,72.9,SUV,7,74000,
2016,Cadillac,ELR,PHV,4.6,130,82,0,25.5,450,295,400,4100,1200,10.5,Coupe,4,76000,
2016,Cadillac,CT6,ICE,5.9,155,27,0,77.5,440,265,284,4000,1400,15.3,Sedan,5,54000,
2016,Cadillac,ATS,ICE,5.7,155,26,0,80.5,430,272,295,3400,1200,10.4,Sedan,5,38000,
2016,Cadillac,CTS,ICE,5.6,155,25,0,83.7,420,321,275,3900,1400,13.7,Sedan,5,46000,
2016,Cadillac,XTS,ICE,6.7,130,24,0,87.2,420,304,264,4100,1400,18,Sedan,5,45000,
2016,Cadillac,XT5,ICE,7.1,130,22,0,95.1,400,310,271,4200,1500,30,SUV,5,39000,
2016,Cadillac,SRX,ICE,7.5,120,21,0,99.7,390,308,265,4400,1500,29.8,SUV,5,38000,
2016,Cadillac,Escalade,ICE,6.2,130,17,0,123.1,360,420,460,5700,1700,72.9,SUV,7,73000,
2015,Cadillac,ELR,PHV,7.8,106,62,0,33.8,340,217,295,4100,1100,10.5,Coupe,4,76000,
2015,Cadillac,ATS,ICE,5.7,155,26,0,80.5,450,272,295,3500,1200,10.4,Sedan,5,38000,
2015,Cadillac,CTS,ICE,6.1,155,25,0,83.7,440,321,275,3900,1300,13.7,Sedan,5,46000,
2015,Cadillac,XTS,ICE,6.8,130,22,0,95.1,430,304,264,4100,1300,18,Sedan,5,45000,
2015,Cadillac,Escalade,HV,6.3,112,21,0,99.7,470,355,383,5700,1600,72.9,SUV,7,73000,
2015,Cadillac,Escalade,ICE,6.3,112,20,0,104.7,450,420,460,5900,1600,72.9,SUV,7,72000,
2015,Cadillac,SRX,ICE,7.6,112,20,0,104.7,420,308,265,4300,1500,29.8,SUV,5,38000,
2025,Chevrolet,Bolt,EV,6.4,93,0,120,28.1,259,200,266,3600,1000,16.6,Hatchback,5,28500,
2025,Chevrolet,Bolt EUV,EV,7,93,0,115,29.3,247,200,266,3850,1000,16.3,SUV,5,31500,
2025,Chevrolet,Equinox,EV,6,115,0,110,30.6,300,290,346,4800,1200,40,SUV,5,34500,
2025,Chevrolet,Blazer,EV,4.7,118,0,102,33,320,365,390,5200,1300,40,SUV,5,56500,
2025,Chevrolet,BrightDrop 400,EV,9.8,75,0,90,37.4,250,300,390,8000,3400,412,Van,2,74500,
2025,Chevrolet,BrightDrop 600,EV,10.2,75,0,85,39.6,272,300,390,9000,3800,614,Van,2,82500,
2025,Chevrolet,Silverado,EV,4.6,120,0,66,51.1,390,580,780,8500,1800,120,Pickup,5,74500,
2025,Chevrolet,Malibu,ICE,7.8,130,31,0,67.5,480,160,184,3200,1000,15.7,Sedan,5,26500,
2025,Chevrolet,Trax (Tracker),ICE,8.5,115,30,0,69.8,460,137,162,3050,1000,25.6,SUV,5,23500,
2025,Chevrolet,Trailblazer,ICE,8.1,120,30,0,69.8,470,155,174,3300,1000,25.3,SUV,5,25500,
2025,Chevrolet,Equinox,ICE,7.6,120,28,0,74.8,450,175,203,3600,1100,40,SUV,5,29500,
2025,Chevrolet,Blazer,ICE,6.4,130,24,0,87.2,430,308,270,4200,1200,40,SUV,5,36500,
2025,Chevrolet,Traverse,ICE,6.9,120,23,0,91,440,310,266,4400,1400,40,SUV,7,36500,
2025,Chevrolet,Camaro,ICE,4.9,155,22,0,95.1,420,335,390,3750,950,9.1,Coupe,4,38500,
2025,Chevrolet,Colorado,ICE,7.1,115,20,0,104.7,430,310,430,4450,1550,41.9,Pickup,5,33500,
2025,Chevrolet,Corvette,HV,2.9,183,20,0,104.7,420,655,637,3900,800,12,Coupe,2,105000,
2025,Chevrolet,Silverado,ICE,6.2,115,19,0,110.2,430,420,460,5600,2000,71.7,Pickup,5,43500,
2025,Chevrolet,Corvette,ICE,3.1,194,19,0,110.2,410,495,470,3650,800,12,Coupe,2,75500,
2025,Chevrolet,C/K Suburban,ICE,6.5,120,17,0,123.1,420,420,460,6100,1500,40,SUV,8,61500,
2025,Chevrolet,Tahoe,ICE,6.4,120,17,0,123.1,410,420,460,5900,1500,40,SUV,8,58500,
2025,Chevrolet,Express,ICE,9.5,100,14,0,149.5,350,341,373,5200,4100,313.9,Van,2,39500,
2024,Chevrolet,Bolt,EV,6.5,93,0,120,28.1,259,200,266,3550,1000,16.6,Hatchback,5,27500,
2024,Chevrolet,Bolt EUV,EV,7.1,93,0,115,29.3,247,200,266,3800,1000,16.3,SUV,5,30500,
2024,Chevrolet,Equinox,EV,6.1,115,0,110,30.6,300,290,346,4750,1200,40,SUV,5,33500,
2024,Chevrolet,Blazer,EV,4.8,118,0,102,33,320,365,390,5150,1300,40,SUV,5,55500,
2024,Chevrolet,Silverado,EV,4.7,120,0,66,51.1,390,580,780,8450,1800,120,Pickup,5,73500,
2024,Chevrolet,Malibu,ICE,7.9,130,31,0,67.5,480,160,184,3150,1000,15.7,Sedan,5,25500,
2024,Chevrolet,Trax (Tracker),ICE,8.6,115,30,0,69.8,460,137,162,3000,1000,25.6,SUV,5,22500,
2024,Chevrolet,Trailblazer,ICE,8.2,120,30,0,69.8,470,155,174,3250,1000,25.3,SUV,5,24500,
2024,Chevrolet,Equinox,ICE,7.7,120,28,0,74.8,450,175,203,3550,1100,40,SUV,5,28500,
2024,Chevrolet,Blazer,ICE,6.5,130,24,0,87.2,430,308,270,4150,1200,40,SUV,5,35500,
2024,Chevrolet,Traverse,ICE,7,120,23,0,91,440,310,266,4350,1400,40,SUV,7,35500,
2024,Chevrolet,Camaro,ICE,5,155,22,0,95.1,420,335,390,3700,950,9.1,Coupe,4,37500,
2024,Chevrolet,Colorado,ICE,7.2,115,20,0,104.7,430,310,430,4400,1550,41.9,Pickup,5,32500,
2024,Chevrolet,Corvette,HV,3,183,20,0,104.7,420,655,637,3850,800,12,Coupe,2,103000,
2024,Chevrolet,Silverado,ICE,6.3,115,19,0,110.2,430,420,460,5550,2000,71.7,Pickup,5,42500,
2024,Chevrolet,Corvette,ICE,3.2,194,19,0,110.2,410,495,470,3600,800,12,Coupe,2,74500,
2024,Chevrolet,C/K Suburban,ICE,6.6,120,17,0,123.1,420,420,460,6050,1500,40,SUV,8,60500,
2024,Chevrolet,Tahoe,ICE,6.5,120,17,0,123.1,410,420,460,5850,1500,40,SUV,8,57500,
2024,Chevrolet,Express,ICE,9.6,100,14,0,149.5,350,341,373,5150,4100,313.9,Van,2,38500,
2023,Chevrolet,Bolt,EV,6.5,93,0,118,28.6,259,200,266,3550,1000,16.6,Hatchback,5,26500,
2023,Chevrolet,Bolt EUV,EV,7.1,93,0,115,29.3,247,200,266,3800,1000,16.3,SUV,5,30500,
2023,Chevrolet,Blazer,EV,4.8,118,0,100,33.7,320,365,390,5150,1300,40,SUV,5,55500,
2023,Chevrolet,Silverado,EV,4.7,120,0,66,51.1,390,580,780,8400,1800,120,Pickup,5,72500,
2023,Chevrolet,Spark,ICE,9.2,102,33,0,63.4,400,98,94,2250,850,11.1,Hatchback,4,15500,
2023,Chevrolet,Malibu,ICE,7.9,130,31,0,67.5,480,160,184,3150,1000,15.7,Sedan,5,25500,
2023,Chevrolet,Trax (Tracker),ICE,8.6,115,30,0,69.8,460,137,162,3000,1000,25.6,SUV,5,22500,
2023,Chevrolet,Trailblazer,ICE,8.2,120,30,0,69.8,470,155,174,3250,1000,25.3,SUV,5,24500,
2023,Chevrolet,Equinox,ICE,7.7,120,28,0,74.8,450,175,203,3550,1100,40,SUV,5,28500,
2023,Chevrolet,Blazer,ICE,6.5,130,24,0,87.2,430,308,270,4150,1200,40,SUV,5,35500,
2023,Chevrolet,Traverse,ICE,7,120,23,0,91,440,310,266,4350,1400,40,SUV,7,35500,
2023,Chevrolet,Camaro,ICE,5,155,22,0,95.1,420,335,390,3700,950,9.1,Coupe,4,37500,
2023,Chevrolet,Colorado,ICE,7.2,115,20,0,104.7,430,310,430,4400,1550,41.9,Pickup,5,32500,
2023,Chevrolet,Silverado,ICE,6.3,115,19,0,110.2,430,420,460,5550,2000,71.7,Pickup,5,42500,
2023,Chevrolet,Corvette,ICE,3.2,194,19,0,110.2,410,495,470,3600,800,12,Coupe,2,74500,
2023,Chevrolet,C/K Suburban,ICE,6.6,120,17,0,123.1,420,420,460,6050,1500,40,SUV,8,60500,
2023,Chevrolet,Tahoe,ICE,6.5,120,17,0,123.1,410,420,460,5850,1500,40,SUV,8,57500,
2023,Chevrolet,Express,ICE,9.6,100,14,0,149.5,350,341,373,5150,4100,313.9,Van,2,38500,
2022,Chevrolet,Bolt,EV,6.5,91,0,118,28.6,259,200,266,3600,900,16.9,Hatchback,5,31995,
2022,Chevrolet,Bolt EUV,EV,6.8,93,0,115,29.3,247,200,266,3800,900,16.3,SUV,5,33995,
2022,Chevrolet,Spark,ICE,10,105,33,0,63.4,450,98,94,2300,850,11.1,Hatchback,4,14500,
2022,Chevrolet,Malibu,ICE,8,120,31,0,67.5,480,160,184,3150,1000,15.7,Sedan,5,23500,
2022,Chevrolet,Sonic,ICE,8.5,120,30,0,69.8,460,138,148,2800,900,14.7,Sedan,5,18500,
2022,Chevrolet,Trailblazer,ICE,8.5,120,29,0,72.2,460,155,174,3300,1000,40,SUV,5,23500,
2022,Chevrolet,Equinox,ICE,8.4,120,28,0,74.8,460,170,203,3500,1100,40,SUV,5,26500,
2022,Chevrolet,Trax (Tracker),ICE,8.6,115,26,0,80.5,430,138,148,3300,1000,18.7,SUV,5,21500,
2022,Chevrolet,Impala,ICE,6.8,130,25,0,83.7,460,305,264,3900,1100,16,Sedan,5,31500,
2022,Chevrolet,Blazer,ICE,7.1,130,24,0,87.2,440,308,270,4100,1200,40,SUV,5,33500,
2022,Chevrolet,Camaro,ICE,5.2,155,22,0,95.1,430,335,284,3650,1000,9.1,Coupe,4,27500,
2022,Chevrolet,Traverse,ICE,7.2,120,21,0,99.7,430,310,266,4500,1400,40,SUV,7,34500,
2022,Chevrolet,Colorado,ICE,7.5,115,20,0,104.7,430,308,369,4300,1500,41.4,Pickup,5,26500,
2022,Chevrolet,Silverado,ICE,6.4,115,19,0,110.2,430,420,460,5500,2000,71.7,Pickup,5,35500,
2022,Chevrolet,Corvette,ICE,3.2,194,19,0,110.2,390,495,470,3600,950,12,Coupe,2,61000,
2022,Chevrolet,C/K Suburban,ICE,6.7,120,18,0,116.3,420,420,460,5800,1500,40,SUV,7,54500,
2022,Chevrolet,Tahoe,ICE,6.5,120,18,0,116.3,420,420,460,5600,1500,40,SUV,7,52500,
2022,Chevrolet,Express,ICE,9.6,100,14,0,149.5,350,341,373,5400,4100,313.9,Van,2,34500,
2021,Chevrolet,Bolt,EV,6.5,93,0,118,28.6,259,200,266,3560,1000,16.9,Hatchback,5,36500,
2021,Chevrolet,Bolt EUV,EV,7,93,0,115,29.3,247,200,266,3680,1000,16.3,SUV,5,38000,
2021,Chevrolet,Volt,PHV,7.5,98,106,0,19.7,420,149,294,3540,950,10.6,Hatchback,5,34000,
2021,Chevrolet,Malibu,HV,7.8,125,49,0,42.7,520,182,277,3500,950,15.7,Sedan,5,28500,
2021,Chevrolet,Spark,ICE,10.4,105,33,0,63.4,340,98,94,2250,900,11.1,Hatchback,4,14000,
2021,Chevrolet,Cruze,ICE,7.8,130,32,0,65.4,420,153,177,3100,950,14.8,Sedan,5,20500,
2021,Chevrolet,Sonic,ICE,8.5,124,31,0,67.5,380,138,148,2800,900,14.9,Sedan,5,17000,
2021,Chevrolet,Malibu,ICE,8.2,130,30,0,69.8,450,160,184,3350,950,15.7,Sedan,5,24500,
2021,Chevrolet,Trailblazer,ICE,8.9,124,29,0,72.2,430,155,174,3200,1000,25.3,SUV,5,22000,
2021,Chevrolet,Equinox,ICE,8,125,28,0,74.8,420,170,203,3450,1100,29.9,SUV,5,24500,
2021,Chevrolet,Trax (Tracker),ICE,9.3,124,26,0,80.5,410,138,148,3100,950,18.7,SUV,5,21500,
2021,Chevrolet,Impala,ICE,6.8,130,25,0,83.7,470,305,264,3650,1000,16,Sedan,5,31500,
2021,Chevrolet,Blazer,ICE,6.8,130,24,0,87.2,410,308,270,4100,1200,30.5,SUV,5,33500,
2021,Chevrolet,Camaro,ICE,4.3,155,22,0,95.1,390,335,369,3700,900,9.1,Coupe,4,25500,
2021,Chevrolet,Traverse,ICE,7.8,130,21,0,99.7,410,310,266,4400,1500,40,SUV,7,34000,
2021,Chevrolet,Colorado,ICE,7.5,125,20,0,104.7,420,308,275,4300,1500,41.4,Pickup,5,25500,
2021,Chevrolet,Silverado,ICE,6.4,110,19,0,110.2,460,355,383,5200,1800,62.9,Pickup,5,30000,
2021,Chevrolet,Corvette,ICE,2.9,194,19,0,110.2,380,490,465,3660,850,12,Coupe,2,60000,
2021,Chevrolet,Tahoe,ICE,6.1,112,18,0,116.3,440,355,383,5500,1600,40,SUV,7,49000,
2021,Chevrolet,C/K Suburban,ICE,6.2,112,17,0,123.1,450,355,383,5800,1700,40,SUV,7,51500,
2021,Chevrolet,Express,ICE,8.5,105,14,0,149.5,400,341,373,5300,4300,239.4,Van,2,32500,
2020,Chevrolet,Bolt,EV,6.5,93,0,118,28.6,259,200,266,3600,1000,16.9,Hatchback,5,37000,
2020,Chevrolet,Volt,PHV,7.4,101,106,0,19.7,420,149,294,3600,1000,10.6,Hatchback,5,34000,
2020,Chevrolet,Malibu,HV,7.8,120,46,0,45.5,560,182,277,3500,1100,15.7,Sedan,5,30000,
2020,Chevrolet,Spark,ICE,10,100,33,0,63.4,480,98,94,2200,800,11.1,Hatchback,4,15000,
2020,Chevrolet,Sonic,ICE,8.5,115,30,0,69.8,480,138,148,2900,900,14.9,Sedan,5,20000,
2020,Chevrolet,Cruze,ICE,8,120,30,0,69.8,480,153,177,3000,1000,14.8,Sedan,5,23000,
2020,Chevrolet,Trailblazer,ICE,8.5,120,29,0,72.2,470,155,174,3200,1100,25.3,SUV,5,26000,
2020,Chevrolet,Malibu,ICE,7.6,120,29,0,72.2,480,250,260,3400,1100,15.7,Sedan,5,26000,
2020,Chevrolet,Trax (Tracker),ICE,8.9,118,27,0,77.5,460,138,148,3300,1000,18.7,SUV,5,22000,
2020,Chevrolet,Equinox,ICE,8,120,26,0,80.5,470,252,260,3900,1300,29.9,SUV,5,28000,
2020,Chevrolet,Blazer,ICE,7,120,23,0,91,440,308,270,4300,1400,30.5,SUV,5,38000,
2020,Chevrolet,Impala,ICE,6.5,130,22,0,95.1,450,305,264,4000,1200,16,Sedan,5,33000,
2020,Chevrolet,Camaro,ICE,4.5,155,22,0,95.1,420,455,455,3700,1000,9.1,Coupe,4,37000,
2020,Chevrolet,Traverse,ICE,7.1,120,21,0,99.7,440,310,266,4500,1500,23,SUV,7,33000,
2020,Chevrolet,Silverado,ICE,6.4,110,20,0,104.7,520,355,383,5100,2000,62.9,Pickup,5,42000,
2020,Chevrolet,Colorado,ICE,7.5,110,20,0,104.7,420,308,275,4400,1600,41.4,Pickup,5,36000,
2020,Chevrolet,Corvette,ICE,3,194,19,0,110.2,400,495,470,3500,600,12,Coupe,2,60000,
2020,Chevrolet,C/K Suburban,ICE,6.5,115,16,0,130.8,420,355,383,5800,1800,39.3,SUV,7,54000,
2020,Chevrolet,Tahoe,ICE,6.7,115,16,0,130.8,420,355,383,5600,1700,15.3,SUV,7,52000,
2020,Chevrolet,Express,ICE,10.5,100,14,0,149.5,350,300,420,6000,3800,239.4,Van,2,35000,
2019,Chevrolet,Bolt,EV,6.5,93,0,118,28.6,259,200,266,3600,1100,16.9,Hatchback,5,37000,
2019,Chevrolet,Volt,PHV,7.5,98,106,0,19.7,420,149,294,3600,1000,10.6,Hatchback,5,34000,
2019,Chevrolet,Malibu,HV,7.6,130,46,0,45.5,650,182,277,3500,1100,15.7,Sedan,5,28000,
2019,Chevrolet,Spark,ICE,10.4,96,33,0,63.4,450,98,94,2300,800,11.1,Hatchback,4,14000,
2019,Chevrolet,Malibu,ICE,7.8,130,32,0,65.4,500,160,184,3400,1100,15.7,Sedan,5,23000,
2019,Chevrolet,Sonic,ICE,8.5,115,31,0,67.5,460,138,148,2800,900,18,Hatchback,5,17000,
2019,Chevrolet,Cruze,ICE,8,125,31,0,67.5,470,153,177,3000,1000,14.8,Sedan,5,20000,
2019,Chevrolet,Trax (Tracker),ICE,9.3,120,28,0,74.8,430,138,148,3200,1100,40,SUV,5,22000,
2019,Chevrolet,Equinox,ICE,8,120,26,0,80.5,430,252,260,3800,1200,40,SUV,5,26000,
2019,Chevrolet,City Express,ICE,10.8,105,25,0,83.7,400,131,139,3300,1500,122.7,Van,2,23000,
2019,Chevrolet,Impala,ICE,6.8,130,25,0,83.7,430,305,264,3900,1100,16,Sedan,5,29000,
2019,Chevrolet,Blazer,ICE,6.8,130,23,0,91,430,308,270,4100,1300,40,SUV,5,36000,
2019,Chevrolet,Caprice,ICE,6.5,155,22,0,95.1,420,355,384,4200,1200,16,Sedan,5,38000,
2019,Chevrolet,Camaro,ICE,5.2,155,22,0,95.1,420,335,284,3600,900,9.1,Coupe,4,26000,
2019,Chevrolet,Corvette,ICE,3.7,181,22,0,95.1,430,455,460,3500,900,12,Coupe,2,56000,
2019,Chevrolet,Traverse,ICE,7,120,21,0,99.7,420,310,266,4400,1400,40,SUV,7,30000,
2019,Chevrolet,Colorado,ICE,7.5,113,20,0,104.7,420,308,275,4100,1400,49.9,Pickup,5,30000,
2019,Chevrolet,Silverado,ICE,6.5,130,19,0,110.2,420,355,383,5200,1800,71.7,Pickup,5,33000,
2019,Chevrolet,SS,ICE,4.7,155,19,0,110.2,410,415,415,3900,1100,16,Sedan,5,47000,
2019,Chevrolet,C/K Suburban,ICE,6.7,130,17,0,123.1,420,355,383,5800,1600,40,SUV,7,52000,
2019,Chevrolet,Tahoe,ICE,6.7,130,17,0,123.1,420,355,383,5600,1600,40,SUV,7,49000,
2019,Chevrolet,Express,ICE,8.5,100,15,0,139.5,360,341,373,5500,2000,239,Van,2,33000,
2018,Chevrolet,Spark,EV,7.9,91,0,128,26.3,82,140,327,3100,900,18,Hatchback,4,26000,
2018,Chevrolet,Bolt,EV,6.5,93,0,119,28.3,238,200,266,3600,1000,18,Hatchback,5,37000,
2018,Chevrolet,Volt,PHV,8.4,98,106,0,19.7,420,149,294,3500,1000,10.6,Hatchback,5,34000,
2018,Chevrolet,Malibu,HV,7.8,130,46,0,45.5,560,182,277,3600,1100,15.7,Sedan,5,29000,
2018,Chevrolet,Spark,ICE,10,95,33,0,63.4,460,98,94,2300,900,18,Hatchback,4,14000,
2018,Chevrolet,Cruze,ICE,8,130,30,0,69.8,450,153,177,3000,1000,14.8,Sedan,5,22000,
2018,Chevrolet,Sonic,ICE,8.5,125,29,0,72.2,450,138,148,2800,1000,18,Hatchback,5,19000,
2018,Chevrolet,Trax (Tracker),ICE,8.5,125,28,0,74.8,430,138,148,3300,1100,40,SUV,5,22000,
2018,Chevrolet,Malibu,ICE,7.4,130,27,0,77.5,450,160,184,3400,1100,15.7,Sedan,5,24000,
2018,Chevrolet,Equinox,ICE,7.6,125,26,0,80.5,430,252,260,3500,1200,40,SUV,5,25000,
2018,Chevrolet,City Express,ICE,9,105,25,0,83.7,420,131,139,3200,1400,122.7,Van,2,23000,
2018,Chevrolet,Impala,ICE,6.8,130,22,0,95.1,420,305,264,3800,1200,16,Sedan,5,31000,
2024,Chrysler,Pacifica,PHV,7.4,120,82,0,25.5,520,260,230,5100,1400,32.3,Van,7,49500,
2024,Chrysler,Chrysler 300 Series,ICE,6.3,130,23,0,91,450,300,264,4200,1100,16.3,Sedan,5,34500,
2024,Chrysler,Pacifica,ICE,7.2,120,22,0,95.1,430,287,262,4800,1400,32.3,Van,7,39500,
2023,Chrysler,Pacifica,PHV,7.4,120,82,0,25.5,520,260,330,4950,1400,32.3,Van,7,49500,
2023,Chrysler,Chrysler 200 Series,ICE,7.6,130,28,0,74.8,450,184,173,3400,1000,16,Sedan,5,27500,
2023,Chrysler,Chrysler 300 Series,ICE,6.3,155,23,0,91,430,292,260,4000,1100,16.3,Sedan,5,36500,
2023,Chrysler,Town & Country,ICE,8,115,22,0,95.1,420,283,260,4800,1400,143.8,Van,7,34500,
2023,Chrysler,Pacifica,ICE,7.8,120,22,0,95.1,420,287,262,4700,1400,32.3,Van,7,36500,
2022,Chrysler,Pacifica,PHV,7.4,115,82,0,25.5,520,260,230,4900,1300,32.3,Van,7,46500,
2022,Chrysler,Chrysler 200 Series,ICE,7.5,125,28,0,74.8,450,184,173,3400,1000,16,Sedan,5,25500,
2022,Chrysler,Chrysler 300 series,ICE,6.3,130,23,0,91,440,292,260,3950,1100,16.3,Sedan,5,33500,
2022,Chrysler,Pacifica,ICE,7.4,115,22,0,95.1,430,287,262,4800,1300,32.3,Van,7,36500,
2021,Chrysler,Pacifica,PHV,7.7,115,30,0,69.8,520,260,230,5000,1500,32.3,Van,7,40000,
2021,Chrysler,Chrysler 200 Series,ICE,7.6,130,27,0,77.5,450,184,173,3400,1050,16,Sedan,5,24000,
2021,Chrysler,Chrysler 300 series,ICE,6.3,135,23,0,91,430,292,260,4200,1200,16.3,Sedan,5,34000,
2021,Chrysler,Pacifica,ICE,7.4,115,22,0,95.1,420,287,262,4700,1500,32.3,Van,7,34500,
2021,Chrysler,Town & Country,ICE,7.8,115,20,0,104.7,420,283,260,4600,1500,33,Van,7,32000,
2025,Dodge,Charger,EV,3.6,134,0,100,33.7,325,496,547,5200,1100,16.5,Sedan,5,58500,
2025,Dodge,Dodge Hornet,PHV,6.1,125,77,0,27.2,500,288,383,3950,1000,22.9,SUV,5,39500,
2025,Dodge,Dart,ICE,8.2,125,30,0,69.8,450,184,171,3200,950,13.1,Sedan,5,23500,
2025,Dodge,Dodge Hornet,ICE,6.5,130,25,0,83.7,430,268,295,3650,1000,22.9,SUV,5,32500,
2025,Dodge,Journey,ICE,8.5,115,24,0,87.2,450,235,232,4100,1200,37,SUV,5,29500,
2025,Dodge,Caravan,ICE,7.8,115,22,0,95.1,420,283,260,4400,1400,140.5,Van,7,34500,
2025,Dodge,Charger,ICE,5.1,155,22,0,95.1,430,420,455,4300,1100,16.5,Sedan,5,44500,
2025,Dodge,Durango,ICE,6.2,145,21,0,99.7,420,360,390,5100,1350,43.3,SUV,7,45500,
2025,Dodge,Challenger,ICE,5,155,21,0,99.7,420,425,464,4250,1000,16.2,Coupe,5,45500,
2024,Dodge,Dodge Hornet,PHV,6.2,125,77,0,27.2,500,288,383,3950,1000,22.9,SUV,5,38500,
2024,Dodge,Dart,ICE,8.3,125,30,0,69.8,450,184,171,3200,950,13.1,Sedan,5,22500,
2024,Dodge,Dodge Hornet,ICE,6.6,130,25,0,83.7,430,268,295,3650,1000,22.9,SUV,5,31500,
2024,Dodge,Caravan,ICE,7.9,115,22,0,95.1,420,283,260,4350,1400,140.5,Van,7,33500,
2024,Dodge,Charger,ICE,5.2,155,22,0,95.1,430,420,455,4300,1100,16.5,Sedan,5,43500,
2024,Dodge,Durango,ICE,6.3,145,21,0,99.7,420,360,390,5050,1350,43.3,SUV,7,44500,
2024,Dodge,Challenger,ICE,5.1,155,21,0,99.7,420,425,464,4250,1000,16.2,Coupe,5,44500,
2024,Dodge,Viper,ICE,3.5,190,15,0,139.5,350,645,600,3400,700,8,Coupe,2,145000,
2023,Dodge,Dodge Hornet,PHV,6.2,125,77,0,27.2,500,288,383,3900,1000,22.9,SUV,5,38500,
2023,Dodge,Dart,ICE,8.3,125,30,0,69.8,450,184,171,3150,950,13.1,Sedan,5,22500,
2023,Dodge,Dodge Hornet,ICE,6.6,130,25,0,83.7,430,268,295,3600,1000,22.9,SUV,5,31500,
2023,Dodge,Journey,ICE,8.6,115,24,0,87.2,450,235,232,4050,1200,37,SUV,5,28500,
2023,Dodge,Caravan,ICE,7.9,115,22,0,95.1,420,283,260,4350,1400,140.5,Van,7,33500,
2023,Dodge,Charger,ICE,5.2,155,22,0,95.1,430,420,455,4250,1100,16.5,Sedan,5,43500,
2023,Dodge,Durango,ICE,6.3,145,21,0,99.7,420,360,390,5050,1350,43.3,SUV,7,44500,
2023,Dodge,Challenger,ICE,5.1,155,21,0,99.7,420,425,464,4200,1000,16.2,Coupe,5,44500,
2023,Dodge,Viper,ICE,3.5,206,15,0,139.5,350,645,600,3450,800,7,Coupe,2,120000,
2022,Dodge,Dart,ICE,8.4,120,29,0,72.2,450,184,171,3200,950,13.1,Sedan,5,22500,
2022,Dodge,Avenger,ICE,9.5,115,26,0,80.5,430,173,166,3450,1200,13.5,Sedan,5,24000,
2022,Dodge,Journey,ICE,8.8,115,24,0,87.2,450,235,232,4100,1200,37,SUV,5,26500,
2022,Dodge,Caravan,ICE,8.1,115,22,0,95.1,420,283,260,4400,1400,140.5,VAN,7,31500,
2022,Dodge,Charger,ICE,5.1,155,22,0,95.1,430,370,395,4300,1100,16.5,Sedan,5,38500,
2022,Dodge,Challenger,ICE,5.2,155,22,0,95.1,420,375,410,4250,1000,16.2,Coupe,5,39500,
2022,Dodge,Durango,ICE,6.5,145,21,0,99.7,420,360,390,5100,1350,43.3,SUV,7,38500,
2022,Dodge,Viper,ICE,3.4,206,15,0,139.5,350,645,600,3450,700,8,Coupe,2,95000,
2021,Dodge,Dart,ICE,8.2,125,27,0,77.5,430,184,174,3200,1000,13.1,Sedan,5,22000,
2021,Dodge,Journey,ICE,8.9,120,25,0,83.7,450,173,166,3800,1200,37,SUV,5,23500,
2021,Dodge,Charger,ICE,5.1,155,23,0,91,430,370,395,4200,1200,16.5,Sedan,5,31000,
2021,Dodge,Challenger,ICE,5.3,155,23,0,91,430,375,410,4100,1200,16.2,Coupe,5,30000,
2021,Dodge,Durango,ICE,6.2,130,21,0,99.7,420,295,260,4800,1500,43.3,SUV,7,32000,
2021,Dodge,Caravan,ICE,7.9,115,20,0,104.7,420,283,260,4300,1500,33,Van,7,28000,
2021,Dodge,Viper,ICE,3.5,190,16,0,130.8,300,645,600,3400,900,10.3,Coupe,2,90000,
2025,Ford,Mustang Mach-E,EV,4.8,124,0,108,31.2,305,480,600,4800,1200,29.7,SUV,5,51500,
2025,Ford,Escape,PHV,7.4,120,94,0,22.3,560,221,155,3900,1100,34,SUV,5,39500,
2025,Ford,Transit,EV,9.5,90,0,90,37.4,250,266,317,8000,3400,246.7,Van,2,59500,
2025,Ford,F-Series,EV,4.5,120,0,70,48.1,320,580,775,7200,2000,52.8,Pickup,5,69500,
2025,Ford,Escape,HV,7.8,120,40,0,52.3,560,200,155,3600,1100,34,SUV,5,33500,
2025,Ford,Maverick,HV,7.7,120,37,0,56.6,540,191,155,3600,1500,33.3,Pickup,5,28500,
2025,Ford,Escape,ICE,8.1,120,30,0,69.8,470,181,190,3500,1100,34,SUV,5,29500,
2025,Ford,Bronco Sport,ICE,7.2,121,28,0,74.8,450,245,275,3550,1000,35.6,SUV,5,30500,
2025,Ford,Explorer,HV,7,120,27,0,77.5,520,318,322,4600,1300,47.9,SUV,7,43500,
2025,Ford,Maverick,ICE,7.9,120,25,0,83.7,470,250,277,3700,1500,33.3,Pickup,5,25500,
2025,Ford,Explorer,ICE,7.2,120,24,0,87.2,450,300,310,4500,1300,47.9,SUV,7,39500,
2025,Ford,Edge,ICE,6.9,130,24,0,87.2,430,250,280,4300,1200,39.2,SUV,5,37500,
2025,Ford,Mustang,ICE,4.9,155,24,0,87.2,420,370,350,3650,950,13.5,Coupe,4,35500,
2025,Ford,F-Series,HV,5.4,115,23,0,91,540,430,570,5600,2100,52.8,Pickup,5,52500,
2025,Ford,Ranger,ICE,6.8,115,21,0,99.7,430,270,310,4450,1600,43.3,Pickup,5,33500,
2025,Ford,F-Series,ICE,6.1,115,20,0,104.7,430,400,410,5500,2100,52.8,Pickup,5,45500,
2025,Ford,Bronco,ICE,6.6,120,20,0,104.7,420,315,410,4650,1200,35.6,SUV,5,38500,
2025,Ford,Expedition,ICE,6.3,120,19,0,110.2,420,400,480,5600,1500,63.6,SUV,7,56500,
2025,Ford,Transit,ICE,9.2,100,16,0,130.8,360,310,400,5400,4000,246.7,Van,2,41500,
2025,Ford,E-Series,ICE,9.8,100,14,0,149.5,350,341,373,5200,4100,323,Van,2,39500,
2024,Ford,Mustang Mach-E,EV,4.9,124,0,108,31.2,305,480,600,4800,1200,29.7,SUV,5,49500,
2024,Ford,Escape,PHV,7.5,120,94,0,22.3,560,221,155,3900,1100,34,SUV,5,38500,
2024,Ford,Transit,EV,9.6,90,0,90,37.4,250,266,317,8000,3400,246.7,Van,2,57500,
2024,Ford,F-Series,EV,4.6,120,0,70,48.1,320,580,775,7200,2000,52.8,Pickup,5,67500,
2024,Ford,Escape,HV,7.9,120,40,0,52.3,560,200,155,3600,1100,34,SUV,5,32500,
2024,Ford,Maverick,HV,7.8,120,37,0,56.6,540,191,155,3600,1500,33.3,Pickup,5,27500,
2024,Ford,Escape,ICE,8.2,120,30,0,69.8,470,181,190,3500,1100,34,SUV,5,28500,
2024,Ford,Bronco Sport,ICE,7.3,121,28,0,74.8,450,245,275,3550,1000,35.6,SUV,5,29500,
2024,Ford,Explorer,HV,7.1,120,27,0,77.5,520,318,322,4600,1300,47.9,SUV,7,42500,
2024,Ford,Transit Connect,ICE,9.8,105,25,0,83.7,400,178,174,3600,1880,60.1,Van,2,28500,
2024,Ford,Maverick,ICE,8,120,25,0,83.7,470,250,277,3700,1500,33.3,Pickup,5,24500,
2024,Ford,Explorer,ICE,7.3,120,24,0,87.2,450,300,310,4500,1300,47.9,SUV,7,38500,
2024,Ford,Edge,ICE,7,130,24,0,87.2,430,250,280,4300,1200,39.2,SUV,5,36500,
2024,Ford,Mustang,ICE,5,155,24,0,87.2,420,370,350,3650,950,13.5,Coupe,4,34500,
2024,Ford,F-Series,HV,5.5,115,23,0,91,540,430,570,5600,2100,52.8,Pickup,5,51500,
2024,Ford,Ranger,ICE,6.9,115,21,0,99.7,430,270,310,4450,1600,43.3,Pickup,5,32500,
2024,Ford,F-Series,ICE,6.2,115,20,0,104.7,430,400,410,5500,2100,52.8,Pickup,5,44500,
2024,Ford,Bronco,ICE,6.7,120,20,0,104.7,420,315,410,4650,1200,35.6,SUV,5,37500,
2024,Ford,Expedition,ICE,6.4,120,19,0,110.2,420,400,480,5600,1500,63.6,SUV,7,55500,
2024,Ford,Transit,ICE,9.3,100,16,0,130.8,360,310,400,5400,4000,246.7,Van,2,40500,
2024,Ford,E-Series,ICE,9.9,100,14,0,149.5,350,341,373,5200,4100,323,Van,2,38500,
2023,Ford,Escape,PHV,7.4,120,101,0,20.7,520,210,155,3900,1200,34,SUV,5,38000,
2023,Ford,Mustang Mach-E,EV,4.8,124,0,90,37.4,305,346,428,4900,1200,29.7,SUV,5,47000,
2023,Ford,F-Series,EV,4.5,110,0,78,43.2,320,452,775,6500,2000,52.8,Pickup,5,58000,
2023,Ford,Escape,HV,7.8,120,40,0,52.3,560,200,155,3700,1200,34,SUV,5,33000,
2023,Ford,Maverick,HV,7.7,110,37,0,56.6,520,191,155,3600,1500,33.3,Pickup,5,26000,
2023,Ford,Escape,ICE,8.2,120,28,0,74.8,450,225,258,3600,1200,34,SUV,5,30000,
2023,Ford,Explorer,HV,6.8,120,27,0,77.5,490,318,322,4700,1500,47.9,SUV,7,47000,
2023,Ford,Maverick,ICE,7.8,110,26,0,80.5,450,250,277,3700,1500,33.3,Pickup,5,24000,
2023,Ford,EcoSport,ICE,9.5,110,26,0,80.5,430,166,149,3200,1100,20.9,SUV,5,23000,
2023,Ford,Bronco Sport,ICE,7.5,120,26,0,80.5,450,225,258,3600,1200,35.6,SUV,5,31000,
2023,Ford,F-Series,HV,7.5,105,24,0,87.2,700,430,570,5200,2000,52.8,Pickup,5,47000,
2023,Ford,Explorer,ICE,6.9,120,24,0,87.2,460,300,310,4600,1500,47.9,SUV,7,43000,
2023,Ford,Ranger,ICE,6.8,112,23,0,91,500,270,310,4450,1800,43.3,Pickup,5,36000,
2023,Ford,Edge,ICE,6.8,130,23,0,91,440,280,280,4450,1500,39.2,SUV,5,39000,
2023,Ford,Mustang,ICE,4.5,155,22,0,95.1,420,450,410,3700,1000,13.5,Coupe,4,40000,
2023,Ford,F-Series,ICE,6.2,105,20,0,104.7,520,400,500,5100,2000,52.8,Pickup,5,45000,
2023,Ford,Bronco,ICE,6.7,115,19,0,110.2,430,330,415,4800,1400,35.6,SUV,5,40000,
2023,Ford,Expedition,ICE,6.3,125,19,0,110.2,440,375,470,5800,1700,63.6,SUV,7,56000,
2023,Ford,E-Series,ICE,10.5,100,14,0,149.5,350,300,420,6000,3800,235,Van,2,38000,
2023,Ford,GT,ICE,3,216,14,0,149.5,350,660,550,3050,600,11,Coupe,2,500000,
2022,Ford,Mustang Mach-E,EV,4.8,124,0,108,31.2,305,480,600,4800,1200,29.7,SUV,5,46500,
2022,Ford,Escape,PHV,7.4,120,94,0,22.3,560,221,155,3900,1100,34,SUV,5,38500,
2022,Ford,Transit,EV,9.7,90,0,90,37.4,250,266,317,8000,3400,246.7,Van,2,57500,
2022,Ford,F-Series,EV,4.5,120,0,70,48.1,320,580,775,7200,2000,52.8,Pickup,5,69500,
2022,Ford,Escape,HV,7.8,120,41,0,51,560,200,155,3600,1100,34,SUV,5,32500,
2022,Ford,Maverick,HV,7.9,120,37,0,56.6,540,191,155,3600,1500,33.3,Pickup,5,25500,
2022,Ford,Escape,ICE,8.1,120,30,0,69.8,470,181,190,3500,1100,34,SUV,5,27500,
2022,Ford,EcoSport,ICE,9.5,120,29,0,72.2,450,166,149,3200,1000,20.9,SUV,5,22500,
2022,Ford,Bronco Sport,ICE,7.3,121,28,0,74.8,450,245,275,3550,1000,35.6,SUV,5,28500,
2022,Ford,Explorer,HV,7.1,120,27,0,77.5,520,318,322,4600,1300,47.9,SUV,7,42500,
2022,Ford,Maverick,ICE,8.2,120,25,0,83.7,470,250,277,3700,1500,33.3,Pickup,5,22500,
2022,Ford,Transit Connect,ICE,9.5,105,24,0,87.2,420,169,171,3600,1800,60.1,Van,2,29500,
2022,Ford,Explorer,ICE,7.4,120,24,0,87.2,450,300,310,4500,1300,47.9,SUV,7,38500,
2022,Ford,Edge,ICE,7.1,130,24,0,87.2,430,250,280,4300,1200,39.2,SUV,5,36500,
2022,Ford,Mustang,ICE,4.9,155,24,0,87.2,420,370,350,3650,950,13.5,Coupe,4,28500,
2022,Ford,F-Series,HV,5.6,115,23,0,91,540,430,570,5600,2100,52.8,Pickup,5,49500,
2022,Ford,Ranger,ICE,7,115,21,0,99.7,430,270,310,4450,1600,43.3,Pickup,5,29500,
2022,Ford,F-Series,ICE,6.2,115,20,0,104.7,430,400,410,5500,2100,52.8,Pickup,5,43500,
2022,Ford,Bronco,ICE,6.7,120,20,0,104.7,420,315,410,4650,1200,35.6,SUV,5,35500,
2022,Ford,Expedition,ICE,6.5,120,19,0,110.2,420,400,480,5600,1500,63.6,SUV,7,53500,
2022,Ford,GT,ICE,3,216,18,0,116.3,400,660,550,3050,700,5,Coupe,2,500000,
2022,Ford,Transit,ICE,9.4,100,16,0,130.8,360,310,400,5400,4000,246.7,Van,2,39500,
2022,Ford,E-Series,ICE,9.9,100,14,0,149.5,350,341,373,5200,4100,323,Van,2,37500,
2021,Ford,Mustang Mach-E,EV,4.8,124,0,105,32.1,300,266,428,4800,1200,29.7,SUV,5,43000,
2021,Ford,F-Series,EV,4.5,112,0,70,48.1,300,452,775,6500,2000,52.8,Pickup,5,40000,
2021,Ford,Fusion,PHV,7.6,120,43,0,48.7,560,188,173,3700,1100,16,Sedan,5,34000,
2021,Ford,Fusion,HV,7.5,120,42,0,49.8,610,188,173,3500,1100,16,Sedan,5,28000,
2021,Ford,Escape,HV,7.7,120,41,0,51,550,200,155,3600,1100,34,SUV,5,29500,
2021,Ford,Escape,PHV,7.5,120,40,0,52.3,540,221,155,3800,1100,34,SUV,5,34000,
2021,Ford,Maverick,HV,7.9,120,37,0,56.6,550,191,155,3600,1500,33.3,Pickup,5,23500,
2021,Ford,EcoSport,ICE,9.3,111,29,0,72.2,420,166,149,3300,1000,20.9,SUV,5,20500,
2021,Ford,Escape,ICE,8,120,28,0,74.8,430,181,190,3500,1100,34,SUV,5,25000,
2021,Ford,Explorer,HV,6,130,28,0,74.8,520,318,322,4600,1500,47.9,SUV,7,38500,
2021,Ford,Fusion,ICE,7.9,125,27,0,77.5,430,181,185,3400,1100,16,Sedan,5,24000,
2021,Ford,Bronco Sport,ICE,7.8,120,26,0,80.5,440,245,275,3600,1100,35.6,SUV,5,26500,
2021,Ford,Transit Connect,ICE,9.5,105,25,0,83.7,390,162,144,3600,1500,60.1,Van,2,26500,
2021,Ford,Maverick,ICE,7.8,120,25,0,83.7,430,250,277,3700,1500,33.3,Pickup,5,21500,
2021,Ford,F-Series,HV,6.5,120,24,0,87.2,500,430,570,6000,2000,52.8,Pickup,5,50000,
2021,Ford,Explorer,ICE,6.8,130,24,0,87.2,430,300,310,4500,1500,47.9,SUV,7,34000,
2021,Ford,Edge,ICE,7.1,130,24,0,87.2,430,250,280,4200,1300,39.2,SUV,5,32000,
2021,Ford,Mustang,ICE,5.1,155,24,0,87.2,420,370,350,3700,1100,13.5,Coupe,4,27000,
2021,Ford,Ranger,ICE,6.8,120,23,0,91,430,270,310,4400,1600,43.3,Pickup,5,27000,
2021,Ford,F-Series,ICE,6.4,120,20,0,104.7,420,400,410,5800,2000,52.8,Pickup,5,36000,
2021,Ford,Bronco,ICE,6.9,120,20,0,104.7,400,300,325,4300,1400,35.6,SUV,5,30000,
2021,Ford,Expedition,ICE,6.2,130,19,0,110.2,420,375,470,5600,1700,63.6,SUV,8,52000,
2021,Ford,Crown Victoria,ICE,7.3,130,19,0,110.2,420,250,297,4100,1200,20.6,Sedan,5,33000,
2021,Ford,GT,ICE,3,216,18,0,116.3,350,660,550,3400,900,11,Coupe,2,500000,
2021,Ford,Transit,ICE,8.2,110,17,0,123.1,400,275,262,5000,1900,246.7,Van,2,34000,
2021,Ford,E-Series,ICE,8.6,105,14,0,149.5,380,305,420,6400,1900,237,Van,2,35000,
2020,Ford,Mustang Mach-E,EV,4.8,124,0,108,31.2,300,346,428,4800,1200,29.7,SUV,5,45000,
2020,Ford,Escape,PHV,7.8,120,100,0,20.9,520,221,155,3900,1200,34,SUV,5,36000,
2020,Ford,Fusion,PHV,7.5,120,97,0,21.6,520,188,129,3900,1100,16,Sedan,5,36000,
2020,Ford,Fusion,HV,7.6,120,42,0,49.8,550,188,129,3600,1100,16,Sedan,5,29000,
2020,Ford,Escape,HV,7.7,120,41,0,51,560,200,155,3600,1200,34,SUV,5,32000,
2020,Ford,Fiesta,ICE,8.5,112,30,0,69.8,480,120,112,2600,900,14.9,Sedan,5,17000,
2020,Ford,EcoSport,ICE,9.5,111,27,0,77.5,460,166,149,3200,1000,20.9,SUV,5,23000,
2020,Ford,Escape,ICE,8,120,27,0,77.5,470,250,280,3500,1200,34,SUV,5,28000,
2020,Ford,Fusion,ICE,7.9,120,27,0,77.5,480,245,275,3500,1100,16,Sedan,5,25000,
2020,Ford,Explorer,HV,5.5,124,27,0,77.5,500,318,322,4400,1400,47.9,SUV,6,54000,
2020,Ford,Bronco Sport,ICE,8.3,120,26,0,80.5,470,245,275,3500,1100,35.6,SUV,5,28000,
2020,Ford,Transit Connect,ICE,9.8,110,25,0,83.7,460,169,171,3600,1400,60.1,Van,2,28000,
2020,Ford,F-Series,HV,6.5,110,24,0,87.2,650,430,570,5200,2000,52.8,Pickup,5,52000,
2020,Ford,Edge,ICE,6.8,120,24,0,87.2,460,335,380,4300,1400,39.2,SUV,5,36000,
2020,Ford,Explorer,ICE,6.8,120,24,0,87.2,460,300,310,4300,1400,47.9,SUV,6,37000,
2020,Ford,Ranger,ICE,7.5,110,23,0,91,460,270,310,4400,1600,43.3,Pickup,5,33000,
2020,Ford,Mustang,ICE,4.5,155,21,0,99.7,420,460,420,3700,1000,13.5,Coupe,4,36000,
2020,Ford,F-Series,ICE,6.8,110,20,0,104.7,600,395,400,5000,2000,52.8,Pickup,5,42000,
2020,Ford,Crown Victoria,ICE,7.5,129,20,0,104.7,400,250,297,4200,1200,20.6,Sedan,5,34000,
2020,Ford,Flex,ICE,7.8,111,19,0,110.2,400,287,254,4700,1500,38,SUV,7,35000,
2020,Ford,GT,ICE,3,216,18,0,116.3,350,660,550,3100,500,5,Coupe,2,500000,
2020,Ford,Expedition,ICE,6.5,115,17,0,123.1,420,375,470,5700,1700,63.6,SUV,7,52000,
2020,Ford,Transit,ICE,10,100,15,0,139.5,360,275,260,5200,3500,246.7,Van,2,34000,
2020,Ford,E-Series,ICE,10.5,100,14,0,149.5,350,300,420,6000,3800,251.7,Van,2,35000,
2019,Ford,Fusion,PHV,7.4,120,103,0,20.3,610,188,129,3900,1100,16,Sedan,5,34000,
2019,Ford,Fusion,HV,7.9,125,42,0,49.8,600,188,129,3600,1100,16,Sedan,5,28000,
2019,Ford,Escape,HV,7.7,120,41,0,51,560,200,129,3800,1200,34,SUV,5,28000,
2019,Ford,C-MAX,HV,8.3,115,40,0,52.3,520,188,129,3600,1100,24.5,Wagon,5,25000,
2019,Ford,Fiesta,ICE,9,112,32,0,65.4,460,120,112,2700,900,25.4,Hatchback,5,16000,
2019,Ford,Focus,ICE,8.6,120,30,0,69.8,470,160,146,3000,1000,23.3,Hatchback,5,19000,
2019,Ford,EcoSport,ICE,9.5,112,27,0,77.5,430,166,149,3300,1100,20.9,SUV,5,21000,
2019,Ford,Explorer,HV,7.4,130,27,0,77.5,480,318,322,4300,1400,47.9,SUV,7,45000,
2019,Ford,Fusion,ICE,7.8,130,27,0,77.5,430,245,275,3500,1100,16,Sedan,5,23000,
2019,Ford,Escape,ICE,7.8,120,26,0,80.5,430,245,275,3600,1200,34,SUV,5,26000,
2019,Ford,Transit Connect,ICE,9.8,105,25,0,83.7,420,169,171,3600,1500,60.1,Van,2,26000,
2019,Ford,Mustang,ICE,5,155,25,0,83.7,430,310,350,3700,1000,13.5,Coupe,4,27000,
2019,Ford,Edge,ICE,6.8,130,24,0,87.2,430,250,275,4100,1300,39.2,SUV,5,31000,
2019,Ford,Ranger,ICE,7.5,113,23,0,91,430,270,310,4400,1600,43.3,Pickup,5,25000,
2019,Ford,Explorer,ICE,7.2,130,23,0,91,430,290,255,4200,1400,47.9,SUV,7,35000,
2019,Ford,Taurus,ICE,7.1,130,23,0,91,430,288,254,4100,1200,20.1,Sedan,5,28000,
2019,Ford,F-Series,ICE,6.3,130,20,0,104.7,420,395,400,5200,1800,52.8,Pickup,5,33000,
2019,Ford,Expedition,ICE,6.5,130,19,0,110.2,420,375,470,5600,1600,63.6,SUV,7,53000,
2019,Ford,Flex,ICE,6.8,130,19,0,110.2,420,287,254,4500,1400,38,SUV,7,35000,
2019,Ford,Crown Victoria,ICE,7,130,19,0,110.2,420,250,297,4200,1200,20.6,Sedan,5,30000,
2019,Ford,GT,ICE,3,216,18,0,116.3,380,647,550,3100,800,11,Coupe,2,500000,
2019,Ford,Transit,ICE,8,100,15,0,139.5,360,275,260,5200,2000,246.7,Van,2,34000,
2019,Ford,E-Series,ICE,8.5,100,14,0,149.5,360,305,420,5500,2000,239,Van,2,33000,
2018,Ford,Focus,EV,9.9,84,0,118,28.6,115,143,184,3600,900,14.9,Hatchback,5,30000,
2018,Ford,Fusion,PHV,7.6,120,103,0,20.3,420,188,129,3800,1100,16,Sedan,5,32000,
2018,Ford,C-MAX,PHV,7.8,120,95,0,22,420,188,129,3800,1100,24.5,Wagon,5,29000,
2018,Ford,Fusion,HV,7.5,120,42,0,49.8,560,188,129,3600,1100,16,Sedan,5,27000,
2018,Ford,C-MAX,HV,7.8,120,40,0,52.3,550,188,129,3600,1100,24.5,Wagon,5,26000,
2018,Ford,Fiesta,ICE,8.9,122,32,0,65.4,480,120,112,2600,900,25.4,Hatchback,5,16000,
2018,Ford,Focus,ICE,8.6,120,30,0,69.8,460,160,146,2900,1000,23.3,Hatchback,5,18000,
2018,Ford,EcoSport,ICE,9.5,112,27,0,77.5,430,166,149,3300,1100,20.9,SUV,5,20000,
2018,Ford,Fusion,ICE,7.9,120,27,0,77.5,450,175,175,3400,1100,16,Sedan,5,22000,
2018,Ford,Escape,ICE,7.7,125,26,0,80.5,440,179,177,3600,1200,34,SUV,5,26000,
2018,Ford,Transit Connect,ICE,8.8,110,24,0,87.2,420,169,171,3600,1400,60.1,Van,2,24000,
2018,Ford,Edge,ICE,7.1,130,24,0,87.2,430,245,275,4100,1300,39.2,SUV,5,30000,
2018,Ford,Mustang,ICE,5,155,24,0,87.2,420,310,350,3600,1000,13.5,Coupe,4,26000,
2018,Ford,Taurus,ICE,7.1,130,22,0,95.1,420,288,254,3900,1200,20.1,Sedan,5,28000,
2018,Ford,Explorer,ICE,6.8,130,20,0,104.7,410,290,255,4400,1400,47.9,SUV,7,32000,
2018,Ford,Flex,ICE,7.8,120,19,0,110.2,390,287,254,4600,1400,38,Wagon,7,30000,
2018,Ford,F-Series,ICE,6.7,120,18,0,116.3,420,395,400,5200,1800,52.8,Pickup,5,29000,
2018,Ford,Crown Victoria,ICE,6.9,129,18,0,116.3,400,250,297,4100,1400,20.6,Sedan,5,35000,
2018,Ford,GT,ICE,3,216,18,0,116.3,340,647,550,3050,800,11,Coupe,2,450000,
2018,Ford,Expedition,ICE,6.6,130,17,0,123.1,390,375,470,5600,1500,63.6,SUV,8,52000,
2018,Ford,Transit,ICE,8.5,110,15,0,139.5,360,275,260,5000,1800,246.7,Van,2,33000,
2018,Ford,E-Series,ICE,9,105,14,0,149.5,350,285,305,5400,1800,239,Van,2,33000,
2017,Ford,Focus,EV,9.9,84,0,118,28.6,115,143,184,3600,1100,14.5,Hatchback,5,30000,
2017,Ford,Fusion,PHV,7.2,120,97,0,21.6,610,188,129,3800,1200,16,Sedan,5,31000,
2017,Ford,C-MAX,PHV,7.8,115,88,0,23.8,570,188,129,3800,1200,24.5,Wagon,5,28000,
2017,Ford,Fusion,HV,7.6,120,42,0,49.8,610,188,129,3600,1200,16,Sedan,5,27000,
2017,Ford,C-MAX,HV,7.9,115,40,0,52.3,500,188,129,3600,1200,24.5,Wagon,5,25000,
2017,Ford,Fiesta,ICE,9.5,112,32,0,65.4,470,120,112,2600,900,15.1,Hatchback,5,14000,
2017,Ford,Focus,ICE,8.8,120,30,0,69.8,470,160,146,3000,1100,14.5,Hatchback,5,18000,
2017,Ford,C-MAX,ICE,8.6,115,28,0,74.8,460,168,170,3500,1200,24.5,Wagon,5,23000,
2017,Ford,Fusion,ICE,7.8,120,27,0,77.5,460,245,275,3500,1200,16,Sedan,5,23000,
2017,Ford,Escape,ICE,8.6,120,26,0,80.5,440,179,177,3600,1300,34,SUV,5,24000,
2017,Ford,Transit Connect,ICE,9.5,100,22,0,95.1,410,169,171,3500,1500,60.1,Van,2,26000,
2017,Ford,Edge,ICE,7.1,130,22,0,95.1,410,245,275,4300,1500,39.2,SUV,5,29000,
2017,Ford,Taurus,ICE,6.6,130,22,0,95.1,410,288,254,4300,1400,20.1,Sedan,5,28000,
2017,Ford,Mustang,ICE,5,155,21,0,99.7,400,310,350,3700,1200,13.5,Coupe,4,26000,
2017,Ford,Explorer,ICE,7.3,130,20,0,104.7,400,290,255,4700,1500,47.9,SUV,7,31000,
2017,Ford,F-Series,ICE,7,120,19,0,110.2,390,325,400,5200,2000,52.8,Pickup,5,28000,
2017,Ford,Flex,ICE,7.5,120,18,0,116.3,390,287,254,4700,1500,38,Wagon,7,31000,
2017,Ford,Crown Victoria,ICE,8,120,18,0,116.3,400,239,281,4200,1500,20.6,Sedan,5,29000,
2017,Ford,Expedition,ICE,6.7,130,18,0,116.3,390,365,420,5600,1600,63.6,SUV,7,48000,
2017,Ford,GT,ICE,3,216,18,0,116.3,350,647,550,3300,900,11,Coupe,2,450000,
2017,Ford,Transit,ICE,9.8,100,15,0,139.5,310,275,420,5000,2000,246.7,Van,2,34000,
2017,Ford,E-Series,ICE,10,100,13,0,161,300,285,420,5400,2000,246,Van,2,33000,
2016,Ford,Focus,EV,10,84,0,110,30.6,76,143,184,3600,1200,23.8,Hatchback,5,30000,
2016,Ford,C-MAX,PHV,7.8,120,88,0,23.8,520,188,129,3700,1300,24.5,Wagon,5,33000,
2016,Ford,Fusion,PHV,7.4,120,88,0,23.8,520,188,129,3700,1300,16,Sedan,5,34000,
2016,Ford,Fusion,HV,7.6,120,42,0,49.8,520,188,129,3600,1300,16,Sedan,5,27000,
2016,Ford,C-MAX,HV,7.9,120,40,0,52.3,500,188,129,3600,1300,24.5,Wagon,5,26000,
2016,Ford,Fiesta,ICE,9.3,115,35,0,59.8,520,120,112,2600,1000,25.4,Hatchback,5,15000,
2016,Ford,Focus,ICE,8.8,120,31,0,67.5,480,160,146,2900,1200,23.8,Hatchback,5,18000,
2016,Ford,Fusion,ICE,8.2,120,28,0,74.8,450,175,175,3500,1300,16,Sedan,5,22000,
2016,Ford,Transit Connect,ICE,9.2,105,26,0,80.5,420,169,171,3600,1500,60.1,Van,2,25000,
2016,Ford,Escape,ICE,8.5,120,26,0,80.5,440,178,184,3600,1300,34,SUV,5,24000,
2016,Ford,Mustang,ICE,5.4,155,25,0,83.7,430,310,320,3700,1200,13.5,Coupe,4,26000,
2016,Ford,Edge,ICE,7.8,120,24,0,87.2,420,245,275,4200,1500,39.2,SUV,5,28000,
2016,Ford,Explorer,ICE,7.5,120,22,0,95.1,400,290,255,4600,1500,47.9,SUV,7,32000,
2016,Ford,Taurus,ICE,7.6,120,22,0,95.1,400,288,254,4200,1400,20.1,Sedan,5,29000,
2016,Ford,Flex,ICE,7.9,120,20,0,104.7,380,287,254,4700,1500,38,Wagon,7,30000,
2016,Ford,F-Series,ICE,6.8,120,20,0,104.7,390,325,400,5000,2000,52.8,Pickup,5,30000,
2016,Ford,Crown Victoria,ICE,7.2,120,19,0,110.2,360,250,297,4100,1400,20.6,Sedan,5,32000,
2016,Ford,Expedition,ICE,6.5,120,18,0,116.3,370,365,420,5400,1700,63.6,SUV,8,48000,
2016,Ford,Transit,ICE,8.9,105,15,0,139.5,330,275,260,5000,2600,246.7,Van,12,33000,
2016,Ford,E-Series,ICE,9.5,105,15,0,139.5,330,285,295,5200,2600,251.7,Van,12,32000,
2015,Ford,Focus,EV,9.9,84,0,110,30.6,76,143,184,3600,1000,23,Hatchback,5,30000,
2015,Ford,C-MAX,PHV,7.9,115,88,0,23.8,610,188,129,3800,1200,52.6,Wagon,5,33000,
2015,Ford,Fusion,PHV,7.8,120,88,0,23.8,620,188,129,3800,1200,16,Sedan,5,34000,
2015,Ford,Fusion,HV,7.5,120,42,0,49.8,610,188,129,3600,1200,16,Sedan,5,27000,
2015,Ford,C-MAX,HV,8,115,40,0,52.3,560,188,129,3600,1200,52.6,Wagon,5,25000,
2015,Ford,Fiesta,ICE,9.5,112,32,0,65.4,450,120,112,2600,1000,,Hatchback,5,15000,
2015,Ford,Focus,ICE,8.8,120,31,0,67.5,460,160,146,3000,1100,23,Sedan,5,19000,
2015,Ford,Fusion,ICE,7.6,120,26,0,80.5,450,175,175,3500,1200,16,Sedan,5,23000,
2015,Ford,Escape,ICE,8,112,25,0,83.7,450,178,184,3600,1300,34,SUV,5,26000,
2015,Ford,Edge,ICE,7.9,112,24,0,87.2,440,285,253,4300,1500,39.2,SUV,5,32000,
2015,Ford,Mustang,ICE,5.1,155,24,0,87.2,430,300,320,3600,1200,13.5,Coupe,4,26000,
2015,Ford,Transit Connect,ICE,9.5,105,22,0,95.1,430,169,171,3700,1500,60.1,Van,2,25000,
2015,Ford,Taurus,ICE,7.1,130,22,0,95.1,440,288,254,4100,1300,20.1,Sedan,5,30000,
2015,Ford,Explorer,ICE,7.1,112,20,0,104.7,470,290,255,4800,1500,47.9,SUV,7,33000,
2015,Ford,Crown Victoria,ICE,8.6,129,20,0,104.7,420,239,281,4100,1500,20.6,Sedan,5,32000,
2015,Ford,Expedition,ICE,6.6,112,18,0,116.3,520,365,420,5600,1700,63.6,SUV,8,46000,
2015,Ford,Flex,ICE,7.8,112,18,0,116.3,450,287,254,4800,1500,38,Wagon,7,31000,
2015,Ford,F-Series,ICE,7.5,112,18,0,116.3,500,365,420,5200,2000,52.8,Pickup,6,30000,
2015,Ford,Transit,ICE,9.8,100,15,0,139.5,400,275,260,5200,3000,246.7,Van,2,32000,
2015,Ford,E-Series,ICE,10,95,14,0,149.5,350,255,350,5500,3000,251.7,Van,2,29000,
2025,Genesis,GV60,EV,4.2,146,0,106,31.8,248,429,516,4800,1100,24,SUV,5,59500,
2025,Genesis,GV70,EV,4.9,140,0,98,34.4,236,429,516,5000,1200,28.9,SUV,5,66500,
2025,Genesis,G80,EV,4.8,140,0,98,34.4,282,365,516,5200,1100,12,Sedan,5,79500,
2025,Genesis,G70,ICE,5.8,155,24,0,87.2,430,311,311,3800,950,10.5,Sedan,5,43500,
2025,Genesis,GV70,ICE,6.1,145,23,0,91,440,311,391,4200,1200,28.9,SUV,5,45500,
2025,Genesis,G80,ICE,5.6,155,23,0,91,460,375,391,4350,1100,12,Sedan,5,57500,
2025,Genesis,EQ900 (G90),ICE,5.2,130,22,0,95.1,450,409,405,4900,1100,12.5,Sedan,5,89500,
2025,Genesis,GV80,ICE,6,140,21,0,99.7,430,375,391,5000,1400,34,SUV,7,59500,
2024,Genesis,GV60,EV,4.3,146,0,106,31.8,248,429,516,4800,1100,24,SUV,5,58500,
2024,Genesis,GV70,EV,5,140,0,98,34.4,236,429,516,5000,1200,28.9,SUV,5,65500,
2024,Genesis,G80,EV,4.9,140,0,98,34.4,282,365,516,5200,1100,12,Sedan,5,78500,
2024,Genesis,G70,ICE,5.9,155,24,0,87.2,430,311,311,3800,950,10.5,Sedan,5,42500,
2024,Genesis,GV70,ICE,6.2,145,23,0,91,440,311,391,4200,1200,28.9,SUV,5,44500,
2024,Genesis,G80,ICE,5.7,155,23,0,91,460,375,391,4350,1100,12,Sedan,5,56500,
2024,Genesis,EQ900 (G90),ICE,5.3,130,22,0,95.1,450,409,405,4900,1100,12.5,Sedan,5,87500,
2024,Genesis,GV80,ICE,6.1,140,21,0,99.7,430,375,391,5000,1400,34,SUV,7,58500,
2023,Genesis,GV60,EV,4.2,146,0,106,31.8,248,429,516,4800,1100,24,SUV,5,58500,
2023,Genesis,GV70,EV,4.9,140,0,98,34.4,236,429,516,5000,1200,28.9,SUV,5,65500,
2023,Genesis,G80,EV,4.9,140,0,98,34.4,282,365,516,5200,1100,12,Sedan,5,78500,
2023,Genesis,G70,ICE,5.8,155,24,0,87.2,430,311,311,3800,950,10.5,Sedan,5,42500,
2023,Genesis,GV70,ICE,6.1,145,23,0,91,440,311,391,4200,1200,28.9,SUV,5,44500,
2023,Genesis,G80,ICE,5.6,155,23,0,91,460,375,391,4350,1100,12,Sedan,5,56500,
2023,Genesis,EQ900 (G90),ICE,5.2,130,22,0,95.1,450,409,405,4900,1100,12.5,Sedan,5,87500,
2023,Genesis,GV80,ICE,6,140,21,0,99.7,430,375,391,5000,1400,34,SUV,7,58500,
2022,Genesis,G80,EV,4.9,140,0,97,34.7,282,365,516,5200,1200,12,Sedan,5,80000,
2022,Genesis,GV60,EV,4,146,0,90,37.4,248,429,516,4900,1100,24,SUV,5,59500,
2022,Genesis,G70,ICE,5.8,130,25,0,83.7,460,252,260,3650,1000,10.5,Sedan,5,38000,
2022,Genesis,GV70,ICE,6.1,130,24,0,87.2,450,300,311,4400,1200,28.9,SUV,5,41500,
2022,Genesis,G80,ICE,5.9,130,23,0,91,450,311,293,4300,1100,12,Sedan,5,49000,
2022,Genesis,GV80,ICE,6.5,130,22,0,95.1,440,300,311,5000,1300,34,SUV,7,50000,
2022,Genesis,EQ900 (G90),ICE,5.7,130,21,0,99.7,440,420,383,4800,1200,12.5,Sedan,5,72500,
2021,Genesis,G70,ICE,5.8,155,25,0,83.7,430,252,260,3600,1100,10.5,Sedan,5,37000,
2021,Genesis,GV70,ICE,6.1,145,23,0,91,430,300,311,4400,1200,28.9,SUV,5,42000,
2021,Genesis,G80,ICE,5.9,155,22,0,95.1,420,375,391,4300,1200,12,Sedan,5,48000,
2021,Genesis,GV80,ICE,6.2,145,21,0,99.7,420,375,391,5200,1400,34,SUV,7,56000,
2021,Genesis,EQ900 (G90),ICE,5.7,155,21,0,99.7,420,420,383,4800,1200,12.5,Sedan,5,72000,
2020,Genesis,G70,ICE,5.8,130,24,0,87.2,460,365,376,3600,1100,10.5,Sedan,5,37000,
2020,Genesis,G80,ICE,6.1,130,22,0,95.1,450,375,391,4100,1200,12,Sedan,5,47000,
2020,Genesis,GV80,ICE,6.5,120,21,0,99.7,440,375,391,5000,1500,34,SUV,7,50000,
2020,Genesis,EQ900 (G90),ICE,5.9,130,20,0,104.7,430,420,383,4600,1200,12.5,Sedan,5,72000,
2019,Genesis,G70,ICE,5.9,155,25,0,83.7,430,252,260,3700,1100,10.5,Sedan,5,35000,
2019,Genesis,G80,ICE,6,155,22,0,95.1,420,311,293,4300,1200,12,Sedan,5,42000,
2019,Genesis,EQ900 (G90),ICE,5.7,155,21,0,99.7,420,365,376,4600,1200,12.5,Sedan,5,72000,
2018,Genesis,G70,ICE,5.8,155,25,0,83.7,430,252,260,3600,1100,10.5,Sedan,5,35000,
2018,Genesis,G80,ICE,6.1,130,22,0,95.1,420,311,293,4300,1200,12,Sedan,5,42000,
2018,Genesis,EQ900 (G90),ICE,5.7,130,20,0,104.7,410,365,376,4600,1200,12.5,Sedan,5,68000,
2017,Genesis,G80,ICE,6.2,155,19,0,110.2,400,311,293,4300,1400,12,Sedan,5,41000,
2017,Genesis,EQ900 (G90),ICE,6.1,155,18,0,116.3,390,420,383,4700,1400,12.5,Sedan,5,69000,
2016,Genesis,G80,ICE,6,155,22,0,95.1,430,311,293,4100,1400,12,Sedan,5,42000,
2016,Genesis,EQ900 (G90),ICE,6.1,155,21,0,99.7,420,420,383,4500,1400,12.5,Sedan,5,68000,
2025,GMC,Sierra,EV,4.5,120,0,66,51.1,390,754,785,8600,1800,62,Pickup,5,75500,
2025,GMC,Hummer SUV,EV,3.5,106,0,62,54.4,315,830,900,9000,1500,82,SUV,5,98500,
2025,GMC,Hummer Pickup,EV,3.4,106,0,60,56.2,350,1000,1150,9200,1800,81,Pickup,5,105000,
2025,GMC,Terrain,ICE,7.8,120,26,0,80.5,450,175,203,3650,1100,29.6,SUV,5,31500,
2025,GMC,Acadia,ICE,6.8,120,23,0,91,440,310,271,4400,1300,41.7,SUV,7,38500,
2025,GMC,Canyon,ICE,7,115,20,0,104.7,430,310,430,4450,1550,41,Pickup,5,35500,
2025,GMC,Sierra,ICE,6.1,115,19,0,110.2,430,420,460,5600,2000,62,Pickup,5,45500,
2025,GMC,Yukon XL,ICE,6.5,120,17,0,123.1,420,420,460,6100,1500,25.5,SUV,7,62500,
2025,GMC,Yukon,ICE,6.3,120,17,0,123.1,410,420,460,5900,1500,25.5,SUV,7,59500,
2025,GMC,Savana,ICE,9.6,100,14,0,149.5,350,341,373,5400,4100,218,Van,2,41500,
2024,GMC,Sierra,EV,4.6,120,0,66,51.1,390,754,785,8600,1800,62,Pickup,5,73500,
2024,GMC,Hummer SUV,EV,3.6,106,0,62,54.4,315,830,900,9000,1500,82,SUV,5,96500,
2024,GMC,Hummer Pickup,EV,3.5,106,0,60,56.2,350,1000,1150,9200,1800,81,Pickup,5,103000,
2024,GMC,Terrain,ICE,7.9,120,26,0,80.5,450,175,203,3650,1100,29.6,SUV,5,30500,
2024,GMC,Acadia,ICE,6.9,120,23,0,91,440,310,271,4400,1300,41.7,SUV,7,37500,
2024,GMC,Canyon,ICE,7.1,115,20,0,104.7,430,310,430,4450,1550,41,Pickup,5,34500,
2024,GMC,Sierra,ICE,6.2,115,19,0,110.2,430,420,460,5600,2000,62,Pickup,5,44500,
2024,GMC,Yukon XL,ICE,6.6,120,17,0,123.1,420,420,460,6100,1500,25.5,SUV,7,61500,
2024,GMC,Yukon,ICE,6.4,120,17,0,123.1,410,420,460,5900,1500,25.5,SUV,7,58500,
2024,GMC,Savana,ICE,9.7,100,14,0,149.5,350,341,373,5400,4100,218,Van,2,40500,
2023,GMC,Hummer SUV,EV,3.5,106,0,62,54.4,315,830,900,9000,1500,82,SUV,5,97500,
2023,GMC,Hummer Pickup,EV,3.4,106,0,60,56.2,350,1000,1150,9200,1800,81,Pickup,5,105000,
2023,GMC,Terrain,ICE,7.8,120,26,0,80.5,450,175,203,3650,1100,29.6,SUV,5,30500,
2023,GMC,Acadia,ICE,6.8,120,23,0,91,440,310,271,4400,1300,41.7,SUV,7,37500,
2023,GMC,Canyon,ICE,7,115,20,0,104.7,430,310,430,4450,1550,41,Pickup,5,34500,
2023,GMC,Sierra,ICE,6.1,115,19,0,110.2,430,420,460,5600,2000,62,Pickup,5,44500,
2023,GMC,Yukon XL,ICE,6.5,120,17,0,123.1,420,420,460,6100,1500,25.5,SUV,7,61500,
2023,GMC,Yukon,ICE,6.3,120,17,0,123.1,410,420,460,5900,1500,25.5,SUV,7,58500,
2023,GMC,Savana,ICE,9.6,100,14,0,149.5,350,341,373,5400,4100,218,Van,2,40500,
2022,GMC,Hummer Pickup,EV,3,106,0,59,57.1,329,1000,1150,9100,1600,81.1,Pickup,5,110000,
2022,GMC,Terrain,ICE,8.9,115,27,0,77.5,430,170,203,3600,1100,29.6,SUV,5,27000,
2022,GMC,Acadia,ICE,6.6,120,23,0,91,440,310,271,4350,1300,41.7,SUV,7,35000,
2022,GMC,Canyon,ICE,7.7,112,20,0,104.7,430,308,275,4300,1500,41,Pickup,5,26500,
2022,GMC,Yukon,ICE,6.6,120,18,0,116.3,430,355,383,5600,1500,25.5,SUV,7,54000,
2022,GMC,Yukon XL,ICE,6.7,120,17,0,123.1,430,355,383,5900,1600,25.5,SUV,7,57000,
2022,GMC,Sierra,ICE,6.6,120,17,0,123.1,440,355,383,5500,2000,62,Pickup,5,35500,
2022,GMC,Savana,ICE,8.5,100,15,0,139.5,420,401,464,6200,1900,218,Van,12,34500,
2021,GMC,Hummer Pickup,EV,3,100,0,90,37.4,329,1000,1150,9000,1600,81,Pickup,5,112000,
2021,GMC,Terrain,ICE,8,120,28,0,74.8,430,170,203,3600,1100,29.6,SUV,5,26000,
2021,GMC,Acadia,ICE,7.1,125,25,0,83.7,430,310,271,4300,1300,41.7,SUV,7,35000,
2021,GMC,Canyon,ICE,7.3,120,22,0,95.1,430,308,369,4500,1600,41,Pickup,5,29000,
2021,GMC,Sierra,ICE,6.1,130,20,0,104.7,430,420,460,5200,2000,62,Pickup,5,40000,
2021,GMC,Yukon,ICE,6,130,18,0,116.3,420,355,383,5700,1700,25.5,SUV,8,52000,
2021,GMC,Yukon XL,ICE,6.2,130,17,0,123.1,420,355,383,5900,1800,25.5,SUV,8,55000,
2021,GMC,Savana,ICE,8.5,105,14,0,149.5,400,276,298,6100,3200,218,Van,2,33000,
2020,GMC,Terrain,ICE,8,120,26,0,80.5,470,252,260,3900,1300,29.6,SUV,5,28000,
2020,GMC,Sierra,HV,6.5,110,23,0,91,650,430,570,5200,2000,62,Pickup,5,53000,
2020,GMC,Acadia,ICE,7.2,120,22,0,95.1,440,310,271,4500,1500,41.7,SUV,7,36000,
2020,GMC,Canyon,ICE,7.6,110,20,0,104.7,420,308,275,4400,1600,41,Pickup,5,34000,
2020,GMC,Sierra,ICE,6.8,110,19,0,110.2,600,355,383,5100,2000,62,Pickup,5,42000,
2020,GMC,Yukon XL,ICE,6.7,115,16,0,130.8,420,355,383,5900,1800,25.5,SUV,7,55000,
2020,GMC,Yukon,ICE,6.7,115,16,0,130.8,420,355,383,5600,1700,25.5,SUV,7,52000,
2020,GMC,Savana,ICE,10.5,100,14,0,149.5,350,300,420,6000,3800,218,Van,2,36000,
2019,GMC,Terrain,ICE,8,120,26,0,80.5,430,252,260,3800,1200,29.6,SUV,5,26000,
2019,GMC,Sierra,HV,6.4,130,23,0,91,500,355,383,5200,1800,62,Pickup,5,43000,
2019,GMC,Canyon,ICE,7.8,113,22,0,95.1,420,308,275,4300,1600,41,Pickup,5,28000,
2019,GMC,Acadia,ICE,7.2,120,22,0,95.1,420,310,271,4300,1400,41.7,SUV,7,31000,
2019,GMC,Sierra,ICE,6.5,130,20,0,104.7,420,355,383,5200,1800,62,Pickup,5,36000,
2019,GMC,Yukon,ICE,6.7,130,17,0,123.1,420,355,383,5600,1600,25.5,SUV,7,51000,
2019,GMC,Yukon XL,ICE,6.8,130,16,0,130.8,420,355,383,5800,1600,25.5,SUV,7,54000,
2019,GMC,Savana,ICE,8.5,100,14,0,149.5,360,341,373,5500,2000,218,Van,2,33000,
2018,GMC,Terrain,ICE,7.8,125,26,0,80.5,430,252,260,3500,1200,29.6,SUV,5,26000,
2018,GMC,Sierra,HV,6.5,120,23,0,91,440,355,383,5200,1800,62,Pickup,5,35000,
2018,GMC,Acadia,ICE,6.9,130,22,0,95.1,420,310,271,4300,1400,41.7,SUV,7,32000,
2018,GMC,Canyon,ICE,7.4,120,20,0,104.7,400,308,275,4000,1400,41,Pickup,5,29000,
2018,GMC,Sierra,ICE,6.8,120,19,0,110.2,420,355,383,5200,1800,62,Pickup,5,29000,
2018,GMC,Yukon,ICE,6.5,130,18,0,116.3,410,355,383,5500,1500,25.5,SUV,7,50000,
2018,GMC,Yukon XL,ICE,6.7,130,17,0,123.1,400,355,383,5800,1500,25.5,SUV,8,53000,
2018,GMC,Savana,ICE,8.7,110,14,0,149.5,350,285,305,5400,1800,218,Van,2,33000,
2017,GMC,Terrain,ICE,8.5,120,23,0,91,420,182,172,3800,1400,29.6,SUV,5,25000,
2017,GMC,Canyon,ICE,7.8,110,22,0,95.1,410,308,275,4200,1500,41,Pickup,5,28000,
2017,GMC,Sierra,HV,7.1,120,21,0,99.7,410,355,383,5300,1800,62,Pickup,5,39000,
2017,GMC,Acadia,ICE,7.2,130,21,0,99.7,410,310,271,4300,1500,41.7,SUV,7,30000,
2017,GMC,Sierra,ICE,7,120,19,0,110.2,390,355,383,5200,1800,62,Pickup,5,35000,
2017,GMC,Yukon XL,ICE,6.9,130,18,0,116.3,390,355,383,5800,1600,25.5,SUV,7,51000,
2017,GMC,Yukon,ICE,6.8,130,18,0,116.3,390,355,383,5600,1600,25.5,SUV,7,48000,
2017,GMC,Savana,ICE,9.5,100,14,0,149.5,300,285,383,5400,2000,218,Van,2,32000,
2016,GMC,Terrain,ICE,8.4,120,24,0,87.2,420,182,172,3900,1400,29.6,SUV,5,25000,
2016,GMC,Canyon,ICE,7.6,120,22,0,95.1,410,305,269,4000,1500,41,Pickup,5,28000,
2016,GMC,Acadia,ICE,7.8,120,20,0,104.7,390,281,266,4700,1500,41.7,SUV,7,34000,
2016,GMC,Sierra,ICE,6.8,120,19,0,110.2,380,355,383,5100,1800,62,Pickup,5,35000,
2016,GMC,Yukon,ICE,6.7,120,18,0,116.3,370,355,383,5400,1700,25.5,SUV,7,50000,
2016,GMC,Yukon XL,ICE,6.8,120,17,0,123.1,360,355,383,5600,1800,25.5,SUV,8,52000,
2016,GMC,Savana,ICE,8.7,105,15,0,139.5,330,285,295,5400,2500,218,Van,12,32000,
2015,GMC,Terrain,ICE,8.8,112,24,0,87.2,430,182,172,3900,1400,29.6,SUV,5,26000,
2015,GMC,Canyon,ICE,7.6,112,22,0,95.1,430,305,269,4100,1500,41,Pickup,5,27000,
2015,GMC,Yukon,HV,6.9,112,21,0,99.7,500,355,383,5600,1600,25.5,SUV,7,51000,
2015,GMC,Acadia,ICE,7.9,112,20,0,104.7,430,288,270,4600,1600,41.7,SUV,7,34000,
2015,GMC,Sierra,HV,6.8,112,20,0,104.7,500,355,383,5200,2000,62,Pickup,6,37000,
2015,GMC,Yukon,ICE,6.9,112,19,0,110.2,480,355,383,5800,1600,25.5,SUV,7,50000,
2015,GMC,Yukon XL,ICE,7,112,18,0,116.3,520,355,383,6000,1700,25.5,SUV,8,53000,
2015,GMC,Sierra,ICE,6.8,112,18,0,116.3,480,355,383,5400,2000,62,Pickup,6,35000,
2015,GMC,Savana,ICE,9.8,100,15,0,139.5,400,285,260,5500,3000,218,Van,2,31000,
2025,Honda,Prologue,EV,5.9,115,0,107,31.5,296,288,333,4800,1200,57.7,SUV,5,48500,
2025,Honda,CR-V,FCV,9,110,55,0,38.1,270,174,229,4100,1100,39,SUV,5,50500,
2025,Honda,Civic,HV,7.9,125,50,0,41.9,600,200,232,3100,900,14.8,Sedan,5,27500,
2025,Honda,Accord,HV,7.2,125,48,0,43.6,610,204,247,3450,1000,16,Sedan,5,32500,
2025,Honda,CR-V,HV,7.4,120,40,0,52.3,540,204,247,3700,1100,39,SUV,5,34500,
2025,Honda,Civic,ICE,7.8,130,34,0,61.6,480,158,138,2950,900,14.8,Sedan,5,24500,
2025,Honda,Accord,ICE,7.5,130,32,0,65.4,500,192,192,3400,1000,16,Sedan,5,28500,
2025,Honda,CR-V,ICE,8.3,120,30,0,69.8,470,190,179,3600,1100,39,SUV,5,30500,
2025,Honda,HR-V,ICE,9.5,115,28,0,74.8,430,158,138,3200,1000,24,SUV,5,25500,
2025,Honda,Passport,ICE,6.6,120,23,0,91,450,280,262,4100,1300,41,SUV,5,38500,
2025,Honda,Odyssey,ICE,7.3,115,22,0,95.1,430,280,262,4400,1400,90,Van,8,37500,
2025,Honda,Pilot,ICE,6.9,120,22,0,95.1,430,285,262,4300,1400,57,SUV,8,39500,
2025,Honda,Ridgeline,ICE,6.5,115,21,0,99.7,420,280,262,4450,1500,34.8,Pickup,5,39500,
2024,Honda,Prologue,EV,6,115,0,107,31.5,296,288,333,4750,1200,57.7,SUV,5,47500,
2024,Honda,CR-V,FCV,9.1,110,55,0,38.1,270,174,229,4050,1100,39,SUV,5,49500,
2024,Honda,Civic,HV,8,125,50,0,41.9,600,200,232,3050,900,14.8,Sedan,5,26500,
2024,Honda,Accord,HV,7.3,125,48,0,43.6,610,204,247,3400,1000,16,Sedan,5,31500,
2024,Honda,CR-V,HV,7.5,120,40,0,52.3,540,204,247,3650,1100,39,SUV,5,33500,
2024,Honda,Civic,ICE,7.9,130,34,0,61.6,480,158,138,2900,900,14.8,Sedan,5,23500,
2024,Honda,Accord,ICE,7.6,130,32,0,65.4,500,192,192,3350,1000,16,Sedan,5,27500,
2024,Honda,CR-V,ICE,8.4,120,30,0,69.8,470,190,179,3550,1100,39,SUV,5,29500,
2024,Honda,HR-V,ICE,9.6,115,28,0,74.8,430,158,138,3150,1000,24,SUV,5,24500,
2024,Honda,Passport,ICE,6.7,120,23,0,91,450,280,262,4050,1300,41,SUV,5,37500,
2024,Honda,Odyssey,ICE,7.4,115,22,0,95.1,430,280,262,4350,1400,90,Van,8,36500,
2024,Honda,Pilot,ICE,7,120,22,0,95.1,430,285,262,4250,1400,57,SUV,8,38500,
2024,Honda,Ridgeline,ICE,6.6,115,21,0,99.7,420,280,262,4400,1500,34.8,Pickup,5,38500,
2023,Honda,Insight,HV,7.7,120,52,0,40.3,600,151,197,3100,900,15.1,Sedan,5,26500,
2023,Honda,Accord,HV,7.3,125,48,0,43.6,610,204,247,3450,1000,16,Sedan,5,31500,
2023,Honda,CR-V,HV,7.5,120,40,0,52.3,540,204,247,3700,1100,39,SUV,5,33500,
2023,Honda,Civic,ICE,7.9,130,34,0,61.6,480,158,138,2950,900,14.8,Sedan,5,23500,
2023,Honda,Accord,ICE,7.6,130,32,0,65.4,500,192,192,3400,1000,16,Sedan,5,27500,
2023,Honda,CR-V,ICE,8.4,120,30,0,69.8,470,190,179,3600,1100,39,SUV,5,29500,
2023,Honda,HR-V,ICE,9.6,115,28,0,74.8,430,158,138,3200,1000,24,SUV,5,24500,
2023,Honda,Passport,ICE,6.7,120,23,0,91,450,280,262,4100,1300,41,SUV,5,37500,
2023,Honda,Odyssey,ICE,7.4,115,22,0,95.1,430,280,262,4400,1400,90,Van,8,36500,
2023,Honda,Pilot,ICE,7,120,22,0,95.1,430,285,262,4300,1400,57,SUV,8,38500,
2023,Honda,Ridgeline,ICE,6.6,115,21,0,99.7,420,280,262,4450,1500,34.8,Pickup,5,38500,
2022,Honda,Clarity Plug In,PHV,7.9,103,110,0,19,480,212,232,4050,1000,15.5,Sedan,5,34000,
2022,Honda,Clarity Fuel Cell,FCV,8,103,68,0,30.8,360,174,229,4100,1000,15.5,Sedan,5,60000,
2022,Honda,Insight,HV,7.7,115,52,0,40.3,560,151,197,3000,950,15.1,Sedan,5,26000,
2022,Honda,Accord,HV,6.7,115,47,0,44.5,550,212,232,3350,1000,16,Sedan,5,29500,
2022,Honda,CR-V,HV,7.8,115,38,0,55.1,520,212,232,3650,1100,39,SUV,5,30500,
2022,Honda,Accord,ICE,7.4,125,33,0,63.4,480,192,192,3300,1000,16,Sedan,5,26500,
2022,Honda,Civic,ICE,7.1,125,33,0,63.4,480,158,138,2950,950,14.8,Sedan,5,22500,
2022,Honda,CR-V,ICE,7.9,115,28,0,74.8,460,190,179,3550,1100,39,SUV,5,28500,
2022,Honda,HR-V,ICE,9.1,115,28,0,74.8,430,141,127,3200,1000,24,SUV,5,21500,
2022,Honda,Pilot,ICE,7.3,115,23,0,91,440,280,262,4400,1400,57,SUV,7,37500,
2022,Honda,Passport,ICE,7.1,115,23,0,91,440,280,262,4300,1300,41,SUV,5,38500,
2022,Honda,Odyssey,ICE,7.5,120,22,0,95.1,430,280,262,4500,1400,90,Van,7,33500,
2022,Honda,Ridgeline,ICE,7,115,21,0,99.7,430,280,262,4500,1500,33.9,Pickup,5,37500,
2021,Honda,Clarity Electric,EV,7.9,102,0,114,29.6,89,161,221,4050,1000,15.5,Sedan,5,34000,
2021,Honda,Clarity Fuel Cell,FCV,8.7,102,68,0,30.8,360,174,221,4200,1000,15.5,Sedan,5,60000,
2021,Honda,Insight,HV,7.7,120,52,0,40.3,520,151,197,2980,950,15.1,Sedan,5,23500,
2021,Honda,Accord,HV,7.1,120,48,0,43.6,610,212,232,3400,1050,16,Sedan,5,27000,
2021,Honda,Clarity Plug In,PHV,7.7,102,42,0,49.8,340,212,232,4050,1000,15.5,Sedan,5,33500,
2021,Honda,CR-V,HV,7.8,115,38,0,55.1,530,212,232,3600,1100,39,SUV,5,30500,
2021,Honda,Fit (Jazz),ICE,8.8,118,33,0,63.4,400,130,114,2600,900,16,Hatchback,5,17000,
2021,Honda,Civic,ICE,7.8,125,31,0,67.5,450,158,138,2800,950,15.1,Sedan,5,21500,
2021,Honda,HR-V,ICE,8.9,115,30,0,69.8,390,141,127,3100,1000,24,SUV,5,22000,
2021,Honda,CR-V,ICE,7.9,120,30,0,69.8,430,190,179,3500,1100,39,SUV,5,26500,
2021,Honda,Accord,ICE,7.4,125,30,0,69.8,450,192,192,3300,1050,16,Sedan,5,25500,
2021,Honda,Pilot,ICE,6.9,120,23,0,91,450,280,262,4300,1500,57,SUV,8,32000,
2021,Honda,Passport,ICE,6.8,120,23,0,91,450,280,262,4200,1500,41,SUV,5,33000,
2021,Honda,Odyssey,ICE,6.5,115,22,0,95.1,420,280,262,4400,1500,90,Van,8,32000,
2021,Honda,Ridgeline,ICE,6.2,115,21,0,99.7,420,280,262,4500,1600,34.5,Pickup,5,36500,
2020,Honda,Clarity Electric,EV,7.6,103,0,114,29.6,89,161,221,4100,1000,15.5,Sedan,5,34000,
2020,Honda,Clarity Plug In,PHV,7.7,103,110,0,19,420,212,232,4050,1000,15.5,Sedan,5,34000,
2020,Honda,Clarity Fuel Cell,FCV,8,103,68,0,30.8,360,174,221,4200,1000,15.5,Sedan,5,60000,
2020,Honda,Insight,HV,7.7,120,52,0,40.3,650,151,197,3000,1000,15.1,Sedan,5,24000,
2020,Honda,Accord,HV,6.7,120,48,0,43.6,600,212,232,3500,1100,16,Sedan,5,28000,
2020,Honda,Civic,HV,7.9,125,44,0,47.6,560,151,197,3000,1000,14.8,Sedan,5,24000,
2020,Honda,CR-V,HV,7.8,120,38,0,55.1,520,212,232,3700,1200,39,SUV,5,31000,
2020,Honda,CR-Z,HV,8.9,125,36,0,58.1,480,130,140,2700,900,16,Hatchback,4,23000,
2020,Honda,Fit (Jazz),ICE,8.5,118,33,0,63.4,480,130,114,2600,900,16,Hatchback,5,17000,
2020,Honda,Civic,ICE,7.4,125,32,0,65.4,480,174,162,2900,1000,14.8,Sedan,5,22000,
2020,Honda,Accord,ICE,7.2,125,30,0,69.8,480,252,273,3400,1100,16,Sedan,5,25000,
2020,Honda,CR-V,ICE,8.2,120,28,0,74.8,470,190,179,3600,1200,39,SUV,5,27000,
2020,Honda,HR-V,ICE,8.8,120,28,0,74.8,470,141,127,3100,1000,24,SUV,5,22000,
2020,Honda,Passport,ICE,6.4,120,22,0,95.1,440,280,262,4200,1500,41,SUV,5,32000,
2020,Honda,Odyssey,ICE,6.5,120,22,0,95.1,440,280,262,4400,1600,90,Minivan,7,33000,
2020,Honda,Pilot,ICE,6.4,120,22,0,95.1,440,280,262,4300,1500,57,SUV,8,34000,
2020,Honda,Ridgeline,ICE,6.3,120,21,0,99.7,430,280,262,4500,1600,33.9,Pickup,5,35000,
2019,Honda,Clarity Electric,EV,7.6,101,0,114,29.6,89,161,221,4100,1100,15.5,Sedan,5,34000,
2019,Honda,Clarity Plug In,PHV,7.4,120,110,0,19,340,212,232,4050,1100,15.5,Sedan,5,34000,
2019,Honda,Clarity Fuel Cell,FCV,7.9,103,68,0,30.8,360,174,221,4200,1100,15.5,Sedan,5,60000,
2019,Honda,Insight,HV,7.7,120,52,0,40.3,640,151,197,3100,1000,15.1,Sedan,5,23000,
2019,Honda,Accord,HV,7.2,120,48,0,43.6,610,212,232,3400,1100,16,Sedan,5,26000,
2019,Honda,CR-Z,HV,8.9,124,37,0,56.6,480,130,127,2700,900,16,Coupe,2,21000,
2019,Honda,Fit (Jazz),ICE,8.7,118,33,0,63.4,440,130,114,2600,900,16,Hatchback,5,17000,
2019,Honda,Civic,ICE,8.2,130,32,0,65.4,460,158,138,2800,1000,15.1,Sedan,5,20000,
2019,Honda,Accord,ICE,7.3,130,30,0,69.8,450,192,192,3300,1100,16,Sedan,5,24000,
2019,Honda,HR-V,ICE,9.2,112,28,0,74.8,430,141,127,3100,1000,24,SUV,5,22000,
2019,Honda,CR-V,ICE,7.8,120,28,0,74.8,430,190,179,3500,1200,39,SUV,5,26000,
2019,Honda,Passport,ICE,6.8,130,23,0,91,420,280,262,4200,1400,41,SUV,5,31000,
2019,Honda,Odyssey,ICE,7.4,120,22,0,95.1,420,280,262,4400,1400,90,Minivan,7,31000,
2019,Honda,Pilot,ICE,6.9,130,22,0,95.1,420,280,262,4300,1400,57,SUV,7,32000,
2019,Honda,Ridgeline,ICE,6.3,120,21,0,99.7,420,280,262,4500,1600,33.9,Pickup,5,33000,
2018,Honda,Clarity Electric,EV,7.6,101,0,114,29.6,89,161,221,4100,1100,15.5,Sedan,5,34000,
2018,Honda,Clarity Plug In,PHV,7.9,103,110,0,19,420,212,232,4000,1100,15.5,Sedan,5,34000,
2018,Honda,Clarity Fuel Cell,FCV,8,103,68,0,30.8,366,174,221,4200,1100,15.5,Sedan,5,60000,
2018,Honda,Insight,HV,7.7,125,52,0,40.3,610,151,197,3000,1000,15.1,Sedan,5,23000,
2018,Honda,Accord,HV,6.7,125,48,0,43.6,560,212,232,3500,1100,16,Sedan,5,26000,
2018,Honda,Civic,HV,7.9,125,42,0,49.8,540,151,197,2900,1000,15.1,Sedan,5,24000,
2018,Honda,CR-Z,HV,8.5,125,37,0,56.6,520,130,127,2700,900,16,Coupe,2,21000,
2018,Honda,Fit (Jazz),ICE,8.2,118,33,0,63.4,480,130,114,2600,900,16,Hatchback,5,17000,
2018,Honda,Civic,ICE,8.2,125,32,0,65.4,480,158,138,2800,1000,15.1,Sedan,5,20000,
2018,Honda,Accord,ICE,7.3,125,30,0,69.8,470,192,192,3300,1100,16,Sedan,5,24000,
2018,Honda,HR-V,ICE,9.2,120,28,0,74.8,440,141,127,3100,1100,24,SUV,5,20000,
2018,Honda,CR-V,ICE,7.6,125,28,0,74.8,450,190,179,3500,1200,39,SUV,5,25000,
2018,Honda,Pilot,ICE,6.9,130,23,0,91,420,280,262,4300,1400,57,SUV,7,32000,
2018,Honda,Odyssey,ICE,6.6,130,22,0,95.1,410,280,262,4500,1400,90,Minivan,8,30000,
2018,Honda,Ridgeline,ICE,6.5,130,22,0,95.1,410,280,262,4500,1400,33.9,Pickup,5,29000,
2017,Honda,Clarity Electric,EV,7.6,101,0,126,26.7,89,161,221,4100,1200,15.5,Sedan,5,34000,
2017,Honda,Clarity Plug In,PHV,7.8,103,110,0,19,570,212,232,4100,1200,15.5,Sedan,5,34000,
2017,Honda,Clarity Fuel Cell,FCV,8,103,68,0,30.8,366,174,221,4200,1200,15.5,Sedan,5,60000,
2017,Honda,Accord,HV,7.2,120,48,0,43.6,610,212,232,3600,1200,15.8,Sedan,5,26000,
2017,Honda,Civic,HV,7.6,120,42,0,49.8,610,158,138,3000,1100,15.1,Sedan,5,24000,
2017,Honda,Insight,HV,10.4,115,41,0,51,540,98,123,2900,1000,16,Hatchback,5,23000,
2017,Honda,CR-Z,HV,8.9,124,37,0,56.6,460,130,127,2800,900,16,Hatchback,4,24000,
2017,Honda,Fit (Jazz),ICE,8.5,120,33,0,63.4,480,130,114,2600,900,16,Hatchback,5,16000,
2017,Honda,Civic,ICE,8.2,125,32,0,65.4,480,174,162,2900,1100,15.1,Sedan,5,20000,
2017,Honda,Accord,ICE,7.3,125,30,0,69.8,480,278,252,3500,1200,15.8,Sedan,5,23000,
2017,Honda,CR-V,ICE,7.8,120,28,0,74.8,450,190,179,3600,1300,39,SUV,5,24000,
2017,Honda,HR-V,ICE,9.2,120,28,0,74.8,440,141,127,3100,1100,24,SUV,5,20000,
2017,Honda,Crosstour,ICE,7.9,125,22,0,95.1,410,278,252,4000,1400,51.3,Wagon,5,28000,
2017,Honda,Odyssey,ICE,7.4,130,22,0,95.1,410,280,262,4400,1500,90,Minivan,7,30000,
2017,Honda,Pilot,ICE,7.3,130,22,0,95.1,420,280,262,4300,1500,57,SUV,7,31000,
2017,Honda,Ridgeline,ICE,7.5,120,21,0,99.7,400,280,262,4500,1500,50,Pickup,5,33000,
2016,Honda,Clarity Fuel Cell,FCV,8.5,100,67,0,31.2,366,174,221,4100,1200,15.9,Sedan,5,60000,
2016,Honda,Accord,HV,7.1,120,47,0,44.5,560,212,232,3500,1300,16,Sedan,5,30000,
2016,Honda,Insight,HV,10.4,115,42,0,49.8,540,98,123,2700,1100,16,Hatchback,5,23000,
2016,Honda,Civic,HV,8.1,125,42,0,49.8,520,158,138,2900,1200,15.1,Sedan,5,24000,
2016,Honda,CR-Z,HV,8.9,125,37,0,56.6,450,130,127,2700,1100,16,Hatchback,2,24000,
2016,Honda,Fit (Jazz),ICE,8.5,118,36,0,58.1,520,130,114,2500,1000,16,Hatchback,5,16000,
2016,Honda,Civic,ICE,8.2,125,34,0,61.6,520,158,138,2800,1200,15.1,Sedan,5,20000,
2016,Honda,HR-V,ICE,8.9,115,31,0,67.5,470,141,127,3000,1200,24,SUV,5,21000,
2016,Honda,Accord,ICE,7.6,125,30,0,69.8,480,185,181,3300,1300,16,Sedan,5,23000,
2016,Honda,CR-V,ICE,7.8,120,29,0,72.2,460,185,181,3500,1300,39,SUV,5,25000,
2016,Honda,Pilot,ICE,7.2,120,23,0,91,420,280,262,4300,1500,57,SUV,8,32000,
2016,Honda,Odyssey,ICE,7.5,120,22,0,95.1,400,248,250,4400,1500,90,Minivan,7,30000,
2016,Honda,Ridgeline,ICE,6.3,120,22,0,95.1,410,280,262,4500,1600,53.9,Pickup,5,33000,
2016,Honda,Crosstour,ICE,7.5,120,22,0,95.1,390,278,252,3900,1400,25.7,Wagon,5,33000,
2015,Honda,Fit (Jazz),EV,9.5,90,0,118,28.6,82,123,189,3000,1000,16,Hatchback,5,36000,
2015,Honda,Accord,PHV,7.8,120,115,0,18.2,640,196,226,3700,1200,13,Sedan,5,35000,
2015,Honda,FCX Clarity,FCV,9.9,100,67,0,31.2,360,134,189,4000,1100,10,Sedan,5,60000,
2015,Honda,Accord,HV,7.1,120,47,0,44.5,610,196,226,3500,1200,16,Sedan,5,30000,
2015,Honda,Civic,HV,7.5,120,44,0,47.6,560,143,129,2900,1100,12.5,Sedan,5,24000,
2015,Honda,Insight,HV,10.6,112,42,0,49.8,520,98,123,2900,1000,16,Hatchback,5,23000,
2015,Honda,Fit (Jazz),ICE,8.9,112,36,0,58.1,460,130,114,2500,1000,16,Hatchback,5,16000,
2015,Honda,CR-Z,HV,8.9,125,36,0,58.1,480,130,140,2700,1000,12,Hatchback,4,21000,
2015,Honda,Civic,ICE,8.2,125,31,0,67.5,450,143,129,2800,1100,12.5,Sedan,5,19000,
2015,Honda,HR-V,ICE,9.2,112,28,0,74.8,430,141,127,3100,1200,24,SUV,5,20000,
2015,Honda,CR-V,ICE,8.1,112,27,0,77.5,440,185,181,3600,1300,39,SUV,5,25000,
2015,Honda,Accord,ICE,7.3,125,27,0,77.5,450,185,181,3400,1200,16,Sedan,5,24000,
2015,Honda,Odyssey,ICE,7.2,112,22,0,95.1,460,248,250,4400,1500,90,Minivan,7,29000,
2015,Honda,Crosstour,ICE,6.8,125,22,0,95.1,430,278,252,3900,1400,51.3,Wagon,5,28000,
2015,Honda,Pilot,ICE,7.3,112,21,0,99.7,450,250,253,4400,1500,57,SUV,7,32000,
2015,Honda,Ridgeline,ICE,7.5,112,21,0,99.7,450,250,253,4500,1500,33.9,Pickup,5,30000,
2025,Hyundai,IONIQ 6,EV,5,115,0,134,25.1,361,320,446,4100,1000,11.2,Sedan,5,42500,
2025,Hyundai,Kona,EV,6.1,104,0,120,28.1,261,201,291,3850,1000,19.2,SUV,5,34500,
2025,Hyundai,IONIQ 5,EV,4.9,115,0,114,29.6,303,320,446,4550,1100,35,SUV,5,45500,
2025,Hyundai,Ioniq 9,EV,5.5,118,0,98,34.4,330,379,516,5600,1400,35,SUV,7,59500,
2025,Hyundai,Tucson (ix35),PHV,6.4,120,80,0,26.2,540,261,258,4200,1100,35,SUV,5,39500,
2025,Hyundai,Santa Fe,PHV,6.6,120,80,0,26.2,560,261,258,4450,1200,35,SUV,5,42500,
2025,Hyundai,Nexo,FCV,9.2,111,57,0,36.7,380,161,291,4200,1100,29.6,SUV,5,60500,
2025,Hyundai,Avante (Elantra),HV,8.4,115,54,0,38.8,560,139,195,3000,900,14.2,Sedan,5,25500,
2025,Hyundai,Sonata,HV,7.6,120,47,0,44.5,600,192,271,3400,950,16,Sedan,5,31500,
2025,Hyundai,Tucson (ix35),HV,7.1,120,38,0,55.1,520,226,258,3800,1100,35,SUV,5,34500,
2025,Hyundai,Santa Fe,HV,7.7,120,36,0,58.1,560,226,258,4050,1200,35,SUV,5,35500,
2025,Hyundai,Avante (Elantra),ICE,7.9,130,33,0,63.4,470,159,146,2950,900,14.2,Sedan,5,22500,
2025,Hyundai,Sonata,ICE,7.8,130,32,0,65.4,480,191,181,3350,950,16,Sedan,5,28500,
2025,Hyundai,Venue,ICE,9.1,115,31,0,67.5,440,121,113,2800,900,18.7,SUV,5,21500,
2025,Hyundai,Kona,ICE,8.2,120,31,0,67.5,450,190,178,3250,1000,19.2,SUV,5,25500,
2025,Hyundai,Tucson (ix35),ICE,8.3,120,29,0,72.2,450,187,178,3600,1100,35,SUV,5,29500,
2025,Hyundai,Santa Fe,ICE,8,120,28,0,74.8,450,191,181,3850,1200,35,SUV,5,30500,
2025,Hyundai,Santa Cruz,ICE,7.4,120,26,0,80.5,450,281,311,3950,1200,27,Pickup,5,29500,
2025,Hyundai,Palisade,ICE,7.1,120,23,0,91,440,291,262,4500,1400,35,SUV,8,39500,
2024,Hyundai,IONIQ 6,EV,5.1,115,0,134,25.1,361,320,446,4050,1000,11.2,Sedan,5,41500,
2024,Hyundai,Kona,EV,6.2,104,0,120,28.1,261,201,291,3800,1000,19.2,SUV,5,33500,
2024,Hyundai,IONIQ 5,EV,5,115,0,114,29.6,303,320,446,4500,1100,35,SUV,5,44500,
2024,Hyundai,Tucson (ix35),PHV,6.5,120,80,0,26.2,540,261,258,4150,1100,35,SUV,5,38500,
2024,Hyundai,Santa Fe,PHV,6.7,120,80,0,26.2,560,261,258,4400,1200,35,SUV,5,41500,
2024,Hyundai,Nexo,FCV,9.3,111,57,0,36.7,380,161,291,4150,1100,29.6,SUV,5,59500,
2024,Hyundai,Avante (Elantra),HV,8.5,115,54,0,38.8,560,139,195,3000,900,14.2,Sedan,5,24500,
2024,Hyundai,Sonata,HV,7.7,120,47,0,44.5,600,192,271,3400,950,16,Sedan,5,30500,
2024,Hyundai,Tucson (ix35),HV,7.2,120,38,0,55.1,520,226,258,3750,1100,35,SUV,5,33500,
2024,Hyundai,Santa Fe,HV,7.8,120,36,0,58.1,560,226,258,4000,1200,35,SUV,5,34500,
2024,Hyundai,Avante (Elantra),ICE,8,130,33,0,63.4,470,159,146,2950,900,14.2,Sedan,5,21500,
2024,Hyundai,Sonata,ICE,7.9,130,32,0,65.4,480,191,181,3350,950,16,Sedan,5,27500,
2024,Hyundai,Venue,ICE,9.2,115,31,0,67.5,440,121,113,2750,900,18.7,SUV,5,20500,
2024,Hyundai,Kona,ICE,8.3,120,31,0,67.5,450,190,178,3200,1000,19.2,SUV,5,24500,
2024,Hyundai,Tucson (ix35),ICE,8.4,120,29,0,72.2,450,187,178,3550,1100,35,SUV,5,28500,
2024,Hyundai,Santa Fe,ICE,8.1,120,28,0,74.8,450,191,181,3800,1200,35,SUV,5,29500,
2024,Hyundai,Santa Cruz,ICE,7.5,120,26,0,80.5,450,281,311,3900,1200,27,Pickup,5,28500,
2024,Hyundai,Palisade,ICE,7.2,120,23,0,91,440,291,262,4450,1400,35,SUV,8,38500,
2023,Hyundai,IONIQ 6,EV,5.1,115,0,121,27.9,361,320,446,4100,1000,11.2,Sedan,5,41500,
2023,Hyundai,Kona,EV,6.4,104,0,120,28.1,258,201,291,3750,1000,35,SUV,5,33500,
2023,Hyundai,IONIQ 5,EV,5.2,115,0,114,29.6,303,320,446,4300,1100,35,SUV,5,41500,
2023,Hyundai,Tucson (ix35),PHV,6.9,120,80,0,26.2,560,261,258,4200,1100,35,SUV,5,39500,
2023,Hyundai,Santa Fe,PHV,6.8,120,76,0,27.5,550,261,258,4400,1200,35,SUV,5,40500,
2023,Hyundai,Nexo,FCV,9.2,111,61,0,34.3,380,161,291,4150,1100,29.6,SUV,5,60500,
2023,Hyundai,Avante (Elantra),HV,8.4,120,50,0,41.9,600,139,195,3000,900,14.2,Sedan,5,25500,
2023,Hyundai,Sonata,HV,7.6,125,47,0,44.5,610,192,271,3450,1000,16,Sedan,5,29500,
2023,Hyundai,Tucson (ix35),HV,7.4,120,38,0,55.1,540,226,258,3800,1100,35,SUV,5,32500,
2023,Hyundai,Accent (Verna),ICE,8.8,115,36,0,58.1,470,120,113,2550,900,13.7,Sedan,5,17500,
2023,Hyundai,Santa Fe,HV,7.8,120,36,0,58.1,520,226,258,4000,1200,35,SUV,5,33500,
2023,Hyundai,Avante (Elantra),ICE,8.1,125,33,0,63.4,480,147,132,2950,900,14.2,Sedan,5,21500,
2023,Hyundai,Venue,ICE,9.9,115,31,0,67.5,450,121,113,2600,900,31.9,SUV,5,20500,
2023,Hyundai,Sonata,ICE,7.9,130,31,0,67.5,480,191,181,3400,1000,16,Sedan,5,25500,
2023,Hyundai,Kona,ICE,8.5,120,30,0,69.8,430,147,132,3200,1000,35,SUV,5,22500,
2023,Hyundai,Tucson (ix35),ICE,8.3,120,29,0,72.2,450,187,178,3600,1100,35,SUV,5,27500,
2023,Hyundai,Veloster,ICE,6.1,155,28,0,74.8,430,275,260,3200,900,19.9,Hatchback,4,29500,
2023,Hyundai,Santa Fe,ICE,8.1,120,26,0,80.5,450,191,181,3800,1200,35,SUV,5,28500,
2023,Hyundai,Santa Cruz,ICE,7.4,120,23,0,91,430,281,311,4050,1400,27,Pickup,5,31500,
2023,Hyundai,Palisade,ICE,7.2,120,22,0,95.1,430,291,262,4500,1400,35,SUV,8,39500,
2022,Hyundai,Ioniq,EV,7.4,103,0,133,25.3,303,168,291,3700,950,23.9,Hatchback,5,34500,
2022,Hyundai,Kona,EV,6.4,104,0,120,28.1,258,201,291,3800,1000,35,SUV,5,34500,
2022,Hyundai,Ioniq,PHV,7.9,115,119,0,17.6,640,168,195,3300,950,23.9,Hatchback,5,26500,
2022,Hyundai,IONIQ 5,EV,5.4,115,0,114,29.6,303,320,446,4200,1100,35,SUV,5,42000,
2022,Hyundai,Tucson (ix35),PHV,6.6,115,80,0,26.2,540,261,258,4150,1100,35,SUV,5,39500,
2022,Hyundai,Santa Fe,PHV,6.9,115,77,0,27.2,540,261,258,4200,1200,35,SUV,5,39500,
2022,Hyundai,Nexo,FCV,9.2,111,61,0,34.3,380,161,291,4100,1000,29.6,SUV,5,60500,
2022,Hyundai,Ioniq,HV,8.2,115,58,0,36.1,610,139,195,3050,950,23.9,Hatchback,5,23500,
2022,Hyundai,Avante (Elantra),HV,8.4,115,53,0,39.5,560,139,195,3000,950,14.2,Sedan,5,24500,
2022,Hyundai,Sonata,HV,7.6,115,47,0,44.5,550,192,271,3400,1000,16,Sedan,5,28500,
2022,Hyundai,Tucson (ix35),HV,7.8,115,38,0,55.1,520,226,258,3700,1100,35,SUV,5,30500,
2022,Hyundai,Santa Fe,HV,7.9,115,36,0,58.1,500,226,258,3850,1200,35,SUV,5,31500,
2022,Hyundai,Avante (Elantra),ICE,8.1,125,36,0,58.1,500,147,132,2850,950,14.2,Sedan,5,20500,
2022,Hyundai,Accent (Verna),ICE,8.8,115,33,0,63.4,480,120,113,2550,900,13.7,Sedan,5,17000,
2022,Hyundai,Venue,ICE,9.7,115,31,0,67.5,480,121,113,2850,900,31.9,SUV,5,19500,
2022,Hyundai,Sonata,ICE,7.8,130,31,0,67.5,480,191,181,3350,1000,16,Sedan,5,25500,
2022,Hyundai,Kona,ICE,8.6,120,30,0,69.8,460,147,132,3050,1000,35,SUV,5,21500,
2022,Hyundai,Veloster,ICE,6.5,155,29,0,72.2,450,201,195,2950,900,19.9,Hatchback,4,23000,
2022,Hyundai,Tucson (ix35),ICE,8.8,120,26,0,80.5,450,187,178,3600,1100,35,SUV,5,26500,
2022,Hyundai,Santa Fe,ICE,8.6,120,26,0,80.5,450,191,181,3750,1200,35,SUV,5,27500,
2022,Hyundai,Santa Cruz,ICE,7.8,115,23,0,91,440,281,311,4000,1400,27,Pickup,5,25500,
2022,Hyundai,Palisade,ICE,7.1,120,22,0,95.1,440,291,262,4500,1500,35,SUV,7,35500,
2021,Hyundai,Ioniq,EV,8.2,103,0,133,25.3,170,134,218,3150,1000,23,Hatchback,5,33500,
2021,Hyundai,Kona,EV,6.4,104,0,120,28.1,258,201,291,3800,1000,19.2,SUV,5,37500,
2021,Hyundai,IONIQ 5,EV,5.2,115,0,114,29.6,300,225,258,4200,1100,27.2,SUV,5,41000,
2021,Hyundai,Nexo,FCV,9.2,111,65,0,32.2,380,161,291,4100,1000,29.6,SUV,5,58500,
2021,Hyundai,Ioniq,HV,8.6,115,58,0,36.1,600,139,195,3000,1000,23,Hatchback,5,23500,
2021,Hyundai,Ioniq,PHV,7.4,115,52,0,40.3,550,139,195,3200,1000,23,Hatchback,5,26500,
2021,Hyundai,Avante (Elantra),HV,8.4,120,50,0,41.9,560,139,195,2900,950,14.2,Sedan,5,23500,
2021,Hyundai,Sonata,HV,7.2,120,47,0,44.5,620,192,271,3400,1050,16,Sedan,5,27500,
2021,Hyundai,Sonata,PHV,7.6,120,42,0,49.8,590,192,271,3500,1050,16,Sedan,5,33500,
2021,Hyundai,Tucson (ix35),HV,7.9,120,38,0,55.1,520,226,258,3600,1100,35,SUV,5,30000,
2021,Hyundai,Accent (Verna),ICE,8.5,118,36,0,58.1,430,120,113,2550,900,13.7,Sedan,5,16000,
2021,Hyundai,Tucson (ix35),PHV,7.7,120,35,0,59.8,510,261,258,3900,1100,35,SUV,5,35000,
2021,Hyundai,Santa Fe,HV,7.8,120,34,0,61.6,510,226,258,3800,1200,35,SUV,5,29000,
2021,Hyundai,Santa Fe,PHV,7.5,120,33,0,63.4,500,261,258,4100,1200,35,SUV,5,35000,
2021,Hyundai,Avante (Elantra),ICE,8.1,125,33,0,63.4,450,147,132,2850,950,14.2,Sedan,5,20000,
2021,Hyundai,Venue,ICE,9.9,110,32,0,65.4,410,121,113,2700,900,18.7,SUV,5,19500,
2021,Hyundai,Sonata,ICE,7.9,125,31,0,67.5,460,191,181,3300,1050,16,Sedan,5,24500,
2021,Hyundai,Kona,ICE,8.6,120,30,0,69.8,400,175,195,3100,1000,19.2,SUV,5,21500,
2021,Hyundai,Veloster,ICE,6.9,130,30,0,69.8,420,201,195,3000,900,19.9,Hatchback,4,23000,
2021,Hyundai,Tucson (ix35),ICE,8.2,120,29,0,72.2,430,187,178,3400,1100,35,SUV,5,26000,
2021,Hyundai,Santa Fe,ICE,8,120,26,0,80.5,430,191,181,3600,1200,35,SUV,5,26500,
2021,Hyundai,Santa Cruz,ICE,7.4,120,23,0,91,420,191,181,3900,1400,27,Pickup,5,25000,
2021,Hyundai,Palisade,ICE,6.9,120,22,0,95.1,420,291,262,4400,1500,35,SUV,8,33000,
2020,Hyundai,Ioniq,EV,7.8,103,0,133,25.3,170,134,218,3300,1000,23.8,Hatchback,5,31000,
2020,Hyundai,Kona,EV,6.4,104,0,120,28.1,258,201,291,3700,1100,19.2,SUV,5,37000,
2020,Hyundai,Ioniq,PHV,7.6,115,119,0,17.6,430,168,195,3300,1000,23.8,Hatchback,5,28000,
2020,Hyundai,Sonata,PHV,7.6,120,99,0,21.1,430,202,139,3600,1100,16,Sedan,5,33000,
2020,Hyundai,Nexo,FCV,9.2,111,65,0,32.2,380,161,291,4200,1200,29.6,SUV,5,58000,
2020,Hyundai,Ioniq,HV,8.9,115,58,0,36.1,700,139,195,3000,1000,23.8,Hatchback,5,23000,
2020,Hyundai,Sonata,HV,7.4,120,47,0,44.5,620,192,139,3400,1100,16,Sedan,5,28000,
2020,Hyundai,Accent (Verna),ICE,8.4,118,36,0,58.1,500,120,113,2500,900,13.7,Sedan,5,17000,
2020,Hyundai,Venue,ICE,9.5,110,32,0,65.4,480,121,113,2600,900,18.7,SUV,5,19000,
2020,Hyundai,Sonata,ICE,7.9,120,32,0,65.4,480,191,181,3300,1100,16,Sedan,5,24000,
2020,Hyundai,Avante (Elantra),ICE,7.9,125,32,0,65.4,480,147,132,2900,1000,14.4,Sedan,5,20000,
2020,Hyundai,Kona,ICE,8.6,120,30,0,69.8,470,175,195,3200,1100,19.2,SUV,5,22000,
2020,Hyundai,Veloster,ICE,7.2,130,28,0,74.8,450,201,195,3000,1000,19.9,Hatchback,4,23000,
2020,Hyundai,Tucson (ix35),ICE,8.9,120,26,0,80.5,460,175,195,3600,1200,31,SUV,5,25000,
2020,Hyundai,Santa Fe,ICE,7.8,120,25,0,83.7,470,235,260,3800,1300,35,SUV,5,29000,
2020,Hyundai,Palisade,ICE,6.9,120,21,0,99.7,440,291,262,4600,1600,18,SUV,8,32000,
2019,Hyundai,Ioniq,EV,9.7,103,0,136,24.8,170,134,218,3300,1000,23,Hatchback,5,30000,
2019,Hyundai,Kona,EV,6.4,104,0,120,28.1,258,201,291,3800,1100,35,SUV,5,37000,
2019,Hyundai,Ioniq,PHV,7.4,120,119,0,17.6,630,139,195,3300,1000,23,Hatchback,5,27000,
2019,Hyundai,Sonata,PHV,7.5,120,99,0,21.1,600,193,139,3600,1100,16,Sedan,5,32000,
2019,Hyundai,Ioniq,HV,8.9,115,58,0,36.1,690,139,195,3000,1000,23,Hatchback,5,23000,
2019,Hyundai,Nexo,FCV,9.2,111,57,0,36.7,380,161,291,4100,1100,29.6,SUV,5,59000,
2019,Hyundai,Sonata,HV,7.6,120,52,0,40.3,630,193,139,3500,1100,16,Sedan,5,27000,
2019,Hyundai,Accent (Verna),ICE,8.9,115,33,0,63.4,460,120,113,2600,900,13.7,Sedan,5,16000,
2019,Hyundai,Avante (Elantra),ICE,8.5,124,32,0,65.4,470,147,132,2900,1000,14.4,Sedan,5,19000,
2019,Hyundai,Venue,ICE,9.9,115,31,0,67.5,440,121,113,2600,900,31.9,SUV,5,18000,
2019,Hyundai,Kona,ICE,8.6,130,30,0,69.8,430,175,195,3000,1000,35,SUV,5,21000,
2019,Hyundai,Veloster,ICE,7.1,130,28,0,74.8,430,201,195,2900,1000,19.9,Hatchback,4,22000,
2019,Hyundai,Sonata,ICE,7.8,130,28,0,74.8,430,191,181,3400,1100,16,Sedan,5,24000,
2019,Hyundai,Tucson (ix35),ICE,8.8,125,26,0,80.5,430,164,151,3500,1200,35,SUV,5,24000,
2019,Hyundai,Santa Fe,ICE,7.9,130,25,0,83.7,430,235,260,3800,1200,35,SUV,5,26000,
2019,Hyundai,Palisade,ICE,7.1,130,22,0,95.1,420,291,262,4400,1400,35,SUV,7,32000,
2018,Hyundai,Ioniq,EV,9.5,102,0,124,27.2,124,134,218,3100,1000,23,Hatchback,5,30000,
2018,Hyundai,Ioniq,PHV,10,115,119,0,17.6,630,139,195,3200,1000,23,Hatchback,5,25000,
2018,Hyundai,Sonata,PHV,8.1,125,99,0,21.1,420,193,188,3800,1100,16,Sedan,5,33000,
2018,Hyundai,Nexo,FCV,9.2,111,61,0,34.3,380,161,291,4100,1200,29.6,SUV,5,59000,
2018,Hyundai,Ioniq,HV,9.7,115,58,0,36.1,690,139,195,3000,1000,23,Hatchback,5,23000,
2018,Hyundai,Sonata,HV,7.4,125,42,0,49.8,560,193,188,3600,1100,16,Sedan,5,27000,
2018,Hyundai,Accent (Verna),ICE,9.8,120,33,0,63.4,480,130,119,2500,900,13.7,Sedan,5,16000,
2018,Hyundai,Avante (Elantra),ICE,8.3,125,32,0,65.4,480,147,132,2900,1000,14.4,Sedan,5,18000,
2018,Hyundai,Kona,ICE,7.6,130,30,0,69.8,450,175,195,3200,1100,35,SUV,5,21000,
2018,Hyundai,Veloster,ICE,7.3,130,30,0,69.8,450,201,195,3000,1000,19.9,Hatchback,4,19000,
2018,Hyundai,Sonata,ICE,7.8,125,29,0,72.2,460,185,178,3400,1100,16,Sedan,5,23000,
2018,Hyundai,Tucson (ix35),ICE,8.8,125,26,0,80.5,430,164,151,3500,1200,35,SUV,5,24000,
2018,Hyundai,Santa Fe,ICE,7.5,130,23,0,91,420,290,252,4200,1400,35,SUV,5,28000,
2018,Hyundai,Azera,ICE,6.8,130,23,0,91,420,293,255,3800,1200,16,Sedan,5,33000,
2018,Hyundai,Hyundai Genesis,ICE,6.5,130,22,0,95.1,420,311,293,4300,1200,15.3,Sedan,5,39000,
2017,Hyundai,Ioniq,EV,9.5,103,0,124,27.2,124,134,218,3150,1100,23,Hatchback,5,30000,
2017,Hyundai,Sonata,PHV,7.4,120,99,0,21.1,600,202,154,3800,1200,16,Sedan,5,35000,
2017,Hyundai,Tucson (ix35),FCV,8.7,104,65,0,32.2,265,161,291,4200,1300,35,SUV,5,50000,
2017,Hyundai,Ioniq,HV,8.9,115,58,0,36.1,690,139,195,3050,1100,23,Hatchback,5,23000,
2017,Hyundai,Sonata,HV,7.6,120,42,0,49.8,610,193,154,3500,1200,16,Sedan,5,26000,
2017,Hyundai,Accent (Verna),ICE,9.9,115,33,0,63.4,480,137,123,2500,900,13.7,Sedan,5,16000,
2017,Hyundai,Avante (Elantra),ICE,8.3,120,32,0,65.4,480,147,132,2900,1100,14.4,Sedan,5,18000,
2017,Hyundai,Sonata,ICE,7.9,125,28,0,74.8,460,245,260,3400,1200,16,Sedan,5,22000,
2017,Hyundai,Veloster,ICE,7.2,140,27,0,77.5,450,201,195,3000,1100,15.5,Hatchback,4,23000,
2017,Hyundai,Tucson (ix35),ICE,8.8,120,26,0,80.5,440,175,195,3500,1300,35,SUV,5,24000,
2017,Hyundai,Other/Adjustment,ICE,8.5,120,25,0,83.7,430,180,170,3500,1200,40,Other,5,20000,
2017,Hyundai,Azera,ICE,6.6,140,23,0,91,420,293,255,3800,1300,16,Sedan,5,34000,
2017,Hyundai,Santa Fe,ICE,7.5,130,20,0,104.7,410,290,252,4200,1500,35,SUV,7,31000,
2017,Hyundai,Hyundai Genesis,ICE,6.1,155,18,0,116.3,390,311,293,4200,1400,15.9,Sedan,5,38000,
2017,Hyundai,Equus,ICE,5.7,155,16,0,130.8,380,429,376,4700,1400,15.9,Sedan,5,61000,
2016,Hyundai,Sonata,PHV,7.4,120,99,0,21.1,560,193,154,3700,1300,16,Sedan,5,34000,
2016,Hyundai,Sonata,HV,7.5,120,40,0,52.3,520,193,154,3500,1300,16,Sedan,5,27000,
2016,Hyundai,Accent (Verna),ICE,9.5,115,36,0,58.1,520,137,123,2600,1000,13.7,Sedan,5,16000,
2016,Hyundai,Avante (Elantra),ICE,8.8,120,33,0,63.4,480,145,130,2900,1200,14.8,Sedan,5,18000,
2016,Hyundai,Veloster,ICE,7.4,130,30,0,69.8,450,201,195,2900,1200,25,Hatchback,4,22000,
2016,Hyundai,Sonata,ICE,7.8,120,28,0,74.8,460,185,178,3400,1300,16,Sedan,5,22000,
2016,Hyundai,Tucson (ix35),ICE,8.8,120,26,0,80.5,430,175,195,3500,1300,35,SUV,5,25000,
2016,Hyundai,Azera,ICE,6.9,130,23,0,91,410,293,255,3800,1400,16,Sedan,5,33000,
2016,Hyundai,Santa Fe,ICE,7.9,120,22,0,95.1,400,290,252,4200,1500,35,SUV,5,29000,
2016,Hyundai,Hyundai Genesis,ICE,6.5,155,22,0,95.1,420,311,293,4100,1400,15.9,Sedan,5,39000,
2016,Hyundai,Equus,ICE,5.7,155,18,0,116.3,370,429,376,4600,1400,15.9,Sedan,5,62000,
2015,Hyundai,Sonata,PHV,8.1,120,99,0,21.1,600,202,154,3700,1200,13.3,Sedan,5,35000,
2015,Hyundai,Sonata,HV,7.7,120,38,0,55.1,580,199,154,3500,1200,16,Sedan,5,27000,
2015,Hyundai,Avante (Elantra),ICE,8.8,120,32,0,65.4,470,145,130,2800,1100,14.8,Sedan,5,18000,
2015,Hyundai,Accent (Verna),ICE,9.6,112,31,0,67.5,460,137,123,2500,1000,13.7,Sedan,5,16000,
2015,Hyundai,Sonata,ICE,7.6,125,28,0,74.8,460,185,178,3400,1200,16,Sedan,5,22000,
2015,Hyundai,Veloster,ICE,7.8,130,28,0,74.8,450,201,195,2900,1100,15.5,Hatchback,4,22000,
2015,Hyundai,Tucson (ix35),ICE,8.7,112,25,0,83.7,430,182,177,3600,1300,35,SUV,5,24000,
2015,Hyundai,Azera,ICE,6.9,130,23,0,91,440,293,255,3900,1300,16,Sedan,5,34000,
2015,Hyundai,Santa Fe,ICE,7.6,112,22,0,95.1,440,290,252,4300,1500,35,SUV,5,28000,
2015,Hyundai,Hyundai Genesis,ICE,5.9,149,22,0,95.1,440,311,293,3900,1300,15.9,Sedan,5,38000,
2015,Hyundai,Equus,ICE,5.7,155,19,0,110.2,430,429,376,4400,1400,15.5,Sedan,5,61000,
2025,Infiniti,QX50,ICE,6.8,135,26,0,80.5,450,268,280,4100,1100,31.1,SUV,5,45500,
2025,Infiniti,QX55,ICE,6.5,135,26,0,80.5,450,268,280,4150,1100,26.9,SUV,5,48500,
2025,Infiniti,QX60,ICE,6.9,130,23,0,91,430,295,270,4600,1250,41.6,SUV,7,51500,
2025,Infiniti,Q50,ICE,5.8,155,23,0,91,430,300,295,3800,950,13.5,Sedan,5,43500,
2025,Infiniti,QX80 (QX56),ICE,6.5,130,17,0,123.1,400,400,413,6000,1400,43.2,SUV,7,78500,
2024,Infiniti,QX50,ICE,6.9,135,26,0,80.5,450,268,280,4050,1100,31.1,SUV,5,44500,
2024,Infiniti,QX55,ICE,6.6,135,26,0,80.5,450,268,280,4100,1100,26.9,SUV,5,47500,
2024,Infiniti,QX60,ICE,7,130,23,0,91,430,295,270,4550,1250,41.6,SUV,7,50500,
2024,Infiniti,Q50,ICE,5.9,155,23,0,91,430,300,295,3750,950,13.5,Sedan,5,42500,
2024,Infiniti,Q60 (G Coupe),ICE,5.7,155,23,0,91,420,300,295,3800,900,8.7,Coupe,4,45500,
2024,Infiniti,QX80 (QX56),ICE,6.6,130,17,0,123.1,400,400,413,5950,1400,43.2,SUV,7,76500,
2023,Infiniti,QX50,ICE,6.9,135,26,0,80.5,450,268,280,4050,1100,31.1,SUV,5,44500,
2023,Infiniti,QX55,ICE,6.6,135,26,0,80.5,450,268,280,4100,1100,26.9,SUV,5,47500,
2023,Infiniti,QX60,ICE,7,130,23,0,91,430,295,270,4550,1250,41.6,SUV,7,50500,
2023,Infiniti,Q50,ICE,5.9,155,23,0,91,430,300,295,3750,950,13.5,Sedan,5,42500,
2023,Infiniti,Q60 (G Coupe),ICE,5.5,155,23,0,91,420,300,295,3700,900,8.5,Coupe,4,43500,
2023,Infiniti,QX80 (QX56),ICE,6.6,130,17,0,123.1,400,400,413,5950,1400,43.2,SUV,7,76500,
2022,Infiniti,QX50,ICE,6.7,135,26,0,80.5,450,268,280,4100,1100,31.1,SUV,5,39500,
2022,Infiniti,QX55,ICE,6.5,135,26,0,80.5,450,268,280,4150,1100,26.9,SUV,5,44500,
2022,Infiniti,QX60,ICE,6.9,130,23,0,91,430,295,270,4600,1250,41.6,SUV,7,48500,
2022,Infiniti,Q50,ICE,5.8,155,23,0,91,430,300,295,3800,950,13.5,Sedan,5,42500,
2022,Infiniti,Q60 (G Coupe),ICE,5.7,155,22,0,95.1,420,300,295,3850,900,8.7,Coupe,4,43500,
2022,Infiniti,QX80 (QX56),ICE,6.6,130,17,0,123.1,400,400,413,6000,1400,43.2,SUV,7,74500,
2021,Infiniti,QX50,ICE,6.7,135,26,0,80.5,450,268,280,3900,1200,31.1,SUV,5,37000,
2021,Infiniti,QX55,ICE,6.5,135,25,0,83.7,440,268,280,4000,1200,26.9,SUV,5,39000,
2021,Infiniti,QX30,ICE,7.1,130,24,0,87.2,410,208,258,3450,1000,19.9,SUV,5,30000,
2021,Infiniti,QX60,ICE,6.9,120,23,0,91,430,295,270,4300,1500,41.6,SUV,7,45000,
2021,Infiniti,Q50,ICE,5.6,155,23,0,91,430,300,295,3700,1050,13.5,Sedan,5,37000,
2021,Infiniti,Q60 (G Coupe),ICE,5.4,155,22,0,95.1,410,300,295,3800,1000,8.7,Coupe,4,41500,
2021,Infiniti,QX80 (QX56),ICE,6.3,130,16,0,130.8,420,400,413,5800,1700,56,SUV,8,69500,
2020,Infiniti,Q50,HV,5,155,29,0,72.2,500,354,346,3800,1100,13.5,Sedan,5,43000,
2020,Infiniti,QX50,ICE,6.3,120,27,0,77.5,470,268,280,3900,1300,31.1,SUV,5,37000,
2020,Infiniti,QX30,ICE,7.4,120,26,0,80.5,470,208,258,3600,1100,19.9,SUV,5,30000,
2020,Infiniti,Q70 (M),HV,5.8,130,24,0,87.2,460,360,350,4200,1200,14.9,Sedan,5,52000,
2020,Infiniti,Q50,ICE,5.4,155,24,0,87.2,430,300,295,3700,1100,13.5,Sedan,5,38000,
2020,Infiniti,Q60 (G Coupe),ICE,5,155,23,0,91,420,300,295,3800,1000,8.7,Coupe,4,41000,
2020,Infiniti,QX60,ICE,7.5,120,22,0,95.1,440,295,270,4300,1500,15.8,SUV,7,42000,
2020,Infiniti,Q70 (M),ICE,6,130,21,0,99.7,430,330,325,4100,1200,14.9,Sedan,5,48000,
2020,Infiniti,QX80 (QX56),ICE,6.5,130,16,0,130.8,420,400,413,5700,1700,16.6,SUV,7,65000,
2019,Infiniti,Q50,HV,5,155,28,0,74.8,500,360,405,3800,1100,13.5,Sedan,5,42000,
2019,Infiniti,QX50,ICE,6.3,143,26,0,80.5,440,268,280,3900,1200,29.6,SUV,5,37000,
2019,Infiniti,Q70 (M),HV,5.3,155,26,0,80.5,520,360,405,4100,1100,14.9,Sedan,5,47000,
2019,Infiniti,QX30,ICE,6.5,132,25,0,83.7,430,208,258,3500,1100,19.9,SUV,5,30000,
2019,Infiniti,QX60,ICE,7.9,120,23,0,91,420,295,270,4300,1400,34.8,SUV,7,42000,
2019,Infiniti,Q50,ICE,5.1,155,23,0,91,420,300,295,3700,1100,13.5,Sedan,5,36000,
2019,Infiniti,Q60 (G Coupe),ICE,4.5,155,23,0,91,420,300,295,3800,1000,8.7,Coupe,4,41000,
2019,Infiniti,Q70 (M),ICE,5.6,155,21,0,99.7,400,330,270,4000,1100,14.9,Sedan,5,43000,
2019,Infiniti,QX70,ICE,5.8,155,20,0,104.7,400,325,267,4300,1300,24.8,SUV,5,46000,
2019,Infiniti,QX80 (QX56),ICE,6.5,130,15,0,139.5,375,400,413,5600,1600,43.2,SUV,7,65000,
2018,Infiniti,Q50,HV,5.1,155,29,0,72.2,480,360,350,3800,1100,13.5,Sedan,5,48000,
2018,Infiniti,Q70 (M),HV,5.5,155,28,0,74.8,470,360,350,4200,1200,14.9,Sedan,5,52000,
2018,Infiniti,QX50,ICE,6.4,130,25,0,83.7,440,268,280,4000,1200,29.6,SUV,5,36000,
2018,Infiniti,QX30,ICE,7.2,130,24,0,87.2,420,208,258,3600,1100,19,SUV,5,30000,
2018,Infiniti,Q50,ICE,5.4,155,24,0,87.2,430,300,295,3700,1100,13.5,Sedan,5,38000,
2018,Infiniti,QX60,ICE,7.8,130,23,0,91,420,295,270,4300,1400,34.8,SUV,7,44000,
2018,Infiniti,Q60 (G Coupe),ICE,5.2,155,23,0,91,420,300,295,3850,1000,8.7,Coupe,4,41000,
2018,Infiniti,Q70 (M),ICE,5.7,155,22,0,95.1,410,330,325,4100,1200,14.9,Sedan,5,50000,
2018,Infiniti,QX70,ICE,6.3,145,21,0,99.7,390,325,363,4300,1200,24.8,SUV,5,48000,
2018,Infiniti,QX80 (QX56),ICE,6.5,130,15,0,139.5,360,400,413,5600,1500,43.2,SUV,7,65000,
2017,Infiniti,Q50,HV,6.8,130,27,0,77.5,460,214,243,3700,1200,13.5,Sedan,5,33000,
2017,Infiniti,QX60,HV,7.8,125,26,0,80.5,450,250,243,4300,1500,34.5,SUV,7,44000,
2017,Infiniti,QX30,ICE,7.4,130,24,0,87.2,410,208,258,3600,1300,19.9,SUV,5,29000,
2017,Infiniti,Q70 (M),HV,6.9,130,24,0,87.2,430,360,258,4100,1300,14.9,Sedan,5,43000,
2017,Infiniti,QX60,ICE,7.7,125,22,0,95.1,420,295,270,4400,1500,34.5,SUV,7,41000,
2017,Infiniti,Q50,ICE,5.8,155,22,0,95.1,410,300,295,3800,1200,13.5,Sedan,5,36000,
2017,Infiniti,Q60 (G Coupe),ICE,5.6,155,22,0,95.1,410,300,295,3900,1200,8.7,Coupe,4,40000,
2017,Infiniti,QX50,ICE,6.5,145,21,0,99.7,400,325,267,4100,1400,29.6,SUV,5,34000,
2017,Infiniti,Q70 (M),ICE,6.2,155,20,0,104.7,400,330,270,4200,1300,14.9,Sedan,5,39000,
2017,Infiniti,QX70,ICE,6.8,155,18,0,116.3,390,325,267,4300,1400,28.2,SUV,5,43000,
2017,Infiniti,QX80 (QX56),ICE,6.5,130,16,0,130.8,380,400,413,5800,1600,43.2,SUV,7,65000,
2016,Infiniti,Q50,HV,5.1,155,27,0,77.5,440,360,258,3900,1400,13.5,Sedan,5,47000,
2016,Infiniti,QX60,HV,6.5,120,26,0,80.5,430,250,243,4500,1500,34.8,SUV,7,44000,
2016,Infiniti,QX30,ICE,8,125,26,0,80.5,420,208,258,3500,1300,27.7,SUV,5,29000,
2016,Infiniti,Q70 (M),HV,5.9,155,26,0,80.5,430,360,350,4200,1400,14.9,Sedan,5,50000,
2016,Infiniti,Q40,ICE,6.2,155,25,0,83.7,420,328,269,3800,1400,13.5,Sedan,5,33000,
2016,Infiniti,QX50,ICE,5.8,155,24,0,87.2,410,325,267,3900,1400,29.6,SUV,5,36000,
2016,Infiniti,Q50,ICE,5.5,155,24,0,87.2,420,328,269,3800,1400,13.5,Sedan,5,37000,
2016,Infiniti,Q60 (G Coupe),ICE,5.6,155,24,0,87.2,410,300,295,3800,1300,8.2,Coupe,4,40000,
2016,Infiniti,Q70 (M),ICE,6.3,155,23,0,91,410,330,270,4100,1400,14.9,Sedan,5,42000,
2016,Infiniti,QX60,ICE,6.8,120,22,0,95.1,400,265,248,4400,1500,34.8,SUV,7,41000,
2016,Infiniti,QX70,ICE,5.9,155,21,0,99.7,380,325,267,4300,1400,28.2,SUV,5,43000,
2016,Infiniti,QX80 (QX56),ICE,6.4,120,16,0,130.8,350,400,413,5700,1700,43.2,SUV,7,64000,
2015,Infiniti,Q50,HV,5.5,155,29,0,72.2,520,360,258,3900,1300,13.5,Sedan,5,47000,
2015,Infiniti,QX60,HV,7.7,112,26,0,80.5,480,250,243,4400,1500,34.8,SUV,7,43000,
2015,Infiniti,Q70 (M),HV,5.9,155,26,0,80.5,520,360,258,4200,1400,14.9,Sedan,5,52000,
2015,Infiniti,QX50,ICE,6.4,155,23,0,91,440,325,267,3900,1300,47.5,SUV,5,36000,
2015,Infiniti,Q50,ICE,5.8,155,23,0,91,450,328,269,3800,1300,13.5,Sedan,5,37000,
2015,Infiniti,QX60,ICE,7.5,112,22,0,95.1,450,265,248,4300,1500,34.8,SUV,7,39000,
2015,Infiniti,Q40,ICE,5.9,155,22,0,95.1,440,328,269,3800,1300,13.5,Sedan,5,33000,
2015,Infiniti,Q60 (G Coupe),ICE,5.5,155,22,0,95.1,440,330,270,3900,1200,8.8,Coupe,4,42000,
2015,Infiniti,Q70 (M),ICE,6.3,155,21,0,99.7,440,330,270,4200,1400,14.9,Sedan,5,47000,
2015,Infiniti,QX70,ICE,6.2,155,19,0,110.2,420,325,267,4200,1400,24.8,SUV,5,47000,
2015,Infiniti,QX80 (QX56),ICE,6.5,112,16,0,130.8,420,400,413,5800,1700,43.2,SUV,7,65000,
2025,Jeep,Wagoneer S,EV,3.5,124,0,95,35.5,300,600,617,5600,1300,30,SUV,5,72500,
2025,Jeep,Grand Cherokee,PHV,6.2,120,56,0,37.4,520,375,470,5200,1300,37.7,SUV,5,61500,
2025,Jeep,Wrangler,PHV,6,112,49,0,42.7,500,375,470,5100,1200,31.7,SUV,5,54500,
2025,Jeep,Compass,ICE,8.1,120,28,0,74.8,450,200,221,3550,1000,27.2,SUV,5,28500,
2025,Jeep,Renegade,ICE,8.5,115,26,0,80.5,420,177,210,3450,1000,18.5,SUV,5,25500,
2025,Jeep,Cherokee,ICE,7.5,120,25,0,83.7,430,271,239,3900,1100,54.7,SUV,5,31500,
2025,Jeep,Patriot,ICE,9.2,110,23,0,91,420,172,165,3400,1000,23,SUV,5,24500,
2025,Jeep,Grand Cherokee,ICE,6.7,120,23,0,91,440,293,260,4800,1300,37.7,SUV,5,45500,
2025,Jeep,Wrangler,ICE,6.8,112,22,0,95.1,430,285,260,4700,1200,31.7,SUV,5,39500,
2025,Jeep,Gladiator,ICE,7.2,110,20,0,104.7,420,285,260,4900,1700,35.5,Pickup,5,39500,
2025,Jeep,Wagoneer,ICE,6.2,120,16,0,130.8,420,420,468,6000,1500,42.1,SUV,7,74500,
2025,Jeep,Grand Wagoneer,ICE,5.9,120,15,0,139.5,410,510,500,6200,1500,42.1,SUV,7,89500,
2024,Jeep,Wagoneer S,EV,4.5,124,0,90,37.4,300,600,617,5800,1400,30,SUV,5,69500,
2024,Jeep,Grand Cherokee,PHV,6.3,120,56,0,37.4,520,375,470,5200,1400,36.3,SUV,5,62500,
2024,Jeep,Wrangler,PHV,6,112,49,0,42.7,520,375,470,5100,1200,31.7,SUV,5,55500,
2024,Jeep,Compass,ICE,9,115,27,0,77.5,460,200,221,3500,1100,27.2,SUV,5,28500,
2024,Jeep,Renegade,ICE,8.7,115,27,0,77.5,430,177,210,3300,1100,18.5,SUV,5,25500,
2024,Jeep,Cherokee,ICE,7.6,120,25,0,83.7,450,271,295,4100,1200,54.7,SUV,5,33500,
2024,Jeep,Wrangler,ICE,7.3,112,22,0,95.1,430,285,260,4700,1200,31.7,SUV,5,39500,
2024,Jeep,Grand Cherokee,ICE,7.1,120,22,0,95.1,450,293,257,4900,1400,36.3,SUV,5,42500,
2024,Jeep,Gladiator,ICE,7.9,112,19,0,110.2,420,285,260,5000,1700,35.5,Pickup,5,39500,
2024,Jeep,Wagoneer,ICE,6.4,120,17,0,123.1,440,420,468,6200,1600,42.1,SUV,7,64500,
2024,Jeep,Grand Wagoneer,ICE,5.9,120,15,0,139.5,420,510,500,6500,1600,42.1,SUV,7,87500,
2023,Jeep,Grand Cherokee,PHV,6.2,120,56,0,37.4,520,375,470,5200,1300,37.7,SUV,5,59500,
2023,Jeep,Wrangler,PHV,6,112,49,0,42.7,500,375,470,5100,1200,31.7,SUV,5,52500,
2023,Jeep,Compass,ICE,8.1,120,28,0,74.8,450,200,221,3550,1000,27.2,SUV,5,27500,
2023,Jeep,Renegade,ICE,8.5,115,26,0,80.5,420,177,210,3450,1000,18.5,SUV,5,24500,
2023,Jeep,Cherokee,ICE,7.5,120,25,0,83.7,430,271,239,3900,1100,54.7,SUV,5,30500,
2023,Jeep,Patriot,ICE,9.3,110,23,0,91,420,172,165,3400,1000,23,SUV,5,23500,
2023,Jeep,Grand Cherokee,ICE,6.7,120,23,0,91,440,293,260,4800,1300,37.7,SUV,5,43500,
2023,Jeep,Wrangler,ICE,6.8,112,22,0,95.1,430,285,260,4700,1200,31.7,SUV,5,38500,
2023,Jeep,Gladiator,ICE,7.2,110,20,0,104.7,420,285,260,4900,1700,35.5,Pickup,5,37500,
2023,Jeep,Wagoneer,ICE,6.2,120,16,0,130.8,420,420,468,6000,1500,42.1,SUV,7,72500,
2023,Jeep,Grand Wagoneer,ICE,5.9,120,15,0,139.5,410,510,500,6200,1500,42.1,SUV,7,87500,
2022,Jeep,Grand Cherokee,PHV,6.1,120,56,0,37.4,520,375,470,5000,1300,37.7,SUV,5,59500,
2022,Jeep,Wrangler,PHV,6,112,49,0,42.7,520,375,470,4800,1200,31.7,SUV,5,54500,
2022,Jeep,Renegade,ICE,8.8,115,27,0,77.5,430,177,210,3300,1000,18.5,SUV,5,24500,
2022,Jeep,Compass,ICE,9.2,115,26,0,80.5,420,177,172,3500,1000,27.2,SUV,5,26000,
2022,Jeep,Cherokee,ICE,7.6,115,25,0,83.7,430,271,295,4100,1200,25.8,SUV,5,32500,
2022,Jeep,Patriot,ICE,9.8,112,23,0,91,410,172,165,3400,1000,23,SUV,5,23500,
2022,Jeep,Grand Cherokee,ICE,6.8,120,23,0,91,450,293,257,4700,1300,37.7,SUV,5,39500,
2022,Jeep,Wrangler,ICE,7.1,112,22,0,95.1,420,285,260,4400,1200,31.7,SUV,5,31500,
2022,Jeep,Gladiator,ICE,7.5,112,20,0,104.7,430,285,260,4650,1700,35.4,Pickup,5,34000,
2022,Jeep,Wagoneer,ICE,6.3,120,16,0,130.8,440,392,404,5900,1600,42.1,SUV,7,59500,
2022,Jeep,Grand Wagoneer,ICE,5.9,120,15,0,139.5,430,471,455,6200,1600,42.1,SUV,7,86500,
2021,Jeep,Wrangler,PHV,6,112,49,0,42.7,370,375,470,4800,1200,31.7,SUV,5,50000,
2021,Jeep,Renegade,ICE,8.5,120,27,0,77.5,430,177,210,3300,1100,18.5,SUV,5,23000,
2021,Jeep,Compass,ICE,9.2,115,25,0,83.7,420,180,175,3400,1100,27.2,SUV,5,24000,
2021,Jeep,Cherokee,ICE,7.6,120,25,0,83.7,430,271,239,3800,1200,25.8,SUV,5,27500,
2021,Jeep,Patriot,ICE,9.8,115,23,0,91,400,172,165,3600,1100,23,SUV,5,22000,
2021,Jeep,Grand Cherokee,ICE,7.3,125,22,0,95.1,430,295,260,4300,1500,36.3,SUV,5,34000,
2021,Jeep,Wrangler,ICE,6.8,112,21,0,99.7,420,285,260,4400,1200,31.7,SUV,5,32000,
2021,Jeep,Gladiator,ICE,7.7,120,19,0,110.2,420,285,260,4500,1600,35.5,Pickup,5,35000,
2021,Jeep,Wagoneer,ICE,6.3,130,16,0,130.8,420,392,404,6000,1700,42.1,SUV,8,59000,
2021,Jeep,Grand Wagoneer,ICE,6,130,15,0,139.5,420,471,455,6500,1700,42.1,SUV,8,86000,
2025,Kia,EV6,EV,4.8,117,0,117,28.8,310,430,516,4400,1100,50.2,SUV,5,52500,
2025,Kia,Soul,EV,7.6,104,0,114,29.6,243,201,291,3600,900,24.2,SUV,5,37500,
2025,Kia,NIRO,EV,7.5,104,0,113,29.8,253,201,188,3850,1000,63.7,SUV,5,40500,
2025,Kia,NIRO,PHV,8.2,104,108,0,19.4,560,180,195,3700,1000,63.7,SUV,5,35500,
2025,Kia,EV9,EV,5.3,118,0,90,37.4,300,379,516,5600,1400,81,SUV,7,59500,
2025,Kia,Sportage,PHV,6.6,120,84,0,24.9,540,261,258,4200,1100,39.6,SUV,5,39500,
2025,Kia,Sorento (KX7),PHV,6.8,120,79,0,26.5,560,261,258,4600,1200,38.5,SUV,6,45500,
2025,Kia,NIRO,HV,9.6,104,49,0,42.7,560,139,195,3450,1000,63.7,SUV,5,31500,
2025,Kia,Sportage,HV,7.1,120,43,0,48.7,520,227,258,3800,1100,39.6,SUV,5,34500,
2025,Kia,Sorento (KX7),HV,7.4,120,37,0,56.6,520,227,258,4200,1200,38.5,SUV,6,38500,
2025,Kia,Carnival (Sedona),HV,7.9,115,33,0,63.4,540,242,271,4550,1400,15,Van,8,38500,
2025,Kia,K5,ICE,7.4,130,31,0,67.5,470,191,181,3250,950,16,Sedan,5,27500,
2025,Kia,Soul,ICE,8,115,30,0,69.8,450,147,132,3050,900,24.2,SUV,5,23500,
2025,Kia,K4,ICE,7.8,130,30,0,69.8,460,191,195,3050,900,14.8,Sedan,5,25500,
2025,Kia,SELTOS,ICE,7.9,130,29,0,72.2,430,175,195,3350,1000,26.6,SUV,5,26500,
2025,Kia,Sportage,ICE,8.1,120,28,0,74.8,450,187,178,3600,1100,39.6,SUV,5,29500,
2025,Kia,Sorento (KX7),ICE,7.9,120,26,0,80.5,450,281,311,4050,1200,38.5,SUV,7,34500,
2025,Kia,Telluride,ICE,7.2,120,23,0,91,430,291,262,4500,1400,87,SUV,8,40500,
2025,Kia,Carnival (Sedona),ICE,8,115,22,0,95.1,420,290,262,4500,1400,15,Van,8,34500,
2024,Kia,EV6,EV,4.9,117,0,117,28.8,310,430,516,4350,1100,50.2,SUV,5,51500,
2024,Kia,NIRO,EV,7.6,104,0,113,29.8,253,201,188,3800,1000,63.7,SUV,5,39500,
2024,Kia,NIRO,PHV,8.3,104,108,0,19.4,560,180,195,3650,1000,63.7,SUV,5,34500,
2024,Kia,EV9,EV,5.4,118,0,90,37.4,300,379,516,5550,1400,81,SUV,7,58500,
2024,Kia,Sportage,PHV,6.7,120,84,0,24.9,540,261,258,4150,1100,39.6,SUV,5,38500,
2024,Kia,Sorento (KX7),PHV,6.9,120,79,0,26.5,560,261,258,4550,1200,38.5,SUV,6,44500,
2024,Kia,NIRO,HV,9.7,104,49,0,42.7,560,139,195,3400,1000,63.7,SUV,5,30500,
2024,Kia,Sportage,HV,7.2,120,43,0,48.7,520,227,258,3750,1100,39.6,SUV,5,33500,
2024,Kia,Sorento (KX7),HV,7.5,120,37,0,56.6,520,227,258,4150,1200,38.5,SUV,6,37500,
2024,Kia,Rio,ICE,8.8,115,36,0,58.1,480,120,113,2600,900,13.7,Sedan,5,17500,
2024,Kia,Carnival (Sedona),HV,8,115,33,0,63.4,540,242,271,4500,1400,15,Van,8,37500,
2024,Kia,K5,ICE,7.5,130,31,0,67.5,470,191,181,3200,950,16,Sedan,5,26500,
2024,Kia,Kia Forte,ICE,8,130,31,0,67.5,470,147,132,2900,900,15.3,Sedan,5,23500,
2024,Kia,Soul,ICE,8.1,115,30,0,69.8,450,147,132,3000,900,24.2,SUV,5,22500,
2024,Kia,K4,ICE,7.9,130,30,0,69.8,460,191,195,3050,900,14.8,Sedan,5,24500,
2024,Kia,SELTOS,ICE,8,130,29,0,72.2,430,175,195,3300,1000,26.6,SUV,5,25500,
2024,Kia,Sportage,ICE,8.2,120,28,0,74.8,450,187,178,3550,1100,39.6,SUV,5,28500,
2024,Kia,Sorento (KX7),ICE,8,120,26,0,80.5,450,281,311,4000,1200,38.5,SUV,7,33500,
2024,Kia,Telluride,ICE,7.3,120,23,0,91,430,291,262,4450,1400,87,SUV,8,39500,
2024,Kia,Carnival (Sedona),ICE,8.1,115,22,0,95.1,420,290,262,4450,1400,15,Van,8,33500,
2024,Kia,Stinger,ICE,4.8,167,21,0,99.7,420,368,376,3950,1000,23.3,Sedan,5,49500,
2023,Kia,EV6,EV,5.2,117,0,117,28.8,310,430,516,4400,1100,50.2,SUV,5,49500,
2023,Kia,NIRO,EV,7.6,104,0,113,29.8,253,201,188,3850,1000,63.7,SUV,5,39500,
2023,Kia,NIRO,PHV,8.3,104,108,0,19.4,560,180,195,3700,1000,63.7,SUV,5,34500,
2023,Kia,EV9,EV,5.8,118,0,90,37.4,300,379,516,5600,1400,81,SUV,7,56500,
2023,Kia,Sportage,PHV,6.7,120,84,0,24.9,540,261,258,4200,1100,39.6,SUV,5,38500,
2023,Kia,Sorento (KX7),PHV,6.9,120,79,0,26.5,560,261,258,4600,1200,38.5,SUV,6,44500,
2023,Kia,NIRO,HV,9.7,104,49,0,42.7,560,139,195,3450,1000,63.7,SUV,5,30500,
2023,Kia,Sportage,HV,7.2,120,43,0,48.7,520,227,258,3800,1100,39.6,SUV,5,33500,
2023,Kia,Sorento (KX7),HV,7.5,120,37,0,56.6,520,227,258,4200,1200,38.5,SUV,6,37500,
2023,Kia,Rio,ICE,8.8,120,36,0,58.1,460,120,113,2700,900,13.7,Sedan,5,17500,
2023,Kia,K5,ICE,7.5,130,31,0,67.5,470,191,181,3250,950,16,Sedan,5,26500,
2023,Kia,Kia Forte,ICE,8.2,130,31,0,67.5,470,147,132,2950,900,15.3,Sedan,5,20500,
2023,Kia,Soul,ICE,8.1,115,30,0,69.8,450,147,132,3000,900,24.2,SUV,5,21500,
2023,Kia,SELTOS,ICE,8,130,29,0,72.2,430,175,195,3300,1000,26.6,SUV,5,25500,
2023,Kia,Sportage,ICE,8.2,120,28,0,74.8,450,187,178,3600,1100,39.6,SUV,5,28500,
2023,Kia,Sorento (KX7),ICE,8,120,26,0,80.5,450,281,311,4050,1200,38.5,SUV,7,33500,
2023,Kia,Telluride,ICE,7.3,120,23,0,91,430,291,262,4500,1400,87,SUV,8,39500,
2023,Kia,Carnival (Sedona),ICE,8.1,115,22,0,95.1,420,290,262,4500,1400,15,Van,8,33500,
2023,Kia,Stinger,ICE,4.7,167,22,0,95.1,430,368,376,3950,1000,23.3,Sedan,5,36500,
2022,Kia,EV6,EV,4.9,117,0,117,28.8,274,320,446,4200,1100,50.2,SUV,5,42000,
2022,Kia,Soul,EV,7.6,104,0,114,29.6,243,201,291,3800,900,24.2,SUV,5,34500,
2022,Kia,NIRO,EV,7.8,104,0,113,29.8,239,201,291,3850,1000,53,SUV,5,39500,
2022,Kia,NIRO,PHV,8.7,115,105,0,19.9,560,180,195,3600,1000,53,SUV,5,34000,
2022,Kia,Sportage,PHV,7.2,115,84,0,24.9,540,261,258,4100,1100,60.1,SUV,5,38500,
2022,Kia,Sorento (KX7),PHV,6.7,115,79,0,26.5,540,261,258,4300,1300,75.5,SUV,6,45500,
2022,Kia,NIRO,HV,9.4,115,49,0,42.7,510,139,195,3300,1000,53,SUV,5,25500,
2022,Kia,Sportage,HV,7.9,115,43,0,48.7,500,227,258,3750,1100,60.1,SUV,5,29000,
2022,Kia,Sorento (KX7),HV,8,115,37,0,56.6,500,227,258,3950,1300,75.5,SUV,6,33500,
2022,Kia,Rio,ICE,8.8,115,33,0,63.4,480,120,112,2750,900,13.7,Sedan,5,17000,
2022,Kia,K5,ICE,7.4,130,31,0,67.5,470,191,181,3300,1000,16,Sedan,5,24000,
2022,Kia,Kia Forte,ICE,7.8,130,31,0,67.5,470,147,132,2900,950,15.3,Sedan,5,20000,
2022,Kia,Soul,ICE,8,120,29,0,72.2,430,147,132,3050,900,24.2,SUV,5,21500,
2022,Kia,SELTOS,ICE,8.2,125,29,0,72.2,450,175,195,3300,1000,26.6,SUV,5,22500,
2022,Kia,Optima,ICE,7.6,130,28,0,74.8,450,185,178,3350,1000,15.9,Sedan,5,23500,
2022,Kia,Sportage,ICE,8.5,120,26,0,80.5,450,187,178,3650,1100,60.1,SUV,5,26500,
2022,Kia,Sorento (KX7),ICE,7.9,120,25,0,83.7,440,281,311,3900,1300,75.5,SUV,6,30500,
2022,Kia,Cadenza,ICE,6.8,130,25,0,83.7,460,290,253,3650,1000,16,Sedan,5,38000,
2022,Kia,Telluride,ICE,7,120,23,0,91,440,291,262,4400,1500,87,SUV,8,35500,
2022,Kia,Carnival (Sedona),ICE,7.6,120,22,0,95.1,430,290,262,4500,1400,15,Van,7,33000,
2022,Kia,Stinger,ICE,5.3,167,22,0,95.1,430,365,376,4000,1000,23.3,Sedan,5,36500,
2021,Kia,Soul,EV,7.6,104,0,114,29.6,243,201,291,3750,1000,24.2,SUV,5,33500,
2021,Kia,NIRO,EV,7.8,104,0,112,30.1,239,201,291,3850,1000,18.5,SUV,5,39500,
2021,Kia,NIRO,PHV,8.8,112,108,0,19.4,510,180,195,3500,1000,18.5,SUV,5,29500,
2021,Kia,Optima,PHV,9.4,120,100,0,20.9,520,202,375,3800,1000,13.4,Sedan,5,36500,
2021,Kia,Sorento (KX7),PHV,5.9,118,79,0,26.5,520,261,258,4600,1200,38,SUV,7,45500,
2021,Kia,NIRO,HV,9.6,112,50,0,41.9,600,139,195,3200,1000,18.5,SUV,5,24500,
2021,Kia,Optima,HV,7.6,120,42,0,49.8,610,192,271,3600,1000,15.9,Sedan,5,30500,
2021,Kia,Sorento (KX7),HV,7.8,118,37,0,56.6,580,227,258,4100,1200,38,SUV,7,34500,
2021,Kia,Rio,ICE,8.6,115,36,0,58.1,480,120,113,2750,900,13.7,Sedan,5,17000,
2021,Kia,Soul,ICE,8.9,115,31,0,67.5,450,147,132,3000,1000,24.2,SUV,5,20000,
2021,Kia,Kia Forte,ICE,8.2,120,31,0,67.5,470,147,132,2850,900,15.3,Sedan,5,19500,
2021,Kia,K5,ICE,7.8,130,30,0,69.8,480,180,195,3250,1000,16,Sedan,5,24000,
2021,Kia,SELTOS,ICE,8.8,120,29,0,72.2,460,146,132,3150,1000,26.6,SUV,5,22500,
2021,Kia,Optima,ICE,8,130,27,0,77.5,460,185,178,3500,1000,15.9,Sedan,5,23500,
2021,Kia,Sportage,ICE,8.6,115,26,0,80.5,450,181,175,3450,1100,30.7,SUV,5,25500,
2021,Kia,Sorento (KX7),ICE,7.3,118,26,0,80.5,450,281,311,4200,1200,38,SUV,7,29500,
2021,Kia,Telluride,ICE,7.1,120,23,0,91,440,291,262,4400,1300,46,SUV,7,32000,
2021,Kia,Cadenza,ICE,6.8,130,23,0,91,450,290,253,3750,1100,16,Sedan,5,38500,
2021,Kia,Carnival (Sedona),ICE,7.5,115,22,0,95.1,430,290,262,4500,1300,40.2,Van,7,33000,
2021,Kia,Stinger,ICE,5.6,167,22,0,95.1,420,365,376,3850,1000,23.3,Sedan,5,34500,
2021,Kia,K9 (K900/Quoris),ICE,5.7,130,21,0,99.7,440,365,376,4800,1200,15.3,Sedan,5,60000,
2020,Kia,Soul,EV,7.6,104,0,127,26.5,243,201,291,3900,1000,24.2,Hatchback,5,34000,
2020,Kia,NIRO,EV,7.5,104,0,123,27.4,239,201,291,3800,1100,18.5,Crossover,5,39000,
2020,Kia,NIRO,PHV,8.8,105,105,0,19.9,560,180,195,3600,1100,18.5,Crossover,5,33000,
2020,Kia,Optima,PHV,9.1,120,103,0,20.3,610,202,277,3800,1100,15.9,Sedan,5,37000,
2020,Kia,NIRO,HV,8.6,105,49,0,42.7,590,139,195,3200,1100,18.5,Crossover,5,25000,
2020,Kia,Optima,HV,7.8,120,42,0,49.8,620,192,271,3500,1100,15.9,Sedan,5,28000,
2020,Kia,Sorento (KX7),HV,8.2,120,37,0,56.6,550,227,258,4300,1500,38,SUV,5,34000,
2020,Kia,Rio,ICE,8.6,118,36,0,58.1,500,120,113,2600,900,13.7,Sedan,5,17000,
2020,Kia,Kia Forte,ICE,8.2,125,34,0,61.6,500,147,132,2900,1000,15.3,Sedan,5,19000,
2020,Kia,K5,ICE,7.7,130,31,0,67.5,480,240,260,3300,1100,16,Sedan,5,26000,
2020,Kia,Soul,ICE,8.3,115,30,0,69.8,480,147,132,3000,1000,24.2,Crossover,5,19000,
2020,Kia,SELTOS,ICE,8.1,120,29,0,72.2,440,146,132,3100,1100,26.6,SUV,5,23000,
2020,Kia,Optima,ICE,7.6,130,28,0,74.8,470,191,181,3300,1100,15.9,Sedan,5,24000,
2020,Kia,Sportage,ICE,8.6,120,25,0,83.7,460,181,175,3500,1200,30.7,SUV,5,26000,
2020,Kia,Sorento (KX7),ICE,7.9,120,23,0,91,440,290,252,4100,1400,38,SUV,7,30000,
2020,Kia,Cadenza,ICE,7.2,130,23,0,91,430,290,253,3800,1100,15.9,Sedan,5,39000,
2020,Kia,Carnival (Sedona),ICE,7.4,120,22,0,95.1,430,276,248,4500,1600,33.9,Minivan,8,33000,
2020,Kia,Stinger,ICE,4.8,167,22,0,95.1,400,330,376,4000,1100,23.3,Sedan,5,41000,
2020,Kia,Telluride,ICE,7.1,120,21,0,99.7,420,291,262,4400,1600,21,SUV,8,34000,
2020,Kia,K9 (K900/Quoris),ICE,5.3,149,20,0,104.7,420,365,376,4800,1200,15.3,Sedan,5,61000,
2019,Kia,NIRO,EV,7.8,104,0,112,30.1,239,201,291,3900,1100,53,SUV,5,39000,
2019,Kia,Soul,EV,7.6,104,0,108,31.2,243,201,291,3900,1100,62.1,SUV,5,36000,
2019,Kia,NIRO,PHV,8.4,120,105,0,19.9,560,139,195,3400,1000,54.5,SUV,5,29000,
2019,Kia,Optima,PHV,7.4,120,103,0,20.3,610,202,271,3700,1100,15.9,Sedan,5,35000,
2019,Kia,NIRO,HV,9.6,110,49,0,42.7,600,139,195,3100,1000,54.5,SUV,5,24000,
2019,Kia,Optima,HV,7.6,120,42,0,49.8,630,192,271,3500,1100,15.9,Sedan,5,27000,
2019,Kia,Rio,ICE,8.8,115,33,0,63.4,460,130,119,2600,900,13.7,Sedan,5,16000,
2019,Kia,Kia Forte,ICE,8.2,130,31,0,67.5,470,147,132,2800,1000,15.3,Sedan,5,19000,
2019,Kia,Soul,ICE,8.2,120,30,0,69.8,430,161,180,2900,1000,62.1,SUV,5,19000,
2019,Kia,Optima,ICE,7.8,130,28,0,74.8,430,185,178,3400,1100,15.9,Sedan,5,24000,
2019,Kia,Sportage,ICE,8.3,125,26,0,80.5,430,181,175,3600,1200,60.1,SUV,5,25000,
2019,Kia,Cadenza,ICE,6.8,130,26,0,80.5,460,290,253,3800,1100,15.9,Sedan,5,33000,
2019,Kia,Sorento (KX7),ICE,7.5,130,24,0,87.2,420,290,252,4200,1400,73,SUV,5,29000,
2019,Kia,Telluride,ICE,7,130,23,0,91,420,291,262,4400,1400,87,SUV,7,32000,
2019,Kia,K9 (K900/Quoris),ICE,5.3,155,22,0,95.1,430,365,376,4400,1100,15.3,Sedan,5,60000,
2019,Kia,Stinger,ICE,4.7,167,22,0,95.1,420,365,376,4000,1100,23.3,Sedan,5,39000,
2019,Kia,Carnival (Sedona),ICE,7.8,120,21,0,99.7,420,276,248,4400,1400,15,Minivan,7,30000,
2018,Kia,Soul,EV,7.9,93,0,111,30.4,110,109,210,3300,1000,18.8,Hatchback,5,34000,
2018,Kia,NIRO,PHV,9.8,110,105,0,19.9,460,139,195,3300,1000,54.5,SUV,5,29000,
2018,Kia,Optima,PHV,8.2,125,103,0,20.3,420,202,271,3800,1100,15.9,Sedan,5,33000,
2018,Kia,NIRO,HV,9.6,110,49,0,42.7,580,139,195,3100,1000,54.5,SUV,5,23000,
2018,Kia,Optima,HV,7.3,125,39,0,53.7,560,192,271,3600,1100,15.9,Sedan,5,27000,
2018,Kia,Rio,ICE,9.5,120,33,0,63.4,480,130,119,2500,900,13.7,Sedan,5,16000,
2018,Kia,Kia Forte,ICE,8.2,125,31,0,67.5,480,147,132,2800,1000,15.3,Sedan,5,18000,
2018,Kia,Optima,ICE,7.8,125,28,0,74.8,460,185,178,3400,1100,15.9,Sedan,5,23000,
2018,Kia,Soul,ICE,8.7,120,27,0,77.5,440,161,150,3000,1000,18.8,Hatchback,5,17000,
2018,Kia,Sportage,ICE,8.2,125,26,0,80.5,430,181,175,3600,1200,60.1,SUV,5,24000,
2018,Kia,Sorento (KX7),ICE,7.3,130,24,0,87.2,430,290,252,4200,1400,73,SUV,5,29000,
2018,Kia,Cadenza,ICE,6.8,130,23,0,91,420,290,253,3800,1200,15.9,Sedan,5,33000,
2018,Kia,Stinger,ICE,4.7,167,22,0,95.1,420,365,376,3900,1100,23.3,Sedan,5,40000,
2018,Kia,Carnival (Sedona),ICE,7.5,130,21,0,99.7,410,276,248,4500,1400,15,Minivan,8,30000,
2018,Kia,K9 (K900/Quoris),ICE,5.5,155,20,0,104.7,400,365,376,4600,1200,15.9,Sedan,5,55000,
2017,Kia,Soul,EV,11.2,90,0,105,32.1,93,109,210,3300,1100,18.8,Hatchback,5,33000,
2017,Kia,Optima,PHV,7.4,120,103,0,20.3,610,202,271,3800,1200,15.9,Sedan,5,35000,
2017,Kia,NIRO,HV,10.2,115,50,0,41.9,600,139,195,3200,1100,54.5,SUV,5,23000,
2017,Kia,Optima,HV,7.6,120,39,0,53.7,580,192,271,3500,1200,15.9,Sedan,5,26000,
2017,Kia,Rio,ICE,9.8,115,33,0,63.4,480,138,123,2500,900,13.7,Sedan,5,15000,
2017,Kia,Kia Forte,ICE,8.2,125,32,0,65.4,480,147,132,2900,1100,14.9,Sedan,5,17000,
2017,Kia,Optima,ICE,7.9,125,28,0,74.8,460,245,260,3400,1200,15.9,Sedan,5,22000,
2017,Kia,Soul,ICE,8.9,120,26,0,80.5,440,164,151,3000,1100,18.8,Hatchback,5,17000,
2017,Kia,Sportage,ICE,8.4,125,26,0,80.5,440,181,175,3500,1300,60.1,SUV,5,24000,
2017,Kia,Cadenza,ICE,6.8,145,23,0,91,420,290,253,3800,1300,15.9,Sedan,5,34000,
2017,Kia,Stinger,ICE,5.6,167,22,0,95.1,410,365,376,3900,1300,23.3,Sedan,5,39000,
2017,Kia,Carnival (Sedona),ICE,7.9,120,21,0,99.7,410,276,248,4400,1500,15,Minivan,7,27000,
2017,Kia,Sorento (KX7),ICE,7.4,130,21,0,99.7,410,290,252,4300,1500,73,SUV,7,29000,
2017,Kia,K9 (K900/Quoris),ICE,5.7,155,18,0,116.3,390,420,376,4700,1400,15.9,Sedan,5,59000,
2016,Kia,Soul,EV,10.8,90,0,105,32.1,93,109,210,3300,1100,18.8,Hatchback,5,33000,
2016,Kia,Optima,HV,7.4,120,40,0,52.3,520,199,235,3500,1300,15.9,Sedan,5,28000,
2016,Kia,Rio,ICE,9.6,115,36,0,58.1,520,138,123,2600,1000,13.7,Sedan,5,15000,
2016,Kia,Kia Forte,ICE,8.2,125,32,0,65.4,500,173,154,2900,1200,14.9,Sedan,5,19000,
2016,Kia,Soul,ICE,8.9,120,29,0,72.2,440,164,151,2900,1200,18.8,Hatchback,5,18000,
2016,Kia,Optima,ICE,7.8,120,28,0,74.8,460,185,178,3400,1300,15.9,Sedan,5,23000,
2016,Kia,Sportage,ICE,8.6,120,24,0,87.2,430,182,176,3500,1300,60.1,SUV,5,24000,
2016,Kia,Cadenza,ICE,6.9,130,23,0,91,410,293,255,3800,1400,15.9,Sedan,5,33000,
2016,Kia,Carnival (Sedona),ICE,7.8,120,21,0,99.7,390,276,248,4400,1500,15,Minivan,7,29000,
2016,Kia,Sorento (KX7),ICE,7.6,120,21,0,99.7,400,290,252,4200,1500,73.5,SUV,5,29000,
2016,Kia,K9 (K900/Quoris),ICE,5.8,155,19,0,110.2,370,420,376,4500,1400,15.9,Sedan,5,60000,
2015,Kia,Soul,EV,11.2,90,0,105,32.1,93,109,210,3300,1000,24.2,Hatchback,5,34000,
2015,Kia,Optima,HV,7.4,120,38,0,55.1,580,199,154,3500,1200,15.9,Sedan,5,27000,
2015,Kia,Rio,ICE,9.7,112,32,0,65.4,470,138,123,2500,1000,13.7,Sedan,5,15000,
2015,Kia,Kia Forte,ICE,8.2,120,30,0,69.8,460,173,154,2800,1100,14.9,Sedan,5,18000,
2015,Kia,Soul,ICE,8.9,115,27,0,77.5,430,164,151,2900,1100,24.2,Hatchback,5,17000,
2015,Kia,Optima,ICE,7.6,125,27,0,77.5,450,192,181,3400,1200,15.9,Sedan,5,22000,
2015,Kia,Sportage,ICE,8.4,112,23,0,91,430,182,177,3600,1300,56.4,SUV,5,24000,
2015,Kia,Cadenza,ICE,6.9,130,23,0,91,440,293,255,3900,1300,15.9,Sedan,5,34000,
2015,Kia,Sorento (KX7),ICE,7.5,112,22,0,95.1,440,290,252,4300,1500,73.5,SUV,5,28000,
2015,Kia,Carnival (Sedona),ICE,7.4,112,21,0,99.7,430,276,248,4400,1500,15,Minivan,7,29000,
2015,Kia,K9 (K900/Quoris),ICE,5.7,149,20,0,104.7,420,420,376,4500,1400,15.5,Sedan,5,60000,
2025,Land Rover,Range Rover,PHV,4.9,155,51,0,41,520,434,457,5600,1400,40.7,SUV,5,112500,
2025,Land Rover,Range Rover Sport,PHV,4.7,155,48,0,43.6,520,434,457,5350,1400,31.9,SUV,5,91500,
2025,Land Rover,Discovery Sport,ICE,7.8,125,25,0,83.7,460,246,269,4200,1200,25,SUV,5,46500,
2025,Land Rover,Range Rover Evoque,ICE,7.3,143,24,0,87.2,450,246,269,3950,1100,22.7,SUV,5,49500,
2025,Land Rover,Range Rover Velar,ICE,6.4,155,23,0,91,440,335,354,4600,1200,34.4,SUV,5,61500,
2025,Land Rover,Defender,ICE,6.1,119,20,0,104.7,430,395,406,5200,1400,78.8,SUV,5,56500,
2025,Land Rover,Range Rover Sport,ICE,5.4,155,20,0,104.7,440,523,553,5200,1400,31.9,SUV,5,83500,
2025,Land Rover,Range Rover,ICE,5.6,155,19,0,110.2,440,523,553,5450,1400,40.7,SUV,5,104500,
2025,Land Rover,LR4,ICE,7.6,112,16,0,130.8,420,375,375,5700,1500,83,SUV,7,58500,
2024,Land Rover,Range Rover,PHV,5,155,51,0,41,520,434,457,5600,1400,40.7,SUV,5,110500,
2024,Land Rover,Range Rover Sport,PHV,4.8,155,48,0,43.6,520,434,457,5350,1400,31.9,SUV,5,89500,
2024,Land Rover,Discovery Sport,ICE,7.9,125,25,0,83.7,460,246,269,4200,1200,25,SUV,5,45500,
2024,Land Rover,Range Rover Evoque,ICE,7.4,143,24,0,87.2,450,246,269,3950,1100,22.7,SUV,5,48500,
2024,Land Rover,Range Rover Velar,ICE,6.5,155,23,0,91,440,335,354,4600,1200,34.4,SUV,5,60500,
2024,Land Rover,Defender,ICE,6.2,119,20,0,104.7,430,395,406,5200,1400,78.8,SUV,5,55500,
2024,Land Rover,Range Rover Sport,ICE,5.5,155,20,0,104.7,440,523,553,5200,1400,31.9,SUV,5,81500,
2024,Land Rover,Range Rover,ICE,5.7,155,19,0,110.2,440,523,553,5450,1400,40.7,SUV,5,102500,
2024,Land Rover,LR4,ICE,7.7,112,16,0,130.8,420,375,375,5700,1500,83,SUV,7,57500,
2023,Land Rover,Range Rover,PHV,4.9,155,51,0,41,520,434,457,5600,1400,40.7,SUV,5,110500,
2023,Land Rover,Range Rover Sport,PHV,4.7,155,48,0,43.6,520,434,457,5350,1400,31.9,SUV,5,89500,
2023,Land Rover,Discovery Sport,ICE,7.8,125,25,0,83.7,460,246,269,4200,1200,25,SUV,5,45500,
2023,Land Rover,Range Rover Evoque,ICE,7.3,143,24,0,87.2,450,246,269,3950,1100,22.7,SUV,5,48500,
2023,Land Rover,Range Rover Velar,ICE,6.4,155,23,0,91,440,335,354,4600,1200,34.4,SUV,5,60500,
2023,Land Rover,Defender,ICE,6.1,119,20,0,104.7,430,395,406,5200,1400,78.8,SUV,5,55500,
2023,Land Rover,Range Rover Sport,ICE,5.4,155,20,0,104.7,440,523,553,5200,1400,31.9,SUV,5,81500,
2023,Land Rover,Range Rover,ICE,5.6,155,19,0,110.2,440,523,553,5450,1400,40.7,SUV,5,102500,
2023,Land Rover,LR4,ICE,7.6,112,16,0,130.8,420,375,375,5700,1500,83,SUV,7,57500,
2022,Land Rover,Range Rover,PHV,5.6,130,51,0,41,520,398,472,5600,1500,31.8,SUV,5,96500,
2022,Land Rover,Range Rover Sport,PHV,5.5,130,48,0,43.6,510,398,472,5300,1400,27.5,SUV,5,83500,
2022,Land Rover,Range Rover Evoque,ICE,7.1,130,25,0,83.7,440,246,269,3900,1100,21.5,SUV,5,43500,
2022,Land Rover,Discovery Sport,ICE,7.8,125,23,0,91,430,246,269,4200,1200,24.2,SUV,5,42000,
2022,Land Rover,Range Rover Velar,ICE,6.4,130,23,0,91,440,335,354,4500,1300,30.5,SUV,5,56500,
2022,Land Rover,Range Rover Sport,ICE,6.2,130,21,0,99.7,440,355,365,5200,1400,27.5,SUV,5,70500,
2022,Land Rover,Defender,ICE,6.8,130,19,0,110.2,420,296,295,5000,1400,34,SUV,5,47500,
2022,Land Rover,Range Rover,ICE,6.5,130,19,0,110.2,440,395,406,5500,1500,31.8,SUV,5,92000,
2022,Land Rover,LR4,ICE,7.5,125,17,0,123.1,410,340,332,5700,1400,47.5,SUV,7,52000,
2021,Land Rover,Range Rover,PHV,6.4,137,50,0,41.9,480,398,472,5800,1600,32.1,SUV,5,96000,
2021,Land Rover,Range Rover Sport,PHV,6.3,137,50,0,41.9,470,398,472,5400,1500,27.5,SUV,5,83000,
2021,Land Rover,Range Rover Evoque,ICE,6.6,143,24,0,87.2,430,246,269,4000,1200,21.5,SUV,5,44000,
2021,Land Rover,Range Rover Velar,ICE,6.4,135,23,0,91,440,247,269,4200,1300,30.5,SUV,5,56000,
2021,Land Rover,Discovery Sport,ICE,7.8,125,22,0,95.1,420,246,269,4200,1400,25,SUV,5,43000,
2021,Land Rover,Defender,ICE,7.7,119,19,0,110.2,380,296,295,4800,1700,34,SUV,5,50000,
2021,Land Rover,Range Rover,ICE,5.9,155,19,0,110.2,420,395,406,5600,1600,32.1,SUV,5,91000,
2021,Land Rover,Range Rover Sport,ICE,5.9,155,19,0,110.2,410,395,406,5200,1500,27.5,SUV,5,72000,
2021,Land Rover,LR4,ICE,7.6,120,17,0,123.1,350,340,332,5600,1700,42.1,SUV,7,49000,
2020,Land Rover,Range Rover,PHV,6.8,130,52,0,40.3,430,398,472,5600,1500,34,SUV,5,104000,
2020,Land Rover,Range Rover Sport,PHV,6.7,137,51,0,41,410,398,472,5600,1500,31.7,SUV,5,86000,
2020,Land Rover,Range Rover Evoque,ICE,7,125,23,0,91,420,246,269,4100,1200,21.5,SUV,5,46000,
2020,Land Rover,Discovery Sport,ICE,7.3,125,22,0,95.1,420,246,269,4200,1300,25,SUV,5,42000,
2020,Land Rover,Range Rover Velar,ICE,6.2,130,21,0,99.7,430,340,332,4300,1300,34.4,SUV,5,60000,
2020,Land Rover,Defender,ICE,5.8,119,19,0,110.2,430,395,406,5100,1400,34,SUV,5,65000,
2020,Land Rover,Range Rover Sport,ICE,5,140,18,0,116.3,410,395,406,5200,1500,31.7,SUV,5,83000,
2020,Land Rover,Range Rover,ICE,5.1,130,17,0,123.1,400,395,406,5200,1500,34,SUV,5,100000,
2020,Land Rover,LR4,ICE,7.6,112,16,0,130.8,350,340,332,5600,1600,37.6,SUV,7,60000,
2019,Land Rover,Range Rover,PHV,6.8,137,52,0,40.3,510,398,472,5400,1600,40.7,SUV,5,95000,
2019,Land Rover,Range Rover Sport,PHV,6.3,137,51,0,41,480,398,472,5200,1500,63.7,SUV,5,81000,
2019,Land Rover,Range Rover Evoque,ICE,7.1,125,25,0,83.7,430,246,269,3900,1200,51,SUV,5,42000,
2019,Land Rover,Discovery Sport,ICE,7.8,125,23,0,91,420,237,251,4000,1200,67.8,SUV,5,38000,
2019,Land Rover,Range Rover Velar,ICE,6.4,135,23,0,91,420,247,269,4200,1300,70.1,SUV,5,50000,
2019,Land Rover,Range Rover Sport,ICE,6.2,140,19,0,110.2,390,340,332,5000,1500,63.7,SUV,5,67000,
2019,Land Rover,Range Rover,ICE,6.4,130,18,0,116.3,380,340,332,5200,1600,40.7,SUV,5,90000,
2019,Land Rover,LR4,ICE,7.5,130,17,0,123.1,380,340,332,5600,1600,90.3,SUV,7,55000,
2018,Land Rover,Range Rover Evoque,ICE,7.1,125,24,0,87.2,430,237,251,3900,1200,51,SUV,5,42000,
2018,Land Rover,Discovery Sport,ICE,7.8,125,23,0,91,410,240,250,4200,1300,53.6,SUV,5,37000,
2018,Land Rover,Range Rover Velar,ICE,6.4,135,23,0,91,430,247,269,4300,1300,70.5,SUV,5,56000,
2018,Land Rover,Range Rover Sport,ICE,6.2,140,21,0,99.7,420,340,332,4800,1400,78.1,SUV,5,66000,
2018,Land Rover,Range Rover,ICE,6.8,130,19,0,110.2,400,340,332,5000,1500,40.7,SUV,5,88000,
2018,Land Rover,LR4,ICE,7.5,130,17,0,123.1,380,340,332,5600,1500,90.3,SUV,7,52000,
2017,Land Rover,Range Rover Evoque,ICE,7.6,135,24,0,87.2,450,240,250,3800,1300,51,SUV,5,42000,
2017,Land Rover,Range Rover Velar,ICE,6.4,150,22,0,95.1,430,247,269,4300,1400,70.5,SUV,5,50000,
2017,Land Rover,Discovery Sport,ICE,7.6,125,21,0,99.7,410,240,250,4100,1500,60,SUV,5,38000,
2017,Land Rover,Range Rover Sport,ICE,5.3,155,20,0,104.7,410,380,332,5000,1600,63.7,SUV,5,66000,
2017,Land Rover,Range Rover,ICE,5.1,155,19,0,110.2,400,380,332,5200,1600,40.7,SUV,5,87000,
2017,Land Rover,LR4,ICE,7.8,120,15,0,139.5,350,340,332,5600,1600,90.3,SUV,7,52000,
2016,Land Rover,Range Rover Evoque,ICE,7.1,125,25,0,83.7,420,240,250,3900,1400,51,SUV,5,42000,
2016,Land Rover,Discovery Sport,ICE,8.1,120,22,0,95.1,400,240,250,4200,1500,66.9,SUV,5,38000,
2016,Land Rover,LR2,ICE,8.6,120,22,0,95.1,390,240,250,3900,1400,58,SUV,5,37000,
2016,Land Rover,Range Rover Sport,ICE,6.1,130,19,0,110.2,380,340,332,5000,1600,62,SUV,5,64000,
2016,Land Rover,Range Rover,ICE,6.5,130,19,0,110.2,380,375,375,5100,1600,31.8,SUV,5,85000,
2016,Land Rover,LR4,ICE,7.5,120,17,0,123.1,360,340,332,5600,1700,90.3,SUV,7,50000,
2015,Land Rover,Range Rover Evoque,ICE,7.6,124,24,0,87.2,450,240,250,3800,1400,51,SUV,5,42000,
2015,Land Rover,Discovery Sport,ICE,8.2,124,23,0,91,440,240,250,4000,1400,60,SUV,5,37000,
2015,Land Rover,LR2,ICE,8.8,124,22,0,95.1,430,240,250,3900,1400,58.9,SUV,5,36000,
2015,Land Rover,Range Rover,ICE,6.5,130,19,0,110.2,430,375,375,5200,1600,40.7,SUV,5,84000,
2015,Land Rover,Range Rover Sport,ICE,6.9,140,19,0,110.2,430,340,332,5000,1500,71.9,SUV,5,63000,
2015,Land Rover,LR4,ICE,7.8,130,17,0,123.1,410,340,332,5700,1600,90.3,SUV,7,52000,
2025,Lexus,RZ,EV,5.3,124,0,102,33,315,308,321,4700,1000,18.7,SUV,5,58500,
2025,Lexus,NX,PHV,6,124,84,0,24.9,550,302,317,4200,1000,22.7,SUV,5,57500,
2025,Lexus,RX,PHV,6.5,124,83,0,25.2,600,304,317,4500,1100,29.6,SUV,5,69500,
2025,Lexus,TX,PHV,6.2,124,82,0,25.5,600,404,479,4800,1200,20.2,SUV,7,70500,
2025,Lexus,ES,HV,8.1,131,44,0,47.6,560,215,163,3700,950,13.9,Sedan,5,43500,
2025,Lexus,UX,HV,8.6,112,42,0,49.8,520,181,152,3500,850,17.1,SUV,5,38500,
2025,Lexus,NX,HV,7.2,124,39,0,53.7,560,240,239,3900,1000,22.7,SUV,5,44500,
2025,Lexus,RX,HV,7.4,124,36,0,58.1,550,246,233,4200,1100,29.6,SUV,5,50500,
2025,Lexus,GS,HV,6.9,143,34,0,61.6,520,338,247,3920,950,14.3,Sedan,5,52000,
2025,Lexus,TX,HV,7.6,124,33,0,63.4,550,246,233,4450,1200,20.2,SUV,7,52500,
2025,Lexus,LC,HV,4.7,155,30,0,69.8,470,354,348,4450,850,5.4,Coupe,4,102000,
2025,Lexus,NX,ICE,7.5,124,28,0,74.8,450,203,184,3850,1000,22.7,SUV,5,41500,
2025,Lexus,ES,ICE,6.6,131,28,0,74.8,470,268,248,3650,950,13.9,Sedan,5,42500,
2025,Lexus,LS,HV,5.2,136,28,0,74.8,510,354,258,4900,1000,16.9,Sedan,5,114000,
2025,Lexus,RX,ICE,7.2,124,24,0,87.2,480,275,317,4100,1100,29.6,SUV,5,48500,
2025,Lexus,TX,ICE,8,124,24,0,87.2,470,275,317,4350,1200,20.2,SUV,7,49500,
2025,Lexus,GS,ICE,5.7,143,24,0,87.2,450,311,280,3870,950,14.3,Sedan,5,49000,
2025,Lexus,IS,ICE,5.6,143,24,0,87.2,430,311,280,3730,900,10.8,Sedan,5,43000,
2025,Lexus,RC,ICE,5.4,143,23,0,91,420,311,280,3850,850,10.4,Coupe,4,45500,
2025,Lexus,LX,HV,6.9,130,22,0,95.1,500,457,583,6000,1400,41.1,SUV,7,92000,
2025,Lexus,LX,ICE,6.7,130,22,0,95.1,480,409,479,5950,1400,41.1,SUV,7,89000,
2025,Lexus,LS,ICE,4.6,136,22,0,95.1,460,416,442,4850,1000,16.9,Sedan,5,107000,
2025,Lexus,LC,ICE,4.4,168,21,0,99.7,410,471,398,4360,850,5.4,Coupe,4,99000,
2025,Lexus,GX,ICE,6.4,112,17,0,123.1,400,349,479,5100,1300,46.7,SUV,7,61000,
2024,Lexus,RZ,EV,5.3,124,0,102,33,315,308,321,4700,1000,18.7,SUV,5,57500,
2024,Lexus,NX,PHV,6,124,84,0,24.9,550,302,317,4200,1000,22.7,SUV,5,56500,
2024,Lexus,RX,PHV,6.5,124,83,0,25.2,600,304,317,4500,1100,29.6,SUV,5,68500,
2024,Lexus,TX,PHV,6.2,124,82,0,25.5,600,404,479,4800,1200,20.2,SUV,7,69500,
2024,Lexus,ES,HV,8.1,131,44,0,47.6,560,215,163,3700,950,13.9,Sedan,5,42500,
2024,Lexus,UX,HV,8.6,112,42,0,49.8,520,181,152,3500,850,17.1,SUV,5,37500,
2024,Lexus,NX,HV,7.2,124,39,0,53.7,560,240,239,3900,1000,22.7,SUV,5,43500,
2024,Lexus,RX,HV,7.4,124,36,0,58.1,550,246,233,4200,1100,29.6,SUV,5,49500,
2024,Lexus,TX,HV,7.6,124,33,0,63.4,550,246,233,4450,1200,20.2,SUV,7,51500,
2024,Lexus,LC,HV,4.7,155,30,0,69.8,470,354,348,4450,850,5.4,Coupe,4,100000,
2024,Lexus,NX,ICE,7.5,124,28,0,74.8,450,203,184,3850,1000,22.7,SUV,5,40500,
2024,Lexus,ES,ICE,6.6,131,28,0,74.8,470,268,248,3650,950,13.9,Sedan,5,41500,
2024,Lexus,LS,HV,5.2,136,28,0,74.8,510,354,258,4900,1000,16.9,Sedan,5,112000,
2024,Lexus,RX,ICE,7.2,124,24,0,87.2,480,275,317,4100,1100,29.6,SUV,5,47500,
2024,Lexus,TX,ICE,8,124,24,0,87.2,470,275,317,4350,1200,20.2,SUV,7,48500,
2024,Lexus,IS,ICE,5.6,143,24,0,87.2,430,311,280,3730,900,10.8,Sedan,5,42000,
2024,Lexus,RC,ICE,5.4,143,23,0,91,420,311,280,3850,850,10.4,Coupe,4,44500,
2024,Lexus,LX,ICE,6.7,130,22,0,95.1,480,409,479,5950,1400,41.1,SUV,7,87500,
2024,Lexus,LS,ICE,4.6,136,22,0,95.1,460,416,442,4850,1000,16.9,Sedan,5,105000,
2024,Lexus,LC,ICE,4.4,168,21,0,99.7,410,471,398,4360,850,5.4,Coupe,4,97000,
2024,Lexus,GX,ICE,6.4,112,17,0,123.1,400,349,479,5100,1300,46.7,SUV,7,59500,
2023,Lexus,RZ,EV,5.4,124,0,102,33,315,308,321,4680,1000,18.7,SUV,5,56500,
2023,Lexus,NX,PHV,6.1,124,84,0,24.9,550,302,317,4180,1000,22.7,SUV,5,55500,
2023,Lexus,RX,PHV,6.6,124,83,0,25.2,600,304,317,4480,1100,29.6,SUV,5,67500,
2023,Lexus,ES,HV,8.2,131,44,0,47.6,560,215,163,3680,950,13.9,Sedan,5,42000,
2023,Lexus,UX,HV,8.7,112,42,0,49.8,520,181,152,3480,850,17.1,SUV,5,37000,
2023,Lexus,NX,HV,7.3,124,39,0,53.7,560,240,239,3880,1000,22.7,SUV,5,43000,
2023,Lexus,RX,HV,7.5,124,36,0,58.1,550,246,233,4180,1100,29.6,SUV,5,49000,
2023,Lexus,TX,HV,7.7,124,33,0,63.4,550,246,233,4420,1200,20.2,SUV,7,50500,
2023,Lexus,LC,HV,4.8,155,30,0,69.8,470,354,348,4420,850,5.4,Coupe,4,99500,
2023,Lexus,NX,ICE,7.6,124,28,0,74.8,450,203,184,3830,1000,22.7,SUV,5,40000,
2023,Lexus,ES,ICE,6.7,131,28,0,74.8,470,268,248,3630,950,13.9,Sedan,5,41000,
2023,Lexus,LS,HV,5.3,136,28,0,74.8,510,354,258,4880,1000,16.9,Sedan,5,112000,
2023,Lexus,RX,ICE,7.3,124,24,0,87.2,480,275,317,4080,1100,29.6,SUV,5,47000,
2023,Lexus,TX,ICE,8.1,124,24,0,87.2,470,275,317,4320,1200,20.2,SUV,7,47500,
2023,Lexus,GS,ICE,5.8,143,24,0,87.2,450,311,280,3850,950,14.3,Sedan,5,47500,
2023,Lexus,IS,ICE,5.7,143,24,0,87.2,430,311,280,3700,900,10.8,Sedan,5,41500,
2023,Lexus,RC,ICE,5.5,143,23,0,91,420,311,280,3820,850,10.4,Coupe,4,44000,
2023,Lexus,LX,ICE,6.8,130,22,0,95.1,480,409,479,5920,1400,41.1,SUV,7,87000,
2023,Lexus,LS,ICE,4.7,136,22,0,95.1,460,416,442,4830,1000,16.9,Sedan,5,105000,
2023,Lexus,LC,ICE,4.5,168,21,0,99.7,410,471,398,4330,850,5.4,Coupe,4,96500,
2023,Lexus,GX,ICE,6.5,112,17,0,123.1,400,349,479,5050,1300,46.7,SUV,7,59500,
2022,Lexus,NX,PHV,6,125,84,0,24.9,550,302,309,4300,1100,22.7,SUV,5,56500,
2022,Lexus,ES,HV,8.1,115,44,0,47.6,520,215,163,3650,1100,13.9,Sedan,5,42500,
2022,Lexus,UX,HV,8.5,110,39,0,53.7,470,181,188,3350,900,17.1,SUV,5,35500,
2022,Lexus,NX,HV,7.2,125,39,0,53.7,480,239,258,3850,1100,22.7,SUV,5,41500,
2022,Lexus,UX,ICE,8.9,110,33,0,63.4,450,169,151,3300,900,17.1,SUV,5,34000,
2022,Lexus,RX,HV,7.5,115,31,0,67.5,500,308,247,4450,1200,29.6,SUV,5,48500,
2022,Lexus,LC,HV,4.7,155,29,0,72.2,470,354,369,4350,1000,5.4,Coupe,4,98500,
2022,Lexus,NX,ICE,7.9,125,28,0,74.8,450,203,184,3700,1100,22.7,SUV,5,39500,
2022,Lexus,ES,ICE,7.1,130,28,0,74.8,470,302,267,3600,1100,13.9,Sedan,5,40500,
2022,Lexus,LS,HV,5,155,28,0,74.8,500,354,369,4800,1100,17,Sedan,5,115000,
2022,Lexus,LC,ICE,4.4,168,26,0,80.5,450,471,398,4300,1000,5.4,Coupe,4,93500,
2022,Lexus,GS,ICE,6.3,143,24,0,87.2,440,311,280,3850,1100,18.1,Sedan,5,51500,
2022,Lexus,IS,ICE,6.8,143,24,0,87.2,440,241,258,3650,1000,13.8,Sedan,5,39500,
2022,Lexus,RX,ICE,7.7,115,23,0,91,440,295,267,4300,1200,29.6,SUV,5,45500,
2022,Lexus,RC,ICE,6.6,143,23,0,91,430,311,280,3800,950,10.4,Coupe,4,43500,
2022,Lexus,LS,ICE,4.6,155,22,0,95.1,440,416,442,4750,1100,17,Sedan,5,96000,
2022,Lexus,GX,ICE,7.8,109,17,0,123.1,390,301,329,5100,1400,64.7,SUV,7,56000,
2022,Lexus,LX,ICE,6.9,130,17,0,123.1,420,409,479,6000,1500,44.7,SUV,7,88500,
2021,Lexus,NX,PHV,5.8,124,84,0,24.9,520,302,165,4250,1100,31.6,SUV,5,52500,
2021,Lexus,ES,HV,8.1,130,44,0,47.6,610,215,163,3600,1000,13.9,Sedan,5,41000,
2021,Lexus,UX,HV,8.5,112,39,0,53.7,520,181,188,3400,1000,17.1,SUV,5,34500,
2021,Lexus,GS,HV,7.6,130,34,0,61.6,540,338,317,3900,1100,14,Sedan,5,52000,
2021,Lexus,RX,HV,7.9,124,31,0,67.5,520,308,247,4300,1200,32.6,SUV,5,47500,
2021,Lexus,NX,HV,7.2,124,31,0,67.5,520,239,258,3900,1100,31.6,SUV,5,39500,
2021,Lexus,UX,ICE,9.2,112,29,0,72.2,420,169,151,3300,1000,17.1,SUV,5,32500,
2021,Lexus,LS,HV,5.1,130,28,0,74.8,520,354,350,4800,1200,16.9,Sedan,5,79000,
2021,Lexus,ES,ICE,7.2,130,28,0,74.8,470,302,267,3550,1000,13.9,Sedan,5,40000,
2021,Lexus,LC,HV,4.7,155,27,0,77.5,460,354,369,4400,1000,5.4,Coupe,4,98000,
2021,Lexus,NX,ICE,7.2,124,26,0,80.5,450,235,258,3800,1100,31.6,SUV,5,37500,
2021,Lexus,GS,ICE,6.1,143,25,0,83.7,450,311,280,3950,1100,14,Sedan,5,50000,
2021,Lexus,IS,ICE,6.8,143,24,0,87.2,430,311,280,3700,1000,10.8,Sedan,5,39000,
2021,Lexus,RX,ICE,7.5,124,23,0,91,440,295,267,4200,1200,32.6,SUV,5,45500,
2021,Lexus,LS,ICE,4.6,136,23,0,91,450,416,442,4700,1200,16.9,Sedan,5,76000,
2021,Lexus,RC,ICE,6.3,145,23,0,91,420,311,280,3800,1000,11,Coupe,4,42000,
2021,Lexus,LC,ICE,4.4,168,22,0,95.1,420,471,398,4300,1000,5.4,Coupe,4,92000,
2021,Lexus,GX,ICE,7.8,113,18,0,116.3,410,301,329,5100,1400,46.7,SUV,7,53000,
2021,Lexus,LX,ICE,7.3,137,16,0,130.8,400,383,403,5700,1500,44.7,SUV,8,87000,
2021,Lexus,LFA,ICE,3.7,202,16,0,130.8,360,553,354,3600,900,4,Coupe,2,375000,
2020,Lexus,ES,HV,8.1,115,44,0,47.6,650,215,153,3700,1100,13.9,Sedan,5,42000,
2020,Lexus,UX,HV,8.6,110,39,0,53.7,540,181,188,3400,1000,17.1,Crossover,5,35000,
2020,Lexus,NX,HV,7.2,124,31,0,67.5,500,194,210,4000,1100,17.7,Crossover,5,39000,
2020,Lexus,RX,HV,7.7,124,30,0,69.8,520,308,247,4600,1200,18.4,SUV,5,48000,
2020,Lexus,LC,HV,4.7,155,30,0,69.8,520,354,348,4350,900,5.4,Coupe,4,96000,
2020,Lexus,UX,ICE,8.9,110,29,0,72.2,430,169,151,3300,1000,17.1,Crossover,5,33000,
2020,Lexus,LS,HV,5.2,136,28,0,74.8,600,354,369,4950,1100,16.9,Sedan,5,83000,
2020,Lexus,ES,ICE,7.1,131,26,0,80.5,450,302,267,3600,1100,13.9,Sedan,5,41000,
2020,Lexus,NX,ICE,7,124,25,0,83.7,420,235,258,3800,1200,22.7,SUV,5,38000,
2020,Lexus,RX,ICE,7.7,124,23,0,91,420,295,267,4200,1300,29.6,SUV,5,45000,
2020,Lexus,GS,ICE,6.2,143,23,0,91,420,311,280,3800,1100,18,Sedan,5,52000,
2020,Lexus,IS,ICE,6.9,143,23,0,91,430,311,280,3500,1000,10.8,Sedan,5,39000,
2020,Lexus,RC,ICE,5.8,145,23,0,91,410,311,280,3800,1000,10.1,Coupe,4,42000,
2020,Lexus,LC,ICE,4.4,168,22,0,95.1,400,471,398,4300,1000,5.4,Coupe,4,93000,
2020,Lexus,LS,ICE,4.6,155,21,0,99.7,410,416,442,4700,1100,17,Sedan,5,76000,
2020,Lexus,GX,ICE,7.8,109,17,0,123.1,350,301,329,5100,1400,64.7,SUV,7,53000,
2020,Lexus,LFA,ICE,3.6,202,16,0,130.8,300,552,354,3300,800,4.8,Coupe,2,375000,
2020,Lexus,LX,ICE,7.7,137,14,0,149.5,330,383,403,6000,1500,44.7,SUV,8,86000,
2019,Lexus,ES,HV,8.1,115,44,0,47.6,650,215,163,3600,1100,16.7,Sedan,5,42000,
2019,Lexus,UX,HV,8.6,110,39,0,53.7,600,181,152,3500,1100,21.7,SUV,5,35000,
2019,Lexus,NX,HV,9.1,112,33,0,63.4,520,194,152,3800,1200,22.7,SUV,5,38000,
2019,Lexus,RX,HV,7.9,112,30,0,69.8,500,308,247,4200,1300,29.6,SUV,5,47000,
2019,Lexus,LS,HV,5,155,30,0,69.8,540,354,369,4700,1100,15.3,Sedan,5,82000,
2019,Lexus,LC,HV,4.7,155,30,0,69.8,540,354,369,4300,1000,5.4,Coupe,4,96000,
2019,Lexus,UX,ICE,8.9,115,29,0,72.2,460,169,151,3400,1100,21.7,SUV,5,33000,
2019,Lexus,GS,HV,5.7,130,29,0,72.2,520,338,247,3900,1100,14.3,Sedan,5,55000,
2019,Lexus,ES,ICE,7.3,130,28,0,74.8,460,302,267,3500,1100,16.7,Sedan,5,39000,
2019,Lexus,NX,ICE,7.1,124,25,0,83.7,430,235,258,3700,1200,22.7,SUV,5,35000,
2019,Lexus,IS,ICE,5.9,143,24,0,87.2,420,311,280,3600,1000,13.8,Sedan,5,38000,
2019,Lexus,RC,ICE,5.8,143,24,0,87.2,420,311,280,3800,1000,10.4,Coupe,4,43000,
2019,Lexus,RX,ICE,7.5,130,23,0,91,430,295,267,4100,1300,29.6,SUV,5,45000,
2019,Lexus,GS,ICE,5.7,143,23,0,91,420,311,280,3800,1100,14.3,Sedan,5,46000,
2019,Lexus,LS,ICE,4.6,155,23,0,91,430,416,442,4600,1100,15.3,Sedan,5,76000,
2019,Lexus,LC,ICE,4.4,168,19,0,110.2,390,471,398,4300,1000,5.4,Coupe,4,92000,
2019,Lexus,GX,ICE,7.8,130,18,0,116.3,380,301,329,5100,1400,64.7,SUV,7,53000,
2019,Lexus,LFA,ICE,3.6,202,16,0,130.8,330,552,354,3500,800,4.7,Coupe,2,375000,
2019,Lexus,LX,ICE,7.4,130,15,0,139.5,360,383,403,6000,1600,44.7,SUV,7,86000,
2018,Lexus,CT,HV,9.8,112,42,0,49.8,520,134,105,3100,900,13.1,Hatchback,5,32000,
2018,Lexus,ES,HV,8.1,131,41,0,51,540,200,157,3600,1100,16.7,Sedan,5,42000,
2018,Lexus,UX,HV,8.9,110,39,0,53.7,520,181,152,3300,1000,21.7,SUV,5,33000,
2018,Lexus,NX,HV,8.2,124,33,0,63.4,500,194,210,3900,1200,22.7,SUV,5,38000,
2018,Lexus,RX,HV,7.7,124,30,0,69.8,480,308,247,4200,1300,29.6,SUV,5,47000,
2018,Lexus,GS,HV,5.7,131,30,0,69.8,470,338,275,3900,1200,14.1,Sedan,5,48000,
2018,Lexus,UX,ICE,9.2,110,29,0,72.2,460,169,151,3200,1000,21.7,SUV,5,30000,
2018,Lexus,LS,HV,5.2,155,28,0,74.8,470,354,369,4500,1200,17,Sedan,5,80000,
2018,Lexus,ES,ICE,7.2,131,27,0,77.5,440,268,248,3500,1100,16.7,Sedan,5,39000,
2018,Lexus,LC,HV,4.7,155,26,0,80.5,460,354,348,4300,1200,5.4,Coupe,4,96000,
2018,Lexus,NX,ICE,7.1,124,25,0,83.7,440,235,258,3800,1200,22.7,SUV,5,36000,
2018,Lexus,GS,ICE,5.8,143,25,0,83.7,430,311,280,3800,1200,14.1,Sedan,5,46000,
2018,Lexus,RX,ICE,7.9,124,23,0,91,420,295,267,4100,1300,29.6,SUV,5,45000,
2018,Lexus,IS,ICE,5.9,143,23,0,91,410,311,280,3600,1100,13.8,Sedan,5,39000,
2018,Lexus,RC,ICE,5.8,143,22,0,95.1,410,311,280,3800,1100,10.4,Coupe,4,42000,
2018,Lexus,LS,ICE,4.6,155,22,0,95.1,420,416,442,4400,1200,17,Sedan,5,76000,
2018,Lexus,LC,ICE,4.4,168,19,0,110.2,400,471,398,4300,1200,5.4,Coupe,4,93000,
2018,Lexus,GX,ICE,7.8,130,18,0,116.3,380,301,329,5100,1500,64.7,SUV,7,53000,
2018,Lexus,LFA,ICE,3.6,202,16,0,130.8,350,552,354,3500,900,4.7,Coupe,2,375000,
2018,Lexus,LX,ICE,7.3,137,15,0,139.5,360,383,403,5800,1500,44.7,SUV,8,86000,
2017,Lexus,CT,HV,9.8,112,42,0,49.8,560,134,105,3100,1100,13.2,Hatchback,5,31000,
2017,Lexus,ES,HV,8.1,120,40,0,52.3,580,200,213,3600,1200,15.2,Sedan,5,41000,
2017,Lexus,NX,HV,8.6,112,33,0,63.4,520,194,210,3800,1300,22.7,SUV,5,39000,
2017,Lexus,RX,HV,7.9,112,30,0,69.8,520,308,247,4200,1400,29.6,SUV,5,47000,
2017,Lexus,GS,HV,7.5,120,29,0,72.2,460,338,254,3900,1300,14.3,Sedan,5,54000,
2017,Lexus,LC,HV,4.7,155,26,0,80.5,480,354,369,4400,1300,5.4,Coupe,4,96000,
2017,Lexus,NX,ICE,7.1,124,25,0,83.7,430,235,258,3700,1300,22.7,SUV,5,36000,
2017,Lexus,ES,ICE,7.5,131,24,0,87.2,430,268,248,3600,1200,15.2,Sedan,5,38000,
2017,Lexus,IS,ICE,6.9,143,24,0,87.2,430,241,258,3500,1200,13.8,Sedan,5,39000,
2017,Lexus,RX,ICE,7.7,124,23,0,91,430,295,267,4200,1400,29.6,SUV,5,43000,
2017,Lexus,RC,ICE,5.8,145,23,0,91,420,306,277,3800,1200,10.1,Coupe,4,43000,
2017,Lexus,GS,ICE,6.1,155,22,0,95.1,410,311,280,4000,1300,14.3,Sedan,5,48000,
2017,Lexus,LS,ICE,5.7,155,21,0,99.7,410,386,367,4600,1400,16.9,Sedan,5,72000,
2017,Lexus,LC,ICE,4.4,168,21,0,99.7,410,471,398,4300,1300,5.4,Coupe,4,92000,
2017,Lexus,GX,ICE,7.8,130,16,0,130.8,380,301,329,5100,1500,64.7,SUV,7,51000,
2017,Lexus,LFA,ICE,3.7,202,16,0,130.8,360,552,354,3600,1200,3.5,Coupe,2,375000,
2017,Lexus,LX,ICE,7.2,137,13,0,161,330,383,403,6000,1600,44.7,SUV,7,85000,
2016,Lexus,CT,HV,9.8,112,42,0,49.8,520,134,142,3100,1200,13.2,Hatchback,5,32000,
2016,Lexus,ES,HV,7.8,120,40,0,52.3,520,200,157,3600,1300,15.2,Sedan,5,41000,
2016,Lexus,NX,HV,8,112,33,0,63.4,480,194,210,3700,1300,22.7,SUV,5,35000,
2016,Lexus,RX,HV,7.9,120,30,0,69.8,480,308,247,4200,1500,29.6,SUV,5,48000,
2016,Lexus,GS,HV,6.3,130,29,0,72.2,460,338,247,3900,1400,14.3,Sedan,5,52000,
2016,Lexus,NX,ICE,7.1,125,25,0,83.7,420,235,258,3600,1300,22.7,SUV,5,33000,
2016,Lexus,IS,ICE,5.9,143,25,0,83.7,420,306,277,3600,1300,13.8,Sedan,5,39000,
2016,Lexus,ES,ICE,7.1,130,24,0,87.2,420,268,248,3500,1300,15.2,Sedan,5,38000,
2016,Lexus,GS,ICE,6.7,130,24,0,87.2,420,306,277,3800,1400,14.3,Sedan,5,48000,
2016,Lexus,LS,HV,5.5,155,24,0,87.2,430,354,378,4200,1400,16.9,Sedan,5,76000,
2016,Lexus,RX,ICE,7.3,120,23,0,91,420,295,267,4100,1500,29.6,SUV,5,45000,
2016,Lexus,RC,ICE,5.8,143,23,0,91,410,306,277,3700,1300,10.4,Coupe,4,42000,
2016,Lexus,LS,ICE,5.6,155,19,0,110.2,380,386,367,4300,1400,16.9,Sedan,5,72000,
2016,Lexus,GX,ICE,7.8,115,18,0,116.3,350,301,329,5100,1600,64.7,SUV,7,52000,
2016,Lexus,LFA,ICE,3.6,202,16,0,130.8,320,552,354,3300,1200,3.7,Coupe,2,375000,
2016,Lexus,LX,ICE,7.3,130,14,0,149.5,320,383,403,5800,1700,44.7,SUV,8,83000,
2015,Lexus,CT,HV,9.8,112,42,0,49.8,520,134,105,3100,1100,13.2,Hatchback,5,31000,
2015,Lexus,ES,HV,7.1,120,40,0,52.3,560,200,199,3500,1200,15.2,Sedan,5,39000,
2015,Lexus,NX,HV,7.1,112,33,0,63.4,520,194,199,3800,1300,22.7,SUV,5,36000,
2015,Lexus,RX,HV,7.8,112,30,0,69.8,520,308,247,4300,1400,29.6,SUV,5,48000,
2015,Lexus,GS,HV,6.3,130,29,0,72.2,520,338,254,3900,1300,14.3,Sedan,5,52000,
2015,Lexus,NX,ICE,7,124,25,0,83.7,450,235,258,3700,1300,22.7,SUV,5,33000,
2015,Lexus,ES,ICE,7.4,130,25,0,83.7,450,268,248,3500,1200,15.2,Sedan,5,36000,
2015,Lexus,GS,ICE,6.2,143,24,0,87.2,440,306,277,3900,1300,14.3,Sedan,5,47000,
2015,Lexus,IS,ICE,5.9,143,24,0,87.2,440,306,277,3600,1200,13.8,Sedan,5,38000,
2015,Lexus,RC,ICE,5.8,143,24,0,87.2,440,306,277,3800,1200,10.4,Coupe,4,43000,
2015,Lexus,LS,HV,5.5,155,24,0,87.2,500,438,377,4400,1400,16.9,Sedan,5,80000,
2015,Lexus,RX,ICE,7.7,112,22,0,95.1,430,270,248,4300,1400,29.6,SUV,5,46000,
2015,Lexus,LS,ICE,5.8,155,22,0,95.1,440,386,367,4400,1400,16.9,Sedan,5,72000,
2015,Lexus,GX,ICE,7.8,112,18,0,116.3,410,301,329,5100,1500,64.7,SUV,7,48000,
2015,Lexus,LFA,ICE,3.7,202,16,0,130.8,350,552,354,3300,1000,3.4,Coupe,2,375000,
2015,Lexus,LX,ICE,7.4,137,14,0,149.5,420,383,403,5800,1700,44.7,SUV,8,83000,
2025,Lincoln,Corsair,PHV,5.8,125,78,0,26.8,520,266,320,4200,1100,30,SUV,5,56500,
2025,Lincoln,Nautilus,HV,6.6,120,30,0,69.8,520,310,350,4450,1200,30,SUV,5,51500,
2025,Lincoln,Corsair,ICE,6.9,125,25,0,83.7,450,250,275,3900,1100,30,SUV,5,43500,
2025,Lincoln,Nautilus,ICE,7.2,120,24,0,87.2,450,250,275,4300,1200,30,SUV,5,46500,
2025,Lincoln,Aviator,ICE,6.1,130,22,0,95.1,440,400,415,5000,1400,40,SUV,7,57500,
2025,Lincoln,Navigator,ICE,6.2,120,17,0,123.1,420,440,510,5900,1500,40,SUV,7,82500,
2024,Lincoln,Corsair,PHV,5.8,120,63,0,33.2,520,266,317,4300,1200,30,SUV,5,49500,
2024,Lincoln,Aviator,PHV,5.5,120,56,0,37.4,520,494,630,5000,1400,40,SUV,7,69500,
2024,Lincoln,Nautilus,HV,7.1,115,30,0,69.8,520,250,275,4300,1300,30,SUV,5,44500,
2024,Lincoln,Corsair,ICE,6.8,120,28,0,74.8,450,250,275,4000,1200,30,SUV,5,38500,
2024,Lincoln,Nautilus,ICE,7.6,115,24,0,87.2,470,250,275,4200,1300,30,SUV,5,41500,
2024,Lincoln,Aviator,ICE,6.2,120,21,0,99.7,440,400,415,4800,1400,40,SUV,7,56500,
2024,Lincoln,Navigator,ICE,6,120,18,0,116.3,430,440,510,5600,1500,40,SUV,7,77500,
2023,Lincoln,Corsair,PHV,5.8,125,78,0,26.8,520,266,320,4200,1100,30,SUV,5,54500,
2023,Lincoln,Aviator,PHV,5.5,130,56,0,37.4,520,494,630,5050,1400,40,SUV,7,69500,
2023,Lincoln,Corsair,ICE,6.9,125,25,0,83.7,450,250,275,3900,1100,30,SUV,5,41500,
2023,Lincoln,Nautilus,ICE,7.2,120,24,0,87.2,450,250,275,4300,1200,30,SUV,5,45500,
2023,Lincoln,Aviator,ICE,6.3,130,22,0,95.1,440,400,415,4900,1400,40,SUV,7,56500,
2023,Lincoln,Navigator,ICE,6.5,120,17,0,123.1,420,440,510,5900,1500,40,SUV,7,81500,
2022,Lincoln,Corsair,PHV,5.8,130,69,0,30.3,520,266,280,4300,1100,30,SUV,5,51500,
2022,Lincoln,Aviator,PHV,5.4,130,56,0,37.4,520,494,630,5100,1400,40,SUV,7,69000,
2022,Lincoln,Corsair,ICE,6.8,130,26,0,80.5,450,250,280,4100,1100,30,SUV,5,38500,
2022,Lincoln,Nautilus,ICE,7.2,130,23,0,91,440,250,280,4350,1200,30,SUV,5,44000,
2022,Lincoln,Aviator,ICE,6.2,130,21,0,99.7,440,400,415,4950,1400,40,SUV,7,52500,
2022,Lincoln,Navigator,ICE,6,130,18,0,116.3,430,440,510,5800,1600,40,SUV,7,77000,
2021,Lincoln,MKZ,HV,7.1,120,39,0,53.7,580,188,173,3700,1100,15,Sedan,5,36000,
2021,Lincoln,Corsair,PHV,5.8,125,33,0,63.4,520,266,280,4200,1200,30,SUV,5,52000,
2021,Lincoln,MKZ,ICE,7.3,130,26,0,80.5,430,245,275,3600,1100,15,Sedan,5,35000,
2021,Lincoln,Corsair,ICE,6.8,125,25,0,83.7,430,250,275,3900,1200,30,SUV,5,37000,
2021,Lincoln,Nautilus,ICE,7.2,130,23,0,91,430,250,280,4300,1300,30,SUV,5,42000,
2021,Lincoln,Aviator,PHV,5.5,135,23,0,91,480,494,630,5000,1500,40,SUV,7,68000,
2021,Lincoln,Continental,ICE,6.8,130,22,0,95.1,420,335,380,4300,1200,15,Sedan,5,46000,
2021,Lincoln,Aviator,ICE,6,135,21,0,99.7,430,400,415,4800,1500,40,SUV,7,56000,
2021,Lincoln,Navigator,ICE,6.2,130,17,0,123.1,420,450,510,5800,1700,40,SUV,8,76000,
2020,Lincoln,Corsair,PHV,5.8,120,78,0,26.8,460,266,330,4200,1200,30,SUV,5,50000,
2020,Lincoln,Aviator,PHV,5.5,135,56,0,37.4,440,494,630,5000,1500,40,SUV,7,68000,
2020,Lincoln,MKZ,HV,7.2,120,41,0,51,520,188,129,3700,1100,15,Sedan,5,37000,
2020,Lincoln,Corsair,ICE,6.8,120,25,0,83.7,420,250,275,3800,1200,30,SUV,5,38000,
2020,Lincoln,MKZ,ICE,6.4,130,24,0,87.2,430,245,275,3600,1100,15,Sedan,5,36000,
2020,Lincoln,Nautilus,ICE,7.2,120,23,0,91,420,250,280,4100,1300,30,SUV,5,42000,
2020,Lincoln,Aviator,ICE,6,130,21,0,99.7,410,400,415,4700,1500,40,SUV,7,53000,
2020,Lincoln,Continental,ICE,6.4,130,20,0,104.7,400,335,380,4300,1200,15,Sedan,5,46000,
2020,Lincoln,Navigator,ICE,5.9,115,18,0,116.3,390,450,510,5600,1600,40,SUV,8,76000,
2020,Lincoln,MKT,ICE,6.3,130,18,0,116.3,380,365,350,5000,1500,18.6,Crossover,7,51000,
2019,Lincoln,Aviator,PHV,5.5,140,56,0,37.4,500,494,630,5100,1400,40,SUV,7,69000,
2019,Lincoln,MKZ,HV,7.2,120,42,0,49.8,610,188,173,3600,1100,15,Sedan,5,36000,
2019,Lincoln,MKZ,ICE,6.8,130,27,0,77.5,430,245,275,3500,1100,15,Sedan,5,33000,
2019,Lincoln,MKC,ICE,6.9,130,25,0,83.7,430,285,305,3800,1200,30,SUV,5,36000,
2019,Lincoln,MKX,ICE,6.5,130,22,0,95.1,420,335,380,4400,1300,30,SUV,5,41000,
2019,Lincoln,Nautilus,ICE,6.6,130,22,0,95.1,420,335,380,4400,1300,30,SUV,5,41000,
2019,Lincoln,Continental,ICE,6.1,130,21,0,99.7,420,335,380,4200,1200,15,Sedan,5,46000,
2019,Lincoln,Aviator,ICE,6,145,21,0,99.7,420,400,415,4800,1400,40,SUV,7,52000,
2019,Lincoln,MKT,ICE,7.4,120,20,0,104.7,400,365,350,4800,1400,40,SUV,7,49000,
2019,Lincoln,Navigator,ICE,6.3,140,17,0,123.1,380,450,510,5600,1600,40,SUV,7,76000,
2018,Lincoln,MKZ,HV,6.9,130,38,0,55.1,560,188,173,3700,1100,15,Sedan,5,36000,
2018,Lincoln,MKZ,ICE,6.5,130,27,0,77.5,450,245,275,3600,1100,15,Sedan,5,34000,
2018,Lincoln,MKC,ICE,7.2,130,23,0,91,430,285,305,3900,1100,30,SUV,5,34000,
2018,Lincoln,MKX,ICE,6.3,140,22,0,95.1,420,335,380,4400,1200,30,SUV,5,39000,
2018,Lincoln,Nautilus,ICE,6.2,140,22,0,95.1,420,335,380,4400,1200,30,SUV,5,42000,
2018,Lincoln,Continental,ICE,6,155,21,0,99.7,420,335,380,4300,1200,15,Sedan,5,46000,
2018,Lincoln,MKT,ICE,6.4,132,19,0,110.2,400,365,350,4700,1300,18.6,Wagon,7,50000,
2018,Lincoln,Navigator,ICE,6.1,137,18,0,116.3,390,450,510,5800,1500,40,SUV,7,74000,
2017,Lincoln,MKZ,HV,7.2,120,38,0,55.1,560,188,173,3600,1200,15,Sedan,5,36000,
2017,Lincoln,MKC,ICE,7.2,130,23,0,91,420,245,275,3800,1300,30,SUV,5,34000,
2017,Lincoln,MKX,ICE,6.6,145,22,0,95.1,420,303,278,4300,1400,30,SUV,5,39000,
2017,Lincoln,MKS,ICE,6.3,155,22,0,95.1,420,365,350,4300,1400,15,Sedan,5,45000,
2017,Lincoln,MKZ,ICE,6.5,155,22,0,95.1,420,245,275,3600,1200,15,Sedan,5,32000,
2017,Lincoln,Continental,ICE,6.4,155,21,0,99.7,410,335,380,4300,1400,15,Sedan,5,46000,
2017,Lincoln,MKT,ICE,7.1,125,19,0,110.2,390,365,350,4600,1500,76.4,Wagon,7,46000,
2017,Lincoln,Navigator,ICE,5.9,150,18,0,116.3,390,385,460,5800,1600,40,SUV,7,64000,
2016,Lincoln,MKZ,HV,7.5,120,41,0,51,520,188,173,3600,1300,15,Sedan,5,36000,
2016,Lincoln,MKZ,ICE,7,130,26,0,80.5,430,240,270,3500,1300,15,Sedan,5,33000,
2016,Lincoln,MKC,ICE,7.3,125,25,0,83.7,420,240,270,3800,1300,30,SUV,5,34000,
2016,Lincoln,MKX,ICE,6.8,125,23,0,91,410,303,278,4400,1500,30,SUV,5,39000,
2016,Lincoln,MKS,ICE,6.4,130,22,0,95.1,400,365,350,4200,1400,15,Sedan,5,41000,
2016,Lincoln,Continental,ICE,6.2,130,22,0,95.1,410,335,380,4300,1400,15,Sedan,5,45000,
2016,Lincoln,MKT,ICE,7.1,120,21,0,99.7,390,365,350,4800,1500,75.9,Crossover,7,44000,
2016,Lincoln,Navigator,ICE,6.5,130,17,0,123.1,360,380,460,5800,1700,40,SUV,8,63000,
2015,Lincoln,MKZ,HV,7.1,120,38,0,55.1,560,188,129,3600,1200,15,Sedan,5,36000,
2015,Lincoln,MKZ,ICE,7,130,26,0,80.5,450,240,270,3600,1200,15,Sedan,5,32000,
2015,Lincoln,MKC,ICE,6.9,130,25,0,83.7,450,285,305,3800,1300,30,SUV,5,34000,
2015,Lincoln,MKX,ICE,7.2,120,22,0,95.1,440,305,280,4200,1400,30,SUV,5,38000,
2015,Lincoln,MKS,ICE,6.4,130,21,0,99.7,430,365,350,4200,1400,15,Sedan,5,39000,
2015,Lincoln,MKT,ICE,7,120,18,0,116.3,420,365,350,4800,1500,75.9,Crossover,6,44000,
2015,Lincoln,Navigator,ICE,7.8,115,16,0,130.8,400,380,460,6000,1700,40,SUV,8,63000,
2025,Lucid Motors,Air,EV,3.1,168,0,131,25.7,470,905,920,5200,1200,22.1,Sedan,5,115000,
2025,Lucid Motors,Gravity,EV,3.6,155,0,105,32.1,440,800,900,6200,1400,22.1,SUV,7,99500,
2024,Lucid Motors,Air,EV,3.2,168,0,131,25.7,410,620,885,5200,1100,32.1,Sedan,5,82500,
2022,Lucid Motors,Air,EV,4.5,168,0,118,28.6,406,620,737,4800,1100,22.1,Sedan,5,77400,
2021,Lucid Motors,Air,EV,2.5,168,0,118,28.6,406,800,885,5200,1200,22.1,Sedan,5,77000,
2025,Mazda,CX-90,PHV,5.8,130,56,0,37.4,540,323,369,5000,1400,40,SUV,7,50500,
2025,Mazda,CX-70,PHV,5.9,130,56,0,37.4,540,323,369,4800,1300,39.6,SUV,5,47500,
2025,Mazda,CX-50,HV,7.4,125,38,0,55.1,520,219,163,3950,1100,31.4,SUV,5,34500,
2025,Mazda,Axela (Mazda 3),ICE,7.1,130,30,0,69.8,470,191,186,3050,900,13.2,Sedan,5,25500,
2025,Mazda,CX-30,ICE,7.9,125,29,0,72.2,460,186,186,3450,1000,20.2,SUV,5,26500,
2025,Mazda,MX-5 (Miata),ICE,5.7,135,29,0,72.2,430,181,151,2400,700,4.6,Roadster,2,30500,
2025,Mazda,CX-5,ICE,7.6,130,28,0,74.8,450,227,310,3700,1100,30.8,SUV,5,29500,
2025,Mazda,CX-50,ICE,7.8,125,27,0,77.5,450,227,310,3850,1100,31.4,SUV,5,31500,
2025,Mazda,CX-70,MHV,6.4,130,25,0,83.7,500,340,369,4600,1300,39.6,SUV,5,42500,
2025,Mazda,CX-90,MHV,6.3,130,24,0,87.2,500,340,369,4800,1400,40,SUV,7,45500,
2024,Mazda,CX-90,PHV,5.9,130,56,0,37.4,540,323,369,5000,1400,40,SUV,7,49500,
2024,Mazda,CX-70,PHV,6,130,56,0,37.4,540,323,369,4800,1300,39.6,SUV,5,46500,
2024,Mazda,CX-50,HV,7.5,125,38,0,55.1,520,219,163,3950,1100,31.4,SUV,5,33500,
2024,Mazda,Axela (Mazda 3),ICE,7.2,130,30,0,69.8,470,191,186,3050,900,13.2,Sedan,5,24500,
2024,Mazda,CX-30,ICE,8,125,29,0,72.2,460,186,186,3450,1000,20.2,SUV,5,25500,
2024,Mazda,MX-5 (Miata),ICE,5.8,135,29,0,72.2,430,181,151,2400,700,4.6,Roadster,2,29500,
2024,Mazda,CX-5,ICE,7.7,130,28,0,74.8,450,227,310,3700,1100,30.8,SUV,5,28500,
2024,Mazda,CX-50,ICE,7.9,125,27,0,77.5,450,227,310,3850,1100,31.4,SUV,5,30500,
2024,Mazda,CX-70,MHV,6.5,130,25,0,83.7,500,340,369,4600,1300,39.6,SUV,5,41500,
2024,Mazda,CX-90,MHV,6.4,130,24,0,87.2,500,340,369,4800,1400,40,SUV,7,44500,
2024,Mazda,CX-9,ICE,7.3,130,24,0,87.2,460,250,320,4400,1300,38.2,SUV,7,36500,
2023,Mazda,MX-30,EV,7.6,87,0,100,33.7,100,143,200,3700,1000,21,SUV,5,34500,
2023,Mazda,CX-90,PHV,5.9,130,56,0,37.4,540,323,369,5000,1400,40,SUV,7,49500,
2023,Mazda,Axela (Mazda 3),ICE,7.2,130,30,0,69.8,470,191,186,3050,900,13.2,Sedan,5,24500,
2023,Mazda,CX-30,ICE,7.9,125,29,0,72.2,460,186,186,3450,1000,20.2,SUV,5,25500,
2023,Mazda,MX-5 (Miata),ICE,5.7,135,29,0,72.2,430,181,151,2400,700,4.6,Roadster,2,29500,
2023,Mazda,CX-5,ICE,7.6,130,28,0,74.8,450,227,310,3700,1100,30.8,SUV,5,28500,
2023,Mazda,CX-50,ICE,7.8,125,27,0,77.5,450,227,310,3850,1100,31.4,SUV,5,30500,
2023,Mazda,CX-90,ICE,6.4,130,25,0,83.7,500,340,369,4800,1400,40,SUV,7,42500,
2023,Mazda,CX-9,ICE,7.1,130,24,0,87.2,450,250,320,4400,1200,38.2,SUV,7,35500,
2022,Mazda,MX-30,EV,7.1,87,0,92,36.6,100,143,200,3700,950,19.2,SUV,5,33500,
2022,Mazda,MX-5 (Miata),ICE,5.7,135,30,0,69.8,420,181,151,2350,700,4.6,Convertible,2,28000,
2022,Mazda,Atenza (Mazda 6),ICE,7.3,130,29,0,72.2,460,227,310,3500,1000,14.7,Sedan,5,24500,
2022,Mazda,Axela (Mazda 3),ICE,7,130,29,0,72.2,430,186,186,3100,950,13.2,Sedan,5,21500,
2022,Mazda,CX-30,ICE,8.1,125,28,0,74.8,430,186,186,3450,1000,20.2,SUV,5,22500,
2022,Mazda,CX-5,ICE,7.6,130,28,0,74.8,450,225,310,3700,1100,30.8,SUV,5,26500,
2022,Mazda,CX-50,ICE,7.8,130,26,0,80.5,440,187,186,3900,1200,31.4,SUV,5,27500,
2022,Mazda,CX-9,ICE,7.1,130,24,0,87.2,440,250,320,4400,1300,38.2,SUV,7,36000,
2021,Mazda,MX-30,EV,7.6,87,0,100,33.7,100,143,200,3600,1000,21,SUV,5,33500,
2021,Mazda,CX-3,ICE,8.1,120,31,0,67.5,430,148,146,3000,1000,17.8,SUV,5,21500,
2021,Mazda,Axela (Mazda 3),ICE,7.1,130,30,0,69.8,460,186,186,3100,950,13.2,Sedan,5,21000,
2021,Mazda,CX-30,ICE,8,120,29,0,72.2,430,186,186,3300,1050,20.2,SUV,5,23000,
2021,Mazda,Atenza (Mazda 6),ICE,7.2,130,29,0,72.2,460,227,310,3500,1050,14.7,Sedan,5,24500,
2021,Mazda,MX-5 (Miata),ICE,5.7,135,29,0,72.2,410,181,151,2350,850,4.6,Convertible,2,26500,
2021,Mazda,CX-5,ICE,7.5,125,28,0,74.8,430,227,310,3600,1100,30.9,SUV,5,26000,
2021,Mazda,CX-9,ICE,7,125,24,0,87.2,430,250,320,4400,1400,38.2,SUV,7,34500,
2020,Mazda,Axela (Mazda 3),ICE,8,130,30,0,69.8,470,186,186,3100,1000,13.2,Sedan,5,23000,
2020,Mazda,CX-3,ICE,8.7,118,29,0,72.2,420,148,146,3100,1100,42.7,SUV,5,21000,
2020,Mazda,CX-30,ICE,8.1,125,29,0,72.2,440,186,186,3300,1100,45.2,SUV,5,24000,
2020,Mazda,Atenza (Mazda 6),ICE,7.8,130,29,0,72.2,460,187,186,3400,1100,14.7,Sedan,5,25000,
2020,Mazda,MX-5 (Miata),ICE,5.7,135,29,0,72.2,380,181,151,2400,500,4.6,Roadster,2,27000,
2020,Mazda,CX-5,ICE,7.9,130,27,0,77.5,440,187,186,3600,1200,59.6,SUV,5,27000,
2020,Mazda,CX-9,ICE,7.2,130,23,0,91,420,250,320,4300,1400,71.2,SUV,7,34000,
2019,Mazda,Axela (Mazda 3),ICE,8.2,129,30,0,69.8,470,186,186,3000,1000,13.2,Hatchback,5,23000,
2019,Mazda,MX-5 (Miata),ICE,5.7,135,30,0,69.8,450,181,151,2400,600,4.6,Convertible,2,26000,
2019,Mazda,CX-3,ICE,8.3,125,29,0,72.2,450,148,146,3100,1000,48.4,SUV,5,21000,
2019,Mazda,CX-30,ICE,8.1,130,28,0,74.8,440,186,186,3300,1100,45.2,SUV,5,23000,
2019,Mazda,Atenza (Mazda 6),ICE,7.3,130,26,0,80.5,460,227,310,3400,1100,14.7,Sedan,5,25000,
2019,Mazda,CX-5,ICE,7.6,130,25,0,83.7,430,227,310,3600,1200,59.6,SUV,5,26000,
2019,Mazda,CX-9,ICE,7.2,130,23,0,91,420,250,320,4400,1400,71.2,SUV,7,33000,
2018,Mazda,Axela (Mazda 3),ICE,8.1,130,30,0,69.8,480,155,150,2900,1000,13.2,Hatchback,5,20000,
2018,Mazda,MX-5 (Miata),ICE,5.7,135,30,0,69.8,470,155,148,2350,800,4.6,Roadster,2,26000,
2018,Mazda,CX-3,ICE,8.8,120,29,0,72.2,460,146,146,3000,1000,44.5,SUV,5,21000,
2018,Mazda,CX-5,ICE,7.7,130,27,0,77.5,450,187,186,3600,1200,59.6,SUV,5,25000,
2018,Mazda,Atenza (Mazda 6),ICE,7.8,135,26,0,80.5,450,187,186,3300,1100,14.7,Sedan,5,24000,
2018,Mazda,CX-9,ICE,7.2,135,23,0,91,420,250,310,4400,1300,71.2,SUV,7,33000,
2017,Mazda,Axela (Mazda 3),ICE,7.1,130,30,0,69.8,480,184,185,3000,1100,13.2,Hatchback,5,19000,
2017,Mazda,MX-5 (Miata),ICE,5.7,135,30,0,69.8,420,155,148,2400,800,4.6,Convertible,2,26000,
2017,Mazda,CX-3,ICE,8.2,120,29,0,72.2,460,146,146,2900,1100,48.4,SUV,5,20000,
2017,Mazda,Atenza (Mazda 6),ICE,7.3,130,28,0,74.8,470,184,185,3300,1200,14.7,Sedan,5,22000,
2017,Mazda,CX-5,ICE,7.5,130,26,0,80.5,440,187,186,3500,1300,59.6,SUV,5,24000,
2017,Mazda,Premacy (Mazda 5),ICE,8.6,118,25,0,83.7,430,157,163,3400,1200,44,Minivan,5,21000,
2017,Mazda,CX-9,ICE,7.2,132,24,0,87.2,430,250,310,4400,1500,71.2,SUV,7,32000,
2016,Mazda,Demio (Mazda 2),ICE,9.8,115,35,0,59.8,520,100,98,2400,1000,13.2,Hatchback,5,16000,
2016,Mazda,MX-5 (Miata),ICE,5.8,135,34,0,61.6,430,155,148,2400,800,4.6,Roadster,2,26000,
2016,Mazda,Axela (Mazda 3),ICE,8.2,130,32,0,65.4,520,155,150,2900,1200,13.2,Hatchback,5,20000,
2016,Mazda,Atenza (Mazda 6),ICE,7.6,130,30,0,69.8,500,184,185,3300,1300,14.7,Sedan,5,24000,
2016,Mazda,CX-3,ICE,8.9,120,29,0,72.2,430,146,146,3100,1200,44.5,SUV,5,21000,
2016,Mazda,CX-5,ICE,8.6,125,28,0,74.8,460,184,185,3500,1300,65,SUV,5,25000,
2016,Mazda,Other/Adjustment,ICE,8,125,28,0,74.8,450,170,170,3200,1200,15,Sedan,5,22000,
2016,Mazda,Premacy (Mazda 5),ICE,9.3,120,24,0,87.2,400,157,163,3400,1300,44,Minivan,6,21000,
2016,Mazda,CX-9,ICE,7.3,130,23,0,91,410,250,310,4300,1500,71.2,SUV,7,32000,
2015,Mazda,Demio (Mazda 2),ICE,9.4,112,34,0,61.6,480,100,98,2400,1000,13.3,Hatchback,5,15000,
2015,Mazda,Axela (Mazda 3),ICE,8.1,130,32,0,65.4,470,155,150,2900,1100,13.2,Hatchback,5,19000,
2015,Mazda,Atenza (Mazda 6),ICE,7.8,130,30,0,69.8,460,184,185,3200,1200,14.7,Sedan,5,22000,
2015,Mazda,CX-3,ICE,8.6,115,29,0,72.2,440,146,146,3000,1200,48.4,SUV,5,20000,
2015,Mazda,MX-5 (Miata),ICE,5.7,135,29,0,72.2,430,167,140,2300,500,4.6,Convertible,2,26000,
2015,Mazda,CX-5,ICE,8.3,120,26,0,80.5,440,184,185,3500,1300,65.4,SUV,5,24000,
2015,Mazda,Premacy (Mazda 5),ICE,8.9,115,25,0,83.7,430,157,163,3400,1400,44,Minivan,6,21000,
2015,Mazda,CX-9,ICE,7.2,130,18,0,116.3,410,273,270,4300,1500,71.2,SUV,7,32000,
2025,Mercedes-Benz,EQB,EV,6.2,100,0,104,32.4,285,288,384,4600,1100,25,SUV,7,53500,
2025,Mercedes-Benz,EQE,EV,4.9,130,0,97,34.7,305,402,633,5150,1100,15,Sedan,5,74500,
2025,Mercedes-Benz,EQS,EV,4.5,130,0,96,35.1,350,516,611,5500,1200,22,Sedan,5,102500,
2025,Mercedes-Benz,Sprinter,EV,10,90,0,90,37.4,248,295,339,8500,3500,488.1,Van,2,65500,
2025,Mercedes-Benz,EQE SUV,EV,4.8,130,0,90,37.4,300,402,633,5650,1300,15,SUV,5,79500,
2025,Mercedes-Benz,EQS SUV,EV,4.6,130,0,85,39.6,305,536,633,6000,1400,22,SUV,7,105500,
2025,Mercedes-Benz,G-Class,EV,4.5,112,0,79,42.7,240,579,858,7600,1500,38.1,SUV,5,142000,
2025,Mercedes-Benz,C-Class,PHV,5.8,130,68,0,30.8,480,313,406,4200,1000,12.6,Sedan,5,54500,
2025,Mercedes-Benz,GLC-Class (GLK-Class),PHV,5.6,130,63,0,33.2,480,313,406,4400,1200,12.6,SUV,5,58500,
2025,Mercedes-Benz,S-Class,PHV,4.8,130,59,0,35.5,520,496,516,5050,1100,12.9,Sedan,5,118500,
2025,Mercedes-Benz,GLE-Class (M-Class/ML-Class),PHV,5.3,130,55,0,38.1,520,381,516,5200,1400,13.1,SUV,5,71500,
2025,Mercedes-Benz,AMG-GT,PHV,3.4,196,54,0,38.8,480,671,752,4750,900,11.3,Coupe,4,175000,
2025,Mercedes-Benz,SL-Class,PHV,3.9,196,50,0,41.9,480,671,752,4650,850,8.5,Convertible,2,175000,
2025,Mercedes-Benz,CLA-Class,ICE,6,130,29,0,72.2,460,221,258,3450,950,11.6,Sedan,5,39500,
2025,Mercedes-Benz,GLA-Class,ICE,7.1,130,27,0,77.5,430,221,258,3600,1000,8.6,SUV,5,39500,
2025,Mercedes-Benz,C-Class,ICE,5.9,130,27,0,77.5,450,255,295,3700,1000,12.6,Sedan,5,46500,
2025,Mercedes-Benz,GLB,ICE,6.9,130,26,0,80.5,440,221,258,3800,1100,20.1,SUV,7,42500,
2025,Mercedes-Benz,CLE Coupe,ICE,5.6,130,26,0,80.5,440,255,295,3850,950,13.1,Coupe,4,49500,
2025,Mercedes-Benz,E-Class,ICE,5.8,130,26,0,80.5,470,255,295,3950,1050,13.1,Sedan,5,56500,
2025,Mercedes-Benz,GLC-Class (GLK-Class),ICE,6.2,130,25,0,83.7,450,255,295,4100,1200,12.6,SUV,5,49500,
2025,Mercedes-Benz,CLS-Class,ICE,5,155,25,0,83.7,450,362,369,4150,1000,12.9,Sedan,5,75500,
2025,Mercedes-Benz,GLE-Class (M-Class/ML-Class),ICE,6,130,22,0,95.1,450,362,369,5000,1400,13.1,SUV,5,59500,
2025,Mercedes-Benz,S-Class,ICE,4.9,130,22,0,95.1,460,429,384,4950,1100,12.9,Sedan,5,108500,
2025,Mercedes-Benz,AMG-GT,ICE,3.8,194,21,0,99.7,420,523,494,4300,900,11.3,Coupe,4,135000,
2025,Mercedes-Benz,SL-Class,ICE,4.2,196,21,0,99.7,420,496,516,4300,850,8.5,Convertible,2,135000,
2025,Mercedes-Benz,GLS-Class (GL-Class),ICE,5.9,130,20,0,104.7,440,362,369,5600,1500,12.9,SUV,7,79500,
2025,Mercedes-Benz,G-Class,MHV,5.6,130,17,0,123.1,420,416,450,5700,1500,38.1,SUV,5,145000,
2024,Mercedes-Benz,EQB,EV,6.3,100,0,104,32.4,285,288,384,4600,1100,25,SUV,7,52500,
2024,Mercedes-Benz,EQE,EV,5,130,0,97,34.7,305,402,633,5150,1100,15,Sedan,5,73500,
2024,Mercedes-Benz,EQS,EV,4.6,130,0,96,35.1,350,516,611,5500,1200,22,Sedan,5,100500,
2024,Mercedes-Benz,Sprinter,EV,10.1,90,0,90,37.4,248,295,339,8500,3500,488.1,Van,2,64500,
2024,Mercedes-Benz,EQE SUV,EV,4.9,130,0,90,37.4,300,402,633,5650,1300,15,SUV,5,78500,
2024,Mercedes-Benz,EQS SUV,EV,4.7,130,0,85,39.6,305,536,633,6000,1400,22,SUV,7,103500,
2024,Mercedes-Benz,GLC-Class (GLK-Class),PHV,5.7,130,63,0,33.2,480,313,406,4400,1200,12.6,SUV,5,57500,
2024,Mercedes-Benz,S-Class,PHV,4.9,130,59,0,35.5,520,496,516,5050,1100,12.9,Sedan,5,116500,
2024,Mercedes-Benz,GLE-Class (M-Class/ML-Class),PHV,5.4,130,55,0,38.1,520,381,516,5200,1400,13.1,SUV,5,70500,
2024,Mercedes-Benz,A-Class,ICE,6.1,130,30,0,69.8,470,221,258,3350,900,8.6,Sedan,5,34500,
2024,Mercedes-Benz,CLA-Class,ICE,6.1,130,29,0,72.2,460,221,258,3450,950,11.6,Sedan,5,38500,
2024,Mercedes-Benz,GLA-Class,ICE,7.2,130,27,0,77.5,430,221,258,3600,1000,8.6,SUV,5,38500,
2024,Mercedes-Benz,C-Class,ICE,6,130,27,0,77.5,450,255,295,3700,1000,12.6,Sedan,5,45500,
2024,Mercedes-Benz,GLB,ICE,7,130,26,0,80.5,440,221,258,3800,1100,20.1,SUV,7,41500,
2024,Mercedes-Benz,CLE Coupe,ICE,5.7,130,26,0,80.5,440,255,295,3850,950,13.1,Coupe,4,48500,
2024,Mercedes-Benz,E-Class,ICE,5.9,130,26,0,80.5,470,255,295,3950,1050,13.1,Sedan,5,55500,
2024,Mercedes-Benz,GLC-Class (GLK-Class),ICE,6.3,130,25,0,83.7,450,255,295,4100,1200,12.6,SUV,5,48500,
2024,Mercedes-Benz,CLS-Class,ICE,5.1,155,25,0,83.7,450,362,369,4150,1000,12.9,Sedan,5,74500,
2024,Mercedes-Benz,GLE-Class (M-Class/ML-Class),ICE,6.1,130,22,0,95.1,450,362,369,5000,1400,13.1,SUV,5,58500,
2024,Mercedes-Benz,S-Class,ICE,5,130,22,0,95.1,460,429,384,4950,1100,12.9,Sedan,5,106500,
2024,Mercedes-Benz,AMG-GT,ICE,3.9,194,21,0,99.7,420,523,494,4300,900,11.3,Coupe,4,132500,
2024,Mercedes-Benz,SL-Class,ICE,4.3,196,21,0,99.7,420,496,516,4300,850,8.5,Convertible,2,132500,
2024,Mercedes-Benz,GLS-Class (GL-Class),ICE,6,130,20,0,104.7,440,362,369,5600,1500,12.9,SUV,7,78500,
2024,Mercedes-Benz,G-Class,ICE,5.7,130,17,0,123.1,420,416,450,5700,1500,38.1,SUV,5,142500,
2023,Mercedes-Benz,EQS,EV,4.1,130,0,97,34.7,350,516,631,5600,1200,22,Sedan,5,105000,
2023,Mercedes-Benz,EQE,EV,5.6,130,0,97,34.7,305,288,417,5100,1200,15,Sedan,5,74500,
2023,Mercedes-Benz,EQB,EV,6,100,0,92,36.6,245,225,288,4550,1100,25,SUV,5,53500,
2023,Mercedes-Benz,EQS SUV,EV,4.5,130,0,90,37.4,305,536,633,6200,1300,22,SUV,5,105000,
2023,Mercedes-Benz,EQE SUV,EV,5.9,130,0,90,37.4,279,288,417,5600,1200,15,SUV,5,78500,
2023,Mercedes-Benz,A-Class,ICE,7.1,130,28,0,74.8,450,221,258,3300,900,8.6,Sedan,5,34500,
2023,Mercedes-Benz,CLA-Class,ICE,6.7,135,28,0,74.8,450,221,258,3350,900,11.6,Sedan,5,36500,
2023,Mercedes-Benz,GLA-Class,ICE,7,130,27,0,77.5,440,221,258,3550,1050,8.6,SUV,5,38500,
2023,Mercedes-Benz,GLB,ICE,6.9,130,26,0,80.5,440,221,258,3750,1100,20.1,SUV,5,40500,
2023,Mercedes-Benz,C-Class,ICE,6,145,26,0,80.5,460,255,295,3600,950,12.6,Sedan,5,43500,
2023,Mercedes-Benz,GLC-Class (GLK-Class),ICE,6.2,130,25,0,83.7,450,255,295,4050,1150,12.6,SUV,5,47500,
2023,Mercedes-Benz,E-Class,ICE,5.8,155,25,0,83.7,470,335,369,3850,1000,13.1,Sedan,5,56500,
2023,Mercedes-Benz,CLS-Class,ICE,5.6,155,24,0,87.2,450,362,369,3950,1000,12.9,Sedan,5,72500,
2023,Mercedes-Benz,S-Class,ICE,4.9,155,23,0,91,450,429,384,4700,1100,12.9,Sedan,5,94500,
2023,Mercedes-Benz,GLE-Class (M-Class/ML-Class),ICE,5.9,130,22,0,95.1,440,362,369,4950,1300,13.1,SUV,5,58500,
2023,Mercedes-Benz,SL-Class,ICE,4.4,155,22,0,95.1,420,429,384,4000,900,8.5,Roadster,2,115000,
2023,Mercedes-Benz,GLS-Class (GL-Class),ICE,6,130,20,0,104.7,430,362,369,5450,1400,12.9,SUV,7,76500,
2023,Mercedes-Benz,AMG-GT,ICE,3.8,194,20,0,104.7,410,523,494,3600,900,10.1,Coupe,2,135000,
2023,Mercedes-Benz,G-Class,ICE,5.6,130,17,0,123.1,400,416,450,5750,1400,38.1,SUV,5,145000,
2022,Mercedes-Benz,EQB,EV,6.9,100,0,100,33.7,260,288,384,4600,1100,25,SUV,7,52500,
2022,Mercedes-Benz,EQS,EV,4.3,130,0,96,35.1,350,516,611,5500,1200,22,Sedan,5,102000,
2022,Mercedes-Benz,EQE,EV,5.6,130,0,90,37.4,305,402,633,5100,1100,15,Sedan,5,70500,
2022,Mercedes-Benz,EQS SUV,EV,4.8,130,0,85,39.6,305,536,633,6000,1400,22,SUV,7,104000,
2022,Mercedes-Benz,CLA-Class,ICE,6.3,130,28,0,74.8,450,221,258,3450,950,11.6,Sedan,5,37500,
2022,Mercedes-Benz,GLA-Class,ICE,7.1,130,27,0,77.5,430,221,258,3600,1000,8.6,SUV,5,36500,
2022,Mercedes-Benz,A-Class,ICE,6.2,130,27,0,77.5,430,221,258,3400,950,8.6,Sedan,5,34500,
2022,Mercedes-Benz,GLB,ICE,6.9,130,26,0,80.5,440,221,258,3800,1100,20.1,SUV,7,39500,
2022,Mercedes-Benz,C-Class,ICE,5.9,130,26,0,80.5,450,255,295,3700,1000,12.6,Sedan,5,43500,
2022,Mercedes-Benz,GLC-Class (GLK-Class),ICE,6.2,130,25,0,83.7,450,255,295,4100,1200,12.6,SUV,5,45500,
2022,Mercedes-Benz,S-Class,ICE,5.1,130,23,0,91,460,429,384,4950,1100,12.9,Sedan,5,94500,
2022,Mercedes-Benz,GLE-Class (M-Class/ML-Class),ICE,6,130,22,0,95.1,450,362,369,5000,1400,13.1,SUV,5,56500,
2022,Mercedes-Benz,AMG-GT,ICE,3.8,194,21,0,99.7,420,523,494,4300,900,11.3,Coupe,4,125000,
2022,Mercedes-Benz,SL-Class,ICE,4.4,196,21,0,99.7,420,496,516,4300,850,8.5,Convertible,2,115000,
2022,Mercedes-Benz,GLS-Class (GL-Class),ICE,6,130,20,0,104.7,440,362,369,5600,1500,12.9,SUV,7,76500,
2022,Mercedes-Benz,G-Class,ICE,5.9,130,17,0,123.1,420,416,450,5700,1500,38.1,SUV,5,131000,
2025,MINI,Cooper,EV,6.6,106,0,114,29.6,200,215,243,3650,850,8.7,Hatchback,4,36500,
2025,MINI,Countryman,EV,5.6,112,0,104,32.4,245,308,364,4400,1000,25,SUV,5,45500,
2025,MINI,Countryman,PHV,6.8,125,73,0,28.7,460,221,284,4200,1000,17.6,SUV,5,43500,
2025,MINI,Cooper,ICE,6.3,130,32,0,65.4,420,189,207,2800,850,8.7,Hatchback,4,30500,
2025,MINI,Convertible,ICE,7.2,130,29,0,72.2,400,189,207,3000,800,5.2,Convertible,4,34500,
2025,MINI,Countryman,ICE,7.4,130,28,0,74.8,430,221,284,3850,1000,17.6,SUV,5,34500,
2025,MINI,Clubman,ICE,6.9,140,26,0,80.5,420,189,207,3450,900,17.5,Wagon,5,36500,
2024,MINI,Cooper,EV,6.7,106,0,114,29.6,200,215,243,3600,850,8.7,Hatchback,4,35500,
2024,MINI,Countryman,EV,5.7,112,0,104,32.4,245,308,364,4350,1000,25,SUV,5,44500,
2024,MINI,Countryman,PHV,6.9,125,73,0,28.7,460,221,284,4150,1000,17.6,SUV,5,42500,
2024,MINI,Cooper,ICE,6.4,130,32,0,65.4,420,189,207,2750,850,8.7,Hatchback,4,29500,
2024,MINI,Convertible,ICE,7.2,130,29,0,72.2,400,189,207,3000,800,5.2,Convertible,4,33500,
2024,MINI,Countryman,ICE,7.5,130,28,0,74.8,430,221,284,3800,1000,17.6,SUV,5,33500,
2024,MINI,Clubman,ICE,6.9,140,26,0,80.5,420,189,207,3450,900,17.5,Wagon,5,35500,
2023,MINI,Cooper,EV,6.7,106,0,114,29.6,200,215,243,3620,850,8.7,Hatchback,4,35000,
2023,MINI,Countryman,PHV,6.9,125,73,0,28.7,460,221,284,4180,1000,17.6,SUV,5,42000,
2023,MINI,Cooper,ICE,6.4,130,32,0,65.4,420,189,207,2780,850,8.7,Hatchback,4,29500,
2023,MINI,Convertible,ICE,7.3,130,29,0,72.2,400,189,207,2980,800,5.2,Convertible,4,33000,
2023,MINI,Countryman,ICE,7.5,130,28,0,74.8,430,221,284,3830,1000,17.6,SUV,5,33000,
2023,MINI,Clubman,ICE,7,140,26,0,80.5,420,189,207,3430,900,17.5,Wagon,5,35000,
2022,MINI,Cooper,EV,6.7,93,0,114,29.6,114,181,199,3200,850,8.7,Hatchback,4,29900,
2022,MINI,Countryman,PHV,6.8,125,73,0,28.7,460,221,284,4200,1000,17.6,SUV,5,39900,
2022,MINI,Cooper,ICE,6.5,130,32,0,65.4,420,189,207,2800,850,8.7,Hatchback,4,26900,
2022,MINI,Convertible,ICE,7.2,130,29,0,72.2,400,189,207,3000,800,5.2,Convertible,4,31900,
2022,MINI,Countryman,ICE,7.4,130,28,0,74.8,430,221,284,3850,1000,17.6,SUV,5,31900,
2022,MINI,Clubman,ICE,6.9,140,26,0,80.5,420,189,207,3450,900,17.5,Wagon,5,34900,
2021,MINI,Cooper,EV,6.9,93,0,110,30.6,110,181,199,3150,900,8.7,Hatchback,4,29900,
2021,MINI,Countryman,PHV,6.8,125,73,0,28.7,520,221,284,3950,1000,17.5,SUV,5,41500,
2021,MINI,Cooper,ICE,7.5,130,32,0,65.4,430,134,162,2800,900,8.7,Hatchback,4,22500,
2021,MINI,Convertible,ICE,7.7,130,30,0,69.8,430,134,162,2950,900,5.2,Convertible,4,28500,
2021,MINI,Clubman,ICE,6.8,130,29,0,72.2,450,189,207,3500,1000,17.5,Wagon,5,30000,
2021,MINI,Countryman,ICE,7.3,130,29,0,72.2,450,189,207,3700,1000,17.5,SUV,5,29500,
2020,MINI,Cooper,EV,6.9,93,0,114,29.6,110,181,199,3150,800,8.7,Hatchback,4,30000,
2020,MINI,Countryman,PHV,6.8,125,73,0,28.7,17,221,284,3900,950,47.6,Crossover,5,41000,
2020,MINI,Cooper,ICE,6.9,130,29,0,72.2,420,189,206,2800,800,8.7,Hatchback,4,25000,
2020,MINI,Convertible,ICE,7.1,128,28,0,74.8,410,189,207,3100,800,5.2,Convertible,4,28000,
2020,MINI,Clubman,ICE,7,130,26,0,80.5,430,189,207,3400,1000,17.5,Wagon,5,29000,
2020,MINI,Countryman,ICE,7.2,130,26,0,80.5,420,189,207,3500,1000,47.6,SUV,5,29000,
2019,MINI,Countryman,PHV,6.8,125,73,0,28.7,270,221,284,3900,1100,62.8,SUV,5,37000,
2019,MINI,Cooper,ICE,6.4,130,32,0,65.4,430,189,207,2800,900,8.7,Hatchback,4,23000,
2019,MINI,Convertible,ICE,7.1,128,29,0,72.2,400,189,207,3000,900,5.2,Convertible,4,28000,
2019,MINI,Clubman,ICE,6.9,140,27,0,77.5,420,228,258,3400,1100,17.5,Wagon,5,30000,
2019,MINI,Countryman,ICE,7.3,130,26,0,80.5,420,228,258,3500,1100,62.8,SUV,5,28000,
2018,MINI,Countryman,PHV,6.8,125,84,0,24.9,270,221,284,3900,1100,47.6,SUV,5,37000,
2018,MINI,Cooper,ICE,7.2,130,32,0,65.4,420,134,162,2700,900,8.7,Hatchback,4,23000,
2018,MINI,Convertible,ICE,7.7,130,30,0,69.8,410,134,162,3000,900,5.2,Convertible,4,28000,
2018,MINI,Countryman,ICE,7.4,130,28,0,74.8,410,189,207,3500,1100,47.6,SUV,5,27000,
2018,MINI,Clubman,ICE,6.9,142,26,0,80.5,400,189,207,3300,1000,17.5,Wagon,5,30000,
2017,MINI,Countryman,PHV,6.8,125,84,0,24.9,520,221,284,3900,1200,62.8,SUV,5,36000,
2017,MINI,Cooper,ICE,7,130,32,0,65.4,480,134,162,2600,900,8.7,Hatchback,4,23000,
2017,MINI,Clubman,ICE,7,130,30,0,69.8,470,189,207,3300,1100,17.5,Wagon,5,25000,
2017,MINI,Convertible,ICE,7.1,128,29,0,72.2,450,189,207,3100,1000,5.2,Convertible,4,27000,
2017,MINI,Paceman,ICE,7.5,127,27,0,77.5,440,181,177,3400,1100,11.6,SUV,4,24000,
2017,MINI,Countryman,ICE,7.2,130,27,0,77.5,440,189,207,3500,1200,62.8,SUV,5,26000,
2016,MINI,Cooper,ICE,6.5,130,34,0,61.6,430,134,162,2700,1000,17.6,Hatchback,4,23000,
2016,MINI,Coupe,ICE,6.6,135,33,0,63.4,430,181,177,2700,900,8.7,Coupe,2,25000,
2016,MINI,Roadster,ICE,6.7,135,33,0,63.4,430,181,177,2700,900,8.7,Roadster,2,26000,
2016,MINI,Clubman,ICE,7.2,130,32,0,65.4,450,189,207,3200,1200,17.5,Wagon,5,26000,
2016,MINI,Convertible,ICE,7,130,32,0,65.4,430,134,162,2900,1000,5.2,Convertible,4,27000,
2016,MINI,Paceman,ICE,7.9,125,27,0,77.5,420,181,177,3300,1200,11.6,Crossover,4,28000,
2016,MINI,Countryman,ICE,7.8,125,26,0,80.5,420,181,177,3400,1200,53.1,Crossover,5,27000,
2015,MINI,Cooper,ICE,6.7,130,33,0,63.4,430,134,162,2600,900,34,Hatchback,4,23000,
2015,MINI,Convertible,ICE,7,125,32,0,65.4,430,134,162,2900,850,5.2,Convertible,4,28000,
2015,MINI,Clubman,ICE,7.8,130,32,0,65.4,440,181,177,3200,1100,17.5,Wagon,5,26000,
2015,MINI,Coupe,ICE,6.8,135,32,0,65.4,430,181,177,2600,900,8.7,Coupe,2,26000,
2015,MINI,Roadster,ICE,6.7,135,32,0,65.4,430,181,177,2550,850,8.7,Convertible,2,28000,
2015,MINI,Countryman,ICE,7.9,125,27,0,77.5,420,181,177,3300,1100,41.3,Crossover,5,27000,
2015,MINI,Paceman,ICE,7.8,125,26,0,80.5,410,181,177,3400,1100,11.6,Crossover,4,29000,
2025,Mitsubishi,Outlander,PHV,6.7,125,64,0,32.7,520,248,332,4200,1200,33.5,SUV,5,41500,
2025,Mitsubishi,Mirage,ICE,9.9,112,39,0,53.7,460,78,74,2100,900,17.1,Hatchback,5,17500,
2025,Mitsubishi,RVR/ASX/Outlander Sport,ICE,8.9,120,27,0,77.5,430,168,167,3400,1100,21.7,SUV,5,26500,
2025,Mitsubishi,Outlander,ICE,8.2,120,26,0,80.5,450,181,181,3700,1200,33.5,SUV,5,31500,
2025,Mitsubishi,Eclipse Cross,ICE,8.6,120,26,0,80.5,420,152,184,3500,1100,23.4,SUV,5,28500,
2024,Mitsubishi,Outlander,PHV,6.8,125,64,0,32.7,520,248,332,4200,1200,33.5,SUV,5,40500,
2024,Mitsubishi,Mirage,ICE,10,112,39,0,53.7,460,78,74,2100,900,17.1,Hatchback,5,16500,
2024,Mitsubishi,RVR/ASX/Outlander Sport,ICE,9,120,27,0,77.5,430,168,167,3400,1100,21.7,SUV,5,25500,
2024,Mitsubishi,Outlander,ICE,8.3,120,26,0,80.5,450,181,181,3700,1200,33.5,SUV,5,30500,
2024,Mitsubishi,Eclipse Cross,ICE,8.7,120,26,0,80.5,420,152,184,3500,1100,23.4,SUV,5,27500,
2023,Mitsubishi,Outlander,PHV,6.8,125,64,0,32.7,520,248,332,4150,1200,33.5,SUV,5,40500,
2023,Mitsubishi,Mirage,ICE,10,112,39,0,53.7,460,78,74,2100,900,17.1,Hatchback,5,16500,
2023,Mitsubishi,RVR/ASX/Outlander Sport,ICE,9,120,27,0,77.5,430,168,167,3350,1100,21.7,SUV,5,25500,
2023,Mitsubishi,Outlander,ICE,8.3,120,26,0,80.5,450,181,181,3650,1200,33.5,SUV,5,30500,
2023,Mitsubishi,Eclipse Cross,ICE,8.7,120,26,0,80.5,420,152,184,3450,1100,23.4,SUV,5,27500,
2022,Mitsubishi,Outlander,PHV,6.5,125,74,0,28.3,520,248,332,4200,1300,63.3,SUV,5,39500,
2022,Mitsubishi,Mirage,ICE,10.4,105,39,0,53.7,500,78,74,2100,850,17.1,Hatchback,5,16500,
2022,Mitsubishi,Outlander,ICE,8.5,120,26,0,80.5,450,181,181,3700,1300,63.3,SUV,5,28500,
2022,Mitsubishi,RVR/ASX/Outlander Sport,ICE,8.9,120,26,0,80.5,450,168,197,3400,1100,49.5,SUV,5,24500,
2022,Mitsubishi,Eclipse Cross,ICE,8.6,125,26,0,80.5,450,152,184,3550,1100,23.4,SUV,5,26500,
2021,Mitsubishi,Outlander,PHV,6.5,106,74,0,28.3,320,221,244,4200,1050,30.4,SUV,5,36500,
2021,Mitsubishi,Mirage,ICE,9.8,105,39,0,53.7,360,78,74,2095,900,17.1,Hatchback,5,15500,
2021,Mitsubishi,Eclipse Cross,ICE,8.6,130,28,0,74.8,430,152,184,3300,1000,23.4,SUV,5,23500,
2021,Mitsubishi,RVR/ASX/Outlander Sport,ICE,9,125,27,0,77.5,420,148,145,3250,1000,21.7,SUV,5,22500,
2021,Mitsubishi,Outlander,ICE,8.5,130,27,0,77.5,430,181,181,3700,1100,30.4,SUV,5,26500,
2020,Mitsubishi,Outlander,PHV,7.6,105,74,0,28.3,420,221,332,3900,1300,63.3,SUV,5,36000,
2020,Mitsubishi,Mirage,ICE,10.4,105,39,0,53.7,420,78,74,2100,800,47,Hatchback,5,15000,
2020,Mitsubishi,RVR/ASX/Outlander Sport,ICE,9.2,120,26,0,80.5,420,148,145,3200,1100,49.5,SUV,5,23000,
2020,Mitsubishi,Eclipse Cross,ICE,8.6,125,26,0,80.5,420,152,184,3400,1100,50.1,SUV,5,24000,
2020,Mitsubishi,Outlander,ICE,8.2,120,25,0,83.7,420,166,162,3500,1300,63.3,SUV,7,26000,
2019,Mitsubishi,Outlander,PHV,10.5,106,74,0,28.3,310,221,332,4100,1300,63.3,SUV,5,35000,
2019,Mitsubishi,Mirage,ICE,10.4,105,36,0,58.1,380,78,74,2100,800,17.1,Hatchback,5,15000,
2019,Mitsubishi,Lancer,ICE,7.5,130,29,0,72.2,450,168,167,3100,1000,12.3,Sedan,5,22000,
2019,Mitsubishi,RVR/ASX/Outlander Sport,ICE,9,125,27,0,77.5,430,148,145,3200,1100,49.5,SUV,5,23000,
2019,Mitsubishi,Eclipse Cross,ICE,8.6,130,26,0,80.5,430,152,184,3400,1100,47.1,SUV,5,24000,
2019,Mitsubishi,Outlander,ICE,8.5,130,25,0,83.7,430,166,162,3600,1300,63.3,SUV,7,26000,
2018,Mitsubishi,Outlander,PHV,10.5,106,74,0,28.3,330,197,332,3900,1300,63.3,SUV,5,35000,
2018,Mitsubishi,Mirage,ICE,10.8,112,39,0,53.7,430,78,74,2100,900,17.1,Hatchback,5,14000,
2018,Mitsubishi,Lancer,ICE,8.9,124,28,0,74.8,450,148,145,3000,1000,12.3,Sedan,5,21000,
2018,Mitsubishi,RVR/ASX/Outlander Sport,ICE,9,120,27,0,77.5,430,148,145,3300,1200,49.5,SUV,5,22000,
2018,Mitsubishi,Outlander,ICE,8.5,124,27,0,77.5,440,166,162,3600,1300,63.3,SUV,7,25000,
2018,Mitsubishi,Eclipse Cross,ICE,8.6,127,26,0,80.5,430,152,184,3400,1200,50.1,SUV,5,24000,
2017,Mitsubishi,i-MiEV,EV,13.5,80,0,112,30.1,62,66,145,2600,900,13,Hatchback,4,23000,
2017,Mitsubishi,Outlander,PHV,11,106,74,0,28.3,540,197,332,4200,1300,63.3,SUV,5,35000,
2017,Mitsubishi,Mirage,ICE,12.5,105,37,0,56.6,480,78,74,2000,800,17.1,Hatchback,5,13000,
2017,Mitsubishi,Lancer,ICE,8.5,125,29,0,72.2,460,148,145,3100,1100,12.3,Sedan,5,19000,
2017,Mitsubishi,RVR/ASX/Outlander Sport,ICE,9.1,120,26,0,80.5,440,148,145,3400,1200,49.5,SUV,5,22000,
2017,Mitsubishi,Outlander,ICE,8.9,120,25,0,83.7,430,166,162,3800,1300,63.3,SUV,5,24000,
2016,Mitsubishi,i-MiEV,EV,13.5,80,0,112,30.1,62,66,145,2600,900,13,Hatchback,4,23000,
2016,Mitsubishi,Mirage,ICE,12.5,105,37,0,56.6,520,74,74,2100,900,17.1,Hatchback,5,13000,
2016,Mitsubishi,Lancer,ICE,8.4,125,29,0,72.2,450,148,145,3000,1200,12.3,Sedan,5,19000,
2016,Mitsubishi,RVR/ASX/Outlander Sport,ICE,9.1,120,27,0,77.5,430,148,145,3300,1200,49.5,SUV,5,22000,
2016,Mitsubishi,Outlander,ICE,8.7,120,25,0,83.7,420,166,162,3800,1400,63.3,SUV,5,25000,
2015,Mitsubishi,i-MiEV,EV,13.5,80,0,112,30.1,62,66,145,2600,800,13.2,Hatchback,4,23000,
2015,Mitsubishi,Mirage,ICE,12.1,105,40,0,52.3,380,74,74,2000,900,17.1,Hatchback,5,14000,
2015,Mitsubishi,Lancer,ICE,8.4,125,28,0,74.8,440,148,145,3000,1200,12.3,Sedan,5,21000,
2015,Mitsubishi,RVR/ASX/Outlander Sport,ICE,9.3,115,26,0,80.5,420,148,145,3300,1400,49.5,SUV,5,22000,
2015,Mitsubishi,Outlander,ICE,8.9,120,25,0,83.7,430,166,162,3600,1500,63.3,SUV,5,24000,
2025,Nissan,Leaf,EV,7.4,98,0,114,29.6,212,187,236,3650,900,23.6,Hatchback,5,31500,
2025,Nissan,Ariya,EV,5.6,124,0,103,32.7,304,389,442,4850,1100,22.8,SUV,5,45500,
2025,Nissan,Versa,ICE,9.5,115,35,0,59.8,470,122,114,2550,900,14.7,Sedan,5,18500,
2025,Nissan,Kicks,ICE,9.7,115,33,0,63.4,460,122,114,2650,900,25.3,SUV,5,21500,
2025,Nissan,Sentra,ICE,8.1,130,33,0,63.4,480,149,146,3050,950,14.3,Sedan,5,22500,
2025,Nissan,Altima,ICE,7.4,130,32,0,65.4,500,188,180,3300,1000,15.4,Sedan,5,27500,
2025,Nissan,Rogue,ICE,7.8,120,30,0,69.8,470,201,225,3600,1100,31.6,SUV,5,29500,
2025,Nissan,Maxima,ICE,5.8,135,24,0,87.2,430,300,261,3550,950,14.3,Sedan,5,38500,
2025,Nissan,Pathfinder,ICE,6.7,130,23,0,91,430,284,259,4500,1300,16.6,SUV,7,36500,
2025,Nissan,Murano,ICE,7.4,130,23,0,91,430,260,240,4200,1200,32.1,SUV,5,34500,
2025,Nissan,Z,ICE,4.3,155,23,0,91,420,400,350,3500,850,6.9,Coupe,2,43500,
2025,Nissan,Frontier (Navara),ICE,7.2,115,20,0,104.7,420,310,281,4450,1400,49.6,Pickup,5,33500,
2025,Nissan,Titan,ICE,6.8,115,18,0,116.3,420,400,413,5600,1600,65.7,Pickup,5,45500,
2025,Nissan,GT-R,ICE,3.1,196,18,0,116.3,380,565,467,3900,800,8.8,Coupe,4,118500,
2025,Nissan,Armada,ICE,6.2,130,16,0,130.8,400,400,413,5900,1400,16.5,SUV,8,52500,
2024,Nissan,Leaf,EV,7.5,98,0,114,29.6,212,187,236,3600,900,23.6,Hatchback,5,30500,
2024,Nissan,Ariya,EV,5.7,124,0,103,32.7,304,389,442,4800,1100,22.8,SUV,5,44500,
2024,Nissan,Versa,ICE,9.6,115,35,0,59.8,470,122,114,2500,900,14.7,Sedan,5,17500,
2024,Nissan,Kicks,ICE,9.8,115,33,0,63.4,460,122,114,2600,900,25.3,SUV,5,20500,
2024,Nissan,Sentra,ICE,8.2,130,33,0,63.4,480,149,146,3000,950,14.3,Sedan,5,21500,
2024,Nissan,Altima,ICE,7.5,130,32,0,65.4,500,188,180,3250,1000,15.4,Sedan,5,26500,
2024,Nissan,Rogue,ICE,7.9,120,30,0,69.8,470,201,225,3550,1100,31.6,SUV,5,28500,
2024,Nissan,Maxima,ICE,5.9,135,24,0,87.2,430,300,261,3500,950,14.3,Sedan,5,37500,
2024,Nissan,Pathfinder,ICE,6.8,130,23,0,91,430,284,259,4450,1300,16.6,SUV,7,35500,
2024,Nissan,Murano,ICE,7.5,130,23,0,91,430,260,240,4150,1200,32.1,SUV,5,33500,
2024,Nissan,Z,ICE,4.4,155,23,0,91,420,400,350,3450,850,6.9,Coupe,2,42500,
2024,Nissan,Frontier (Navara),ICE,7.3,115,20,0,104.7,420,310,281,4400,1400,49.6,Pickup,5,32500,
2024,Nissan,Titan,ICE,6.9,115,18,0,116.3,420,400,413,5550,1600,65.7,Pickup,5,44500,
2024,Nissan,GT-R,ICE,3.2,196,18,0,116.3,380,565,467,3850,800,8.8,Coupe,4,116500,
2024,Nissan,Armada,ICE,6.3,130,16,0,130.8,400,400,413,5850,1400,16.5,SUV,8,51500,
2023,Nissan,Leaf,EV,7.5,98,0,112,30.1,212,187,236,3600,900,23.6,Hatchback,5,29500,
2023,Nissan,Ariya,EV,5.7,124,0,102,33,304,389,442,4800,1100,22.8,SUV,5,43500,
2023,Nissan,Versa,ICE,9.6,115,35,0,59.8,470,122,114,2500,900,14.7,Sedan,5,17500,
2023,Nissan,Kicks,ICE,9.8,115,33,0,63.4,460,122,114,2600,900,25.3,SUV,5,20500,
2023,Nissan,Sentra,ICE,8.2,130,33,0,63.4,480,149,146,3000,950,14.3,Sedan,5,21500,
2023,Nissan,Altima,ICE,7.5,130,32,0,65.4,500,188,180,3250,1000,15.4,Sedan,5,26500,
2023,Nissan,Rogue,ICE,7.9,120,30,0,69.8,470,201,225,3550,1100,31.6,SUV,5,28500,
2023,Nissan,Maxima,ICE,5.9,135,24,0,87.2,430,300,261,3500,950,14.3,Sedan,5,37500,
2023,Nissan,Pathfinder,ICE,6.8,130,23,0,91,430,284,259,4450,1300,16.6,SUV,7,35500,
2023,Nissan,Murano,ICE,7.5,130,23,0,91,430,260,240,4150,1200,32.1,SUV,5,33500,
2023,Nissan,Z,ICE,4.4,155,23,0,91,420,400,350,3450,850,6.9,Coupe,2,41500,
2023,Nissan,Frontier (Navara),ICE,7.3,115,20,0,104.7,420,310,281,4400,1400,49.6,Pickup,5,32500,
2023,Nissan,Titan,ICE,6.9,115,18,0,116.3,420,400,413,5550,1600,65.7,Pickup,5,43500,
2023,Nissan,GT-R,ICE,3.2,196,18,0,116.3,380,565,467,3850,800,8.8,Coupe,4,115000,
2023,Nissan,Armada,ICE,6.3,130,16,0,130.8,400,400,413,5850,1400,16.5,SUV,8,50500,
2022,Nissan,Leaf,EV,7.4,98,0,112,30.1,226,214,250,3500,900,23.6,Hatchback,5,27500,
2022,Nissan,Ariya,EV,5.4,100,0,101,33.4,304,389,442,4800,1200,22.8,SUV,5,43500,
2022,Nissan,Rogue,HV,8.2,115,37,0,56.6,520,212,232,3700,1100,31.6,SUV,5,33500,
2022,Nissan,Versa,ICE,9.5,115,35,0,59.8,500,122,114,2650,900,15,Sedan,5,16500,
2022,Nissan,Kicks,ICE,9.8,115,33,0,63.4,480,122,114,2650,900,25.3,SUV,5,20000,
2022,Nissan,Sentra,ICE,8.1,120,33,0,63.4,480,149,146,3000,950,14.3,Sedan,5,20500,
2022,Nissan,Altima,ICE,7.4,125,32,0,65.4,480,188,180,3350,1000,15.4,Sedan,5,25500,
2022,Nissan,Rogue,ICE,8.5,115,30,0,69.8,460,181,181,3600,1100,31.6,SUV,5,27500,
2022,Nissan,NV200,ICE,9.8,105,24,0,87.2,420,131,139,3300,1500,122.7,Van,2,24500,
2022,Nissan,Maxima,ICE,5.8,130,24,0,87.2,450,300,261,3550,1000,14.3,Sedan,5,37500,
2022,Nissan,Z,ICE,4.5,155,24,0,87.2,430,400,350,3500,900,6.9,Coupe,2,39990,
2022,Nissan,Pathfinder,ICE,7,115,23,0,91,440,284,259,4400,1300,16.6,SUV,7,34500,
2022,Nissan,Murano,ICE,7.4,115,23,0,91,440,260,240,4250,1200,32.1,SUV,5,33500,
2022,Nissan,Frontier (Navara),ICE,7.9,115,20,0,104.7,430,310,281,4500,1500,43.6,Pickup,5,29500,
2022,Nissan,Titan,ICE,6.5,120,18,0,116.3,420,400,413,5600,2000,66,Pickup,5,39500,
2022,Nissan,GT-R,ICE,2.9,196,18,0,116.3,360,565,467,3900,900,8.8,Coupe,2,113540,
2022,Nissan,Armada,ICE,6.2,120,16,0,130.8,410,400,413,5900,1500,16.5,SUV,7,48500,
2022,Nissan,NV,ICE,9.5,100,14,0,149.5,350,375,387,6100,4500,323.1,Van,2,36500,
2021,Nissan,Leaf,EV,7.4,90,0,114,29.6,149,147,236,3400,950,23.6,Hatchback,5,31500,
2021,Nissan,Versa,ICE,9.7,115,35,0,59.8,430,122,114,2500,900,15,Sedan,5,16000,
2021,Nissan,Rogue,HV,7.8,120,35,0,59.8,520,181,239,3600,1100,31.6,SUV,5,30500,
2021,Nissan,Kicks,ICE,9.6,112,33,0,63.4,430,122,114,2650,950,25.3,SUV,5,20000,
2021,Nissan,Sentra,ICE,8.9,120,33,0,63.4,460,149,146,2900,950,14.3,Sedan,5,20000,
2021,Nissan,Altima,ICE,7.4,130,32,0,65.4,500,188,180,3200,1000,15.4,Sedan,5,24500,
2021,Nissan,Rogue,ICE,8,120,30,0,69.8,450,181,181,3500,1100,31.6,SUV,5,26500,
2021,Nissan,NV200,ICE,9.8,100,25,0,83.7,350,131,139,3300,1500,122.7,Van,2,24000,
2021,Nissan,Maxima,ICE,5.7,130,24,0,87.2,430,300,261,3600,1050,14.3,Sedan,5,37500,
2021,Nissan,Pathfinder,ICE,7.7,120,23,0,91,430,284,259,4300,1500,16.6,SUV,7,33000,
2021,Nissan,Murano,ICE,7.4,120,23,0,91,430,260,240,3800,1200,32.1,SUV,5,31500,
2021,Nissan,370Z,ICE,5,155,22,0,95.1,380,332,270,3400,900,6.9,Coupe,2,30000,
2021,Nissan,Frontier (Navara),ICE,7.9,120,20,0,104.7,420,310,281,4400,1600,33.5,Pickup,5,29500,
2021,Nissan,GT-R,ICE,2.9,196,18,0,116.3,330,565,467,3900,1000,8.8,Coupe,4,113000,
2021,Nissan,Titan,ICE,6.4,130,17,0,123.1,420,400,413,5600,1800,33.9,Pickup,5,38000,
2021,Nissan,Armada,ICE,6.3,130,16,0,130.8,420,400,413,5800,1700,16.5,SUV,8,48500,
2021,Nissan,NV,ICE,8.5,105,15,0,139.5,390,261,281,6200,1900,323.1,Van,2,36000,
2020,Nissan,Leaf,EV,7.9,98,0,111,30.4,226,147,236,3400,1100,23.6,Hatchback,5,32000,
2020,Nissan,Versa,ICE,9.5,115,35,0,59.8,480,122,114,2500,1000,14.7,Sedan,5,15000,
2020,Nissan,Rogue,HV,7.9,120,34,0,61.6,520,176,195,3600,1200,31.6,SUV,5,30000,
2020,Nissan,Kicks,ICE,9.5,110,33,0,63.4,460,122,114,2700,1000,32.3,Crossover,5,19000,
2020,Nissan,Sentra,ICE,8.9,125,33,0,63.4,480,149,146,3000,1100,14.3,Sedan,5,20000,
2020,Nissan,Altima,ICE,7.4,130,32,0,65.4,480,188,180,3200,1100,15.4,Sedan,5,25000,
2020,Nissan,Rogue,ICE,8.2,120,29,0,72.2,440,170,175,3500,1200,31.6,SUV,5,26000,
2020,Nissan,NV200,ICE,9.8,100,24,0,87.2,380,131,139,3300,1300,122.7,Van,2,23000,
2020,Nissan,Maxima,ICE,5.8,134,24,0,87.2,430,300,261,3600,1100,14.3,Sedan,5,37000,
2020,Nissan,Pathfinder,ICE,7.4,125,23,0,91,420,284,259,4400,1400,16.6,SUV,7,32000,
2020,Nissan,Murano,ICE,7.4,130,23,0,91,420,260,240,4100,1300,32.1,SUV,5,32000,
2020,Nissan,370Z,ICE,5.1,155,22,0,95.1,350,332,270,3400,800,6.9,Coupe,2,30000,
2020,Nissan,Frontier (Navara),ICE,7.8,120,20,0,104.7,380,310,281,4300,1400,50.5,Pickup,5,27000,
2020,Nissan,Titan,ICE,7.5,120,18,0,116.3,380,400,413,5500,1600,67,Pickup,5,36000,
2020,Nissan,GT-R,ICE,2.9,196,18,0,116.3,320,565,467,3900,900,8.8,Coupe,4,113000,
2020,Nissan,Armada,ICE,6.2,130,16,0,130.8,390,390,394,5600,1500,16.5,SUV,8,47000,
2020,Nissan,NV,ICE,8.8,105,15,0,139.5,350,261,281,6100,1700,323.1,Van,2,35000,
2019,Nissan,Leaf,EV,7.4,90,0,112,30.1,150,147,236,3300,1100,23.6,Hatchback,5,30000,
2019,Nissan,Versa,ICE,9.5,115,35,0,59.8,430,109,107,2500,900,15,Sedan,5,16000,
2019,Nissan,Rogue,HV,8.4,112,34,0,61.6,560,176,237,3800,1300,31.6,SUV,5,29000,
2019,Nissan,Kicks,ICE,9.7,114,33,0,63.4,410,122,114,2650,1000,25.3,SUV,5,19000,
2019,Nissan,Sentra,ICE,8.1,124,32,0,65.4,450,188,177,3000,1000,14.3,Sedan,5,20000,
2019,Nissan,Altima,ICE,6.4,130,32,0,65.4,480,248,273,3300,1100,15.4,Sedan,5,24000,
2019,Nissan,Rogue,ICE,8,120,29,0,72.2,460,170,175,3700,1300,31.6,SUV,5,26000,
2019,Nissan,Juke,ICE,8.1,130,28,0,74.8,420,188,177,3200,1000,10.5,SUV,5,24000,
2019,Nissan,NV200,ICE,9.2,105,25,0,83.7,390,131,139,3300,1500,122.7,Van,2,23000,
2019,Nissan,Maxima,ICE,5.7,130,24,0,87.2,420,300,261,3600,1100,14.3,Sedan,5,34000,
2019,Nissan,Pathfinder,ICE,7.7,130,23,0,91,430,284,259,4400,1400,16.6,SUV,7,32000,
2019,Nissan,Murano,ICE,7.4,130,23,0,91,430,260,240,3800,1300,32.1,SUV,5,32000,
2019,Nissan,370Z,ICE,4.8,155,22,0,95.1,370,332,270,3400,900,6.9,Coupe,2,30000,
2019,Nissan,Frontier (Navara),ICE,7.8,115,19,0,110.2,380,261,281,4300,1400,33.5,Pickup,5,27000,
2019,Nissan,Titan,ICE,6.7,130,18,0,116.3,380,390,394,5400,1600,55,Pickup,5,36000,
2019,Nissan,GT-R,ICE,2.9,196,18,0,116.3,340,565,467,3900,900,8.8,Coupe,4,113000,
2019,Nissan,NV,ICE,7.9,100,17,0,123.1,360,261,281,6100,2000,323.1,Van,2,33000,
2019,Nissan,Armada,ICE,5.9,140,16,0,130.8,360,390,394,5800,1600,16.5,SUV,7,48000,
2018,Nissan,Leaf,EV,7.9,90,0,112,30.1,151,147,236,3300,1000,23.6,Hatchback,5,30000,
2018,Nissan,Versa,ICE,9.9,118,36,0,58.1,470,109,107,2400,900,15,Sedan,5,13000,
2018,Nissan,Rogue,HV,8.8,114,34,0,61.6,520,176,203,3800,1300,31.6,SUV,5,28000,
2018,Nissan,Kicks,ICE,9.8,112,33,0,63.4,430,125,115,2700,1000,25.3,SUV,5,18000,
2018,Nissan,Sentra,ICE,8.6,120,32,0,65.4,460,124,125,2900,1000,14.3,Sedan,5,19000,
2018,Nissan,Altima,ICE,6.3,130,31,0,67.5,480,179,177,3300,1100,15.4,Sedan,5,24000,
2018,Nissan,Rogue,ICE,7.8,120,29,0,72.2,450,170,175,3600,1300,31.6,SUV,5,26000,
2018,Nissan,Juke,ICE,8.1,124,29,0,72.2,420,141,147,3000,1000,10.5,SUV,5,21000,
2018,Nissan,NV200,ICE,9.5,100,25,0,83.7,420,131,139,3300,1500,122.7,Van,2,22000,
2018,Nissan,Maxima,ICE,5.7,134,25,0,83.7,440,300,261,3600,1200,14.3,Sedan,5,34000,
2018,Nissan,Murano,ICE,7.3,130,24,0,87.2,430,260,240,3900,1300,32.1,SUV,5,31000,
2018,Nissan,Quest,ICE,7.9,118,23,0,91,420,260,240,4300,1400,14.2,Minivan,7,28000,
2018,Nissan,Pathfinder,ICE,7.1,120,23,0,91,430,284,259,4400,1400,16.6,SUV,7,31000,
2018,Nissan,370Z,ICE,5,155,22,0,95.1,380,332,270,3300,900,6.9,Coupe,2,30000,
2018,Nissan,Frontier (Navara),ICE,7.8,112,19,0,110.2,380,261,281,4300,1500,50.5,Pickup,5,26000,
2018,Nissan,GT-R,ICE,2.9,196,18,0,116.3,350,565,467,3900,1000,8.8,Coupe,4,100000,
2018,Nissan,Titan,ICE,6.7,115,17,0,123.1,380,390,394,5300,1600,55,Pickup,5,35000,
2018,Nissan,Armada,ICE,5.9,130,16,0,130.8,380,390,394,5600,1500,16.5,SUV,8,48000,
2018,Nissan,NV,ICE,8.9,100,15,0,139.5,350,261,281,6200,3000,323.1,Van,2,33000,
2017,Nissan,Leaf,EV,10.5,90,0,112,30.1,107,107,187,3400,1100,23.6,Hatchback,5,30000,
2017,Nissan,Versa,ICE,10.6,115,35,0,59.8,500,109,107,2500,900,15,Sedan,5,12000,
2017,Nissan,Rogue,HV,8.2,112,34,0,61.6,520,176,221,3800,1300,31.6,SUV,5,30000,
2017,Nissan,Sentra,ICE,9.2,120,32,0,65.4,480,130,128,2900,1100,14.3,Sedan,5,18000,
2017,Nissan,Altima,ICE,7.4,130,31,0,67.5,480,182,180,3200,1200,15.4,Sedan,5,22000,
2017,Nissan,Rogue,ICE,8.4,120,29,0,72.2,460,170,175,3600,1300,31.6,SUV,5,25000,
2017,Nissan,Juke,ICE,8.1,124,29,0,72.2,450,188,177,3300,1100,10.5,SUV,5,22000,
2017,Nissan,Pathfinder,HV,7.9,120,26,0,80.5,480,250,243,4300,1400,16.6,SUV,7,37000,
2017,Nissan,NV200,ICE,9.8,100,25,0,83.7,400,131,139,3200,1200,122.7,Van,2,21000,
2017,Nissan,Maxima,ICE,5.9,135,24,0,87.2,430,300,261,3600,1300,14.3,Sedan,5,33000,
2017,Nissan,Pathfinder,ICE,7.7,120,23,0,91,420,284,259,4300,1400,16.6,SUV,7,32000,
2017,Nissan,Murano,ICE,7.3,130,23,0,91,420,260,240,4100,1400,32.1,SUV,5,30000,
2017,Nissan,Quest,ICE,7.9,120,22,0,95.1,410,260,240,4400,1500,14.2,Minivan,7,29000,
2017,Nissan,370Z,ICE,5.1,155,22,0,95.1,410,332,270,3400,1100,6.9,Coupe,2,30000,
2017,Nissan,Frontier (Navara),ICE,7.8,115,19,0,110.2,380,261,281,4200,1500,50.5,Pickup,5,24000,
2017,Nissan,Xterra,ICE,7.6,120,18,0,116.3,380,261,281,4300,1500,20.4,SUV,5,30000,
2017,Nissan,Titan,ICE,7.5,120,18,0,116.3,380,390,394,5200,1600,55,Pickup,5,35000,
2017,Nissan,GT-R,ICE,2.9,196,18,0,116.3,360,565,467,3900,1200,8.8,Coupe,4,110000,
2017,Nissan,NV,ICE,8.5,115,16,0,130.8,360,261,281,5600,1600,323.1,Van,2,28000,
2017,Nissan,Armada,ICE,6.2,130,16,0,130.8,380,390,394,5800,1600,16.5,SUV,7,45000,
2016,Nissan,Leaf,EV,10.2,92,0,101,33.4,84,107,187,3300,1100,23.6,Hatchback,5,29000,
2016,Nissan,Versa,ICE,9.7,115,35,0,59.8,460,109,107,2500,1000,14.9,Sedan,5,12000,
2016,Nissan,Sentra,ICE,8.6,120,33,0,63.4,450,130,128,2900,1100,14.3,Sedan,5,19000,
2016,Nissan,Altima,ICE,7.4,130,31,0,67.5,520,182,180,3200,1200,15.4,Sedan,5,23000,
2016,Nissan,Cube,ICE,8.6,110,30,0,69.8,420,122,127,2800,1100,11.4,Hatchback,5,19000,
2016,Nissan,Rogue,ICE,8,120,29,0,72.2,430,170,175,3500,1300,31.6,SUV,5,24000,
2016,Nissan,Juke,ICE,8.1,125,29,0,72.2,420,188,177,3200,1200,10.5,Crossover,5,23000,
2016,Nissan,Pathfinder,HV,7.9,120,26,0,80.5,480,250,243,4300,1400,16.6,SUV,7,38000,
2016,Nissan,Maxima,ICE,5.7,134,25,0,83.7,460,300,261,3600,1300,14.3,Sedan,5,33000,
2016,Nissan,NV200,ICE,9.5,100,24,0,87.2,380,131,139,3300,1500,122.7,Van,2,21000,
2016,Nissan,Murano,ICE,7.3,130,24,0,87.2,450,260,240,4100,1400,32.1,SUV,5,31000,
2016,Nissan,Quest,ICE,7.5,115,23,0,91,420,260,240,4400,1500,14.2,Minivan,7,28000,
2016,Nissan,Pathfinder,ICE,7.6,120,23,0,91,430,284,259,4200,1400,16.6,SUV,7,31000,
2016,Nissan,370Z,ICE,5.1,155,22,0,95.1,380,332,270,3400,900,6.9,Coupe,2,30000,
2016,Nissan,Frontier (Navara),ICE,8,120,21,0,99.7,400,261,281,4200,1400,67,Pickup,5,22000,
2016,Nissan,Xterra,ICE,7.8,120,19,0,110.2,360,261,281,4200,1400,20.4,SUV,5,30000,
2016,Nissan,GT-R,ICE,2.7,196,19,0,110.2,320,545,463,3900,900,8.8,Coupe,4,102000,
2016,Nissan,NV,ICE,8.9,105,18,0,116.3,350,261,281,5600,3000,323.1,Van,2,28000,
2016,Nissan,Titan,ICE,6.8,120,18,0,116.3,400,390,394,5800,1800,65,Pickup,5,36000,
2016,Nissan,Armada,ICE,6.2,130,15,0,139.5,350,317,385,5600,1700,16.5,SUV,8,45000,
2015,Nissan,Leaf,EV,10,90,0,114,29.6,84,107,187,3300,1100,23.6,Hatchback,5,29000,
2015,Nissan,Versa,ICE,9.5,115,36,0,58.1,480,109,107,2500,1000,15,Sedan,5,16000,
2015,Nissan,Sentra,ICE,9,120,34,0,61.6,470,130,128,2900,1100,14.3,Sedan,5,19000,
2015,Nissan,Altima,ICE,7.4,130,31,0,67.5,480,182,180,3200,1200,15.4,Sedan,5,24000,
2015,Nissan,Rogue,ICE,8.3,120,28,0,74.8,440,170,175,3500,1400,31.6,SUV,5,24000,
2015,Nissan,Juke,ICE,7.5,125,28,0,74.8,420,188,177,3200,1200,10.5,Crossover,5,22000,
2015,Nissan,Cube,ICE,9.8,110,27,0,77.5,420,122,127,2800,1100,11.4,Hatchback,5,19000,
2015,Nissan,Pathfinder,HV,7.7,115,26,0,80.5,450,250,243,4200,1500,16.6,SUV,7,30000,
2015,Nissan,Maxima,ICE,6,135,26,0,80.5,460,300,261,3500,1300,14.3,Sedan,5,33000,
2015,Nissan,NV200,ICE,10.2,100,24,0,87.2,420,131,139,3200,1400,122.7,Van,2,22000,
2015,Nissan,Murano,ICE,7.5,120,24,0,87.2,430,260,240,3800,1400,32.1,SUV,5,30000,
2015,Nissan,Quest,ICE,7.5,115,23,0,91,430,260,240,4400,1500,14.2,Minivan,7,28000,
2015,Nissan,Pathfinder,ICE,7.8,115,22,0,95.1,430,260,240,4200,1500,16.6,SUV,7,29000,
2015,Nissan,370Z,ICE,5,155,22,0,95.1,380,332,270,3300,700,6.9,Coupe,2,30000,
2015,Nissan,Frontier (Navara),ICE,7.8,115,19,0,110.2,400,261,281,4300,1400,26.7,Pickup,5,25000,
2015,Nissan,GT-R,ICE,2.7,196,19,0,110.2,350,545,463,3900,800,8.8,Coupe,4,101000,
2015,Nissan,Xterra,ICE,7.6,115,18,0,116.3,390,261,281,4300,1500,20.4,SUV,5,29000,
2015,Nissan,NV,ICE,9.5,100,15,0,139.5,350,261,281,5800,2000,323.1,Van,2,33000,
2015,Nissan,Titan,ICE,8.1,115,15,0,139.5,350,317,385,5500,1600,55.2,Pickup,5,36000,
2015,Nissan,Armada,ICE,7.9,113,14,0,149.5,350,317,385,5700,1600,16.5,SUV,8,44000,
2025,Porsche,Macan,EV,4.8,136,0,105,32.1,315,402,479,5200,1100,17.7,SUV,5,78500,
2025,Porsche,Taycan,EV,3.1,161,0,94,35.9,305,616,626,5050,900,14.3,Sedan,4,123500,
2025,Porsche,Panamera,PHV,3.9,174,54,0,38.8,520,536,553,5000,950,18.3,Sedan,4,138500,
2025,Porsche,Cayenne,PHV,4.1,167,52,0,40.3,540,455,516,5300,1200,27.2,SUV,5,103500,
2025,Porsche,Macan,ICE,5.8,144,23,0,91,430,311,295,4100,1100,17.7,SUV,5,62500,
2025,Porsche,Panamera,ICE,4.4,170,22,0,95.1,430,473,457,4700,950,18.3,Sedan,4,108500,
2025,Porsche,Boxster/Cayman,ICE,4.1,170,22,0,95.1,420,350,309,3150,700,5,Coupe,2,76500,
2025,Porsche,Cayenne,ICE,4.9,164,21,0,99.7,440,468,457,5000,1200,27.2,SUV,5,87500,
2025,Porsche,911,ICE,3.6,182,20,0,104.7,420,473,420,3450,800,5,Coupe,4,121000,
2024,Porsche,Macan,EV,4.9,136,0,105,32.1,315,402,479,5200,1100,17.7,SUV,5,76500,
2024,Porsche,Taycan,EV,3.2,161,0,94,35.9,305,616,626,5050,900,14.3,Sedan,4,121500,
2024,Porsche,Panamera,PHV,4,174,54,0,38.8,520,536,553,5000,950,18.3,Sedan,4,136500,
2024,Porsche,Cayenne,PHV,4.2,167,52,0,40.3,540,455,516,5300,1200,27.2,SUV,5,101500,
2024,Porsche,Macan,ICE,5.9,144,23,0,91,430,311,295,4100,1100,17.7,SUV,5,60500,
2024,Porsche,Panamera,ICE,4.5,170,22,0,95.1,430,473,457,4700,950,18.3,Sedan,4,106500,
2024,Porsche,Boxster/Cayman,ICE,4.2,170,22,0,95.1,420,350,309,3150,700,5,Coupe,2,74500,
2024,Porsche,Cayenne,ICE,5,164,21,0,99.7,440,468,457,5000,1200,27.2,SUV,5,85500,
2024,Porsche,911,ICE,3.7,182,20,0,104.7,420,473,420,3450,800,5,Coupe,4,119000,
2023,Porsche,Taycan,EV,3.8,161,0,96,35.1,282,469,479,5050,1000,14.3,Sedan,4,90500,
2023,Porsche,Panamera,PHV,4.2,167,54,0,38.8,500,455,516,4800,1000,18.3,Sedan,4,115000,
2023,Porsche,Cayenne,PHV,4.7,158,46,0,45.5,500,455,516,5200,1200,27.2,SUV,5,83500,
2023,Porsche,Boxster/Cayman,ICE,4.5,170,24,0,87.2,430,394,309,3100,800,5,Coupe,2,64500,
2023,Porsche,Macan,ICE,4.9,165,22,0,95.1,420,375,383,4300,1100,17.7,SUV,5,60500,
2023,Porsche,Panamera,ICE,4.9,165,22,0,95.1,430,348,368,4500,1000,18.3,Sedan,4,92500,
2023,Porsche,Cayenne,ICE,5.4,155,21,0,99.7,430,348,368,4900,1200,27.2,SUV,5,71500,
2023,Porsche,911,ICE,3.7,182,20,0,104.7,400,443,390,3350,750,5,Coupe,4,110000,
2022,Porsche,Taycan,EV,3.4,161,0,94,35.9,300,522,472,5050,900,14.3,Sedan,4,103800,
2022,Porsche,Panamera,PHV,4.2,174,54,0,38.8,520,462,516,5000,950,18.3,Sedan,4,123000,
2022,Porsche,Cayenne,PHV,4.9,167,52,0,40.3,540,455,516,5300,1200,27.2,SUV,5,87000,
2022,Porsche,Macan,ICE,6,144,23,0,91,430,261,295,4100,1100,17.7,SUV,5,54500,
2022,Porsche,Panamera,ICE,4.6,170,22,0,95.1,430,325,331,4700,950,18.3,Sedan,4,92500,
2022,Porsche,Boxster/Cayman,ICE,4.2,170,22,0,95.1,420,300,280,3150,700,5,Coupe,2,63500,
2022,Porsche,Cayenne,ICE,5.9,164,21,0,99.7,440,335,332,5000,1200,27.2,SUV,5,67500,
2022,Porsche,911,ICE,3.7,182,20,0,104.7,420,379,331,3450,800,5,Coupe,4,101200,
2021,Porsche,Taycan,EV,3.8,161,0,79,42.7,260,522,472,5100,1100,14.3,Sedan,4,82000,
2021,Porsche,Cayenne,PHV,4.9,157,27,0,77.5,500,455,516,5200,1400,27.2,SUV,5,82000,
2021,Porsche,Panamera,PHV,4.2,174,25,0,83.7,470,455,516,4600,1200,18.3,Sedan,4,105000,
2021,Porsche,Boxster/Cayman,ICE,4.9,170,24,0,87.2,420,350,309,3100,900,5,Coupe,2,61000,
2021,Porsche,Panamera,ICE,4.6,171,24,0,87.2,430,325,331,4400,1200,18.3,Sedan,4,88000,
2021,Porsche,Macan,ICE,5.1,160,23,0,91,430,348,354,4100,1100,17.7,SUV,5,55000,
2021,Porsche,Cayenne,ICE,5.9,152,22,0,95.1,430,335,332,5000,1400,27.2,SUV,5,67000,
2021,Porsche,911,ICE,3.7,182,22,0,95.1,400,443,390,3350,900,5,Coupe,4,100000,
2020,Porsche,Taycan,EV,3.8,161,0,79,42.7,227,402,479,5100,1100,14.3,Sedan,4,103000,
2020,Porsche,Panamera,PHV,4.4,173,70,0,29.9,480,462,516,4800,1200,18.3,Sedan,4,104000,
2020,Porsche,Cayenne,PHV,5,157,46,0,45.5,440,455,516,5200,1400,27.2,SUV,5,82000,
2020,Porsche,Boxster/Cayman,ICE,4.9,170,24,0,87.2,430,300,280,3100,800,5,Coupe,2,60000,
2020,Porsche,Macan,ICE,6.3,143,23,0,91,430,261,295,4100,1200,17.7,SUV,5,52000,
2020,Porsche,Cayenne,ICE,5.9,152,22,0,95.1,420,335,332,4800,1400,27.2,SUV,5,67000,
2020,Porsche,Panamera,ICE,5.4,164,22,0,95.1,430,330,331,4300,1200,18.3,Sedan,4,88000,
2020,Porsche,911,ICE,3.5,182,22,0,95.1,410,443,390,3350,900,5,Coupe,4,100000,
2019,Porsche,Panamera,PHV,4.4,170,56,0,37.4,460,462,516,4800,1200,18.3,Sedan,4,105000,
2019,Porsche,Cayenne,PHV,4.7,157,46,0,45.5,440,455,516,5100,1400,27.2,SUV,5,82000,
2019,Porsche,Boxster/Cayman,ICE,4.4,170,25,0,83.7,420,300,280,3100,900,5,Coupe,2,59000,
2019,Porsche,Macan,ICE,5.1,157,23,0,91,420,348,354,4100,1200,17.7,SUV,5,59000,
2019,Porsche,Cayenne,ICE,5.9,152,22,0,95.1,430,340,332,4700,1400,27.2,SUV,5,66000,
2019,Porsche,Panamera,ICE,4.4,179,22,0,95.1,420,440,405,4300,1200,18.3,Sedan,4,90000,
2019,Porsche,911,ICE,3.2,182,22,0,95.1,410,443,390,3400,900,5,Coupe,4,97000,
2018,Porsche,Panamera,PHV,4.6,172,54,0,38.8,430,462,516,4800,1200,18.3,Sedan,4,100000,
2018,Porsche,Cayenne,PHV,5.4,157,47,0,44.5,420,455,516,5200,1400,27.2,SUV,5,80000,
2018,Porsche,Panamera,ICE,5.4,164,24,0,87.2,440,330,331,4300,1200,18.3,Sedan,4,85000,
2018,Porsche,Boxster/Cayman,ICE,4.9,170,24,0,87.2,410,300,280,3100,900,5,Coupe,2,58000,
2018,Porsche,Macan,ICE,6.3,141,23,0,91,430,252,273,4000,1200,17.7,SUV,5,50000,
2018,Porsche,Cayenne,ICE,5.9,157,22,0,95.1,430,340,332,4600,1400,27.2,SUV,5,65000,
2018,Porsche,911,ICE,3.9,182,22,0,95.1,400,370,331,3300,900,5,Coupe,4,92000,
2017,Porsche,Panamera,PHV,4.6,171,50,0,41.9,510,462,516,4600,1400,18.3,Sedan,4,95000,
2017,Porsche,Cayenne,PHV,5.4,151,47,0,44.5,500,416,435,5100,1500,27.2,SUV,5,75000,
2017,Porsche,Boxster/Cayman,ICE,4.9,170,25,0,83.7,420,300,280,3100,1100,5,Coupe,2,56000,
2017,Porsche,Macan,ICE,5.2,165,23,0,91,410,340,339,4200,1400,17.7,SUV,5,47000,
2017,Porsche,Panamera,ICE,4.4,179,23,0,91,430,440,405,4300,1400,18.3,Sedan,4,85000,
2017,Porsche,911,ICE,3.9,182,22,0,95.1,410,370,331,3300,1200,5,Coupe,4,91000,
2017,Porsche,Cayenne,ICE,5.6,157,20,0,104.7,400,340,332,4700,1500,27.2,SUV,5,61000,
2016,Porsche,Boxster/Cayman,ICE,4.1,170,26,0,80.5,410,300,280,3100,900,5,Coupe,2,56000,
2016,Porsche,Panamera,PHV,5.1,167,25,0,83.7,460,416,435,4600,1200,18.3,Sedan,4,95000,
2016,Porsche,911,ICE,3.8,182,25,0,83.7,400,370,331,3200,900,5,Coupe,4,89000,
2016,Porsche,Cayenne,PHV,5.4,155,24,0,87.2,460,416,435,5100,1500,27.2,SUV,5,78000,
2016,Porsche,Adjustment,ICE,4.5,160,24,0,87.2,420,300,300,3400,1000,10,Coupe,4,70000,
2016,Porsche,Macan,ICE,5.2,157,23,0,91,430,340,339,4100,1300,17.7,SUV,5,47000,
2016,Porsche,Panamera,ICE,4.6,160,23,0,91,420,310,295,4000,1200,18.3,Sedan,4,86000,
2016,Porsche,918,ICE,2.5,214,22,0,95.1,350,887,944,3700,900,3.7,Hypercar,2,845000,
2016,Porsche,Cayenne,ICE,5.9,155,21,0,99.7,420,300,295,4700,1500,27.2,SUV,5,61000,
2015,Porsche,Panamera,PHV,5.2,161,50,0,41.9,480,416,435,4600,1400,18.3,Sedan,4,95000,
2015,Porsche,Cayenne,PHV,5.4,151,47,0,44.5,460,416,435,5200,1600,27.2,SUV,5,77000,
2015,Porsche,911,ICE,3.9,182,26,0,80.5,420,350,287,3200,700,5,Coupe,4,91000,
2015,Porsche,Boxster/Cayman,ICE,4.9,165,25,0,83.7,420,265,206,3000,700,5,Coupe,2,52000,
2015,Porsche,Macan,ICE,5.4,157,23,0,91,430,340,339,4100,1400,17.7,SUV,5,55000,
2015,Porsche,Panamera,ICE,5.4,160,22,0,95.1,420,310,295,4300,1400,18.3,Sedan,4,85000,
2015,Porsche,918,ICE,2.5,214,22,0,95.1,350,887,944,3700,600,3.5,Hypercar,2,845000,
2015,Porsche,Cayenne,ICE,5.6,150,20,0,104.7,420,300,295,4800,1600,27.2,SUV,5,61000,
2025,Ram,ProMaster,EV,9.5,75,0,85,39.6,162,268,302,6500,3020,259,Van,2,56000,
2025,Ram,ProMaster City,ICE,9.7,105,25,0,83.7,400,178,174,3600,1880,259,Van,2,28500,
2025,Ram,Ram P/U,ICE,6.1,112,21,0,99.7,520,395,469,5200,1800,53.9,Pickup,5,47500,
2025,Ram,ProMaster,ICE,9,100,17,0,123.1,360,276,250,4600,4030,259,Van,2,39500,
2024,Ram,ProMaster,EV,9.6,75,0,85,39.6,162,268,302,6450,3020,259,Van,2,54500,
2024,Ram,ProMaster City,ICE,9.8,105,25,0,83.7,400,178,174,3550,1880,259,Van,2,27500,
2024,Ram,Ram P/U,ICE,6.2,112,21,0,99.7,520,395,469,5150,1800,53.9,Pickup,5,46500,
2024,Ram,ProMaster,ICE,9.1,100,17,0,123.1,360,276,250,4550,4030,259,Van,2,38500,
2023,Ram,ProMaster City,ICE,9.8,105,25,0,83.7,390,178,174,3550,1880,259,Van,2,27500,
2023,Ram,Ram P/U,ICE,6.3,112,21,0,99.7,510,395,469,5150,1800,53.9,Pickup,5,45500,
2023,Ram,ProMaster,ICE,9.2,100,17,0,123.1,350,276,250,4550,4030,259,Van,2,37500,
2023,Ram,Ram Cargo Van,ICE,9.6,100,16,0,130.8,340,280,260,4600,3900,237,Van,2,34500,
2022,Ram,ProMaster City,ICE,9.8,105,24,0,87.2,420,178,174,3500,1800,259,Van,2,26500,
2022,Ram,Ram P/U,ICE,6.8,115,20,0,104.7,420,395,410,5600,2000,62,Pickup,5,35500,
2022,Ram,ProMaster,ICE,9.5,100,16,0,130.8,350,280,260,5100,4000,259,Van,2,33500,
2021,Ram,Ram Cargo Van,ICE,10,105,24,0,87.2,430,178,174,3600,1800,131.7,Van,2,27000,
2021,Ram,ProMaster City,ICE,8.9,100,22,0,95.1,420,178,174,3600,1900,259,Van,2,26000,
2021,Ram,Ram P/U,ICE,6.8,120,20,0,104.7,460,305,269,5100,1900,53.9,Pickup,5,33500,
2021,Ram,ProMaster,ICE,8.5,100,18,0,116.3,430,280,260,4600,4000,259,Van,2,31000,
2025,Subaru,Solterra,EV,6.5,100,0,104,32.4,252,214,248,4300,1200,29,SUV,5,44500,
2025,Subaru,XV,PHV,6.8,120,90,0,23.3,500,221,258,3900,1100,20.8,SUV,5,36500,
2025,Subaru,Forester,HV,7.6,120,35,0,59.8,520,194,196,3750,1100,28.9,SUV,5,34500,
2025,Subaru,Impreza,ICE,8.3,125,30,0,69.8,470,152,145,3150,950,20.8,Hatchback,5,24500,
2025,Subaru,Forester,ICE,8.4,120,29,0,72.2,470,182,176,3650,1100,28.9,SUV,5,29500,
2025,Subaru,Crosstrek,ICE,8.2,120,29,0,72.2,460,182,176,3300,1000,20.8,SUV,5,26500,
2025,Subaru,Legacy,ICE,7.8,130,27,0,77.5,480,182,176,3550,1000,15,Sedan,5,27500,
2025,Subaru,Outback,ICE,7.3,130,26,0,80.5,480,260,277,3900,1200,32.5,SUV,5,31500,
2025,Subaru,BRZ,ICE,6,140,25,0,83.7,430,228,184,2850,900,6.3,Coupe,4,30500,
2025,Subaru,Ascent,ICE,6.9,120,23,0,91,430,260,277,4600,1400,47.5,SUV,7,35500,
2025,Subaru,WRX,ICE,5.5,145,22,0,95.1,420,271,258,3450,950,12.5,Sedan,5,33500,
2024,Subaru,Solterra,EV,6.5,100,0,104,32.4,228,215,249,4300,1200,29,Wagon/D-SUV,5,44500,
2024,Subaru,XV,PHV,7.5,120,90,0,23.3,520,194,203,3650,1000,20.8,SUV,5,33500,
2024,Subaru,Impreza,ICE,8.8,120,31,0,67.5,480,152,145,3100,950,20.8,Hatchback,5,23500,
2024,Subaru,Legacy,ICE,7.8,120,30,0,69.8,470,182,176,3450,1000,15,Sedan,5,26500,
2024,Subaru,Outback,ICE,7.9,120,29,0,72.2,470,182,176,3700,1200,32.5,Wagon,5,28500,
2024,Subaru,Forester,ICE,8.5,120,29,0,72.2,470,182,176,3550,1100,28.9,SUV,5,27500,
2024,Subaru,Crosstrek,ICE,8.7,120,29,0,72.2,460,182,176,3350,1000,20.8,SUV,5,25500,
2024,Subaru,BRZ,ICE,6.1,140,25,0,83.7,430,228,184,2850,900,6.3,Coupe,4,29500,
2024,Subaru,Ascent,ICE,6.9,120,23,0,91,440,260,277,4600,1400,47.5,SUV,7,34500,
2024,Subaru,WRX,ICE,5.5,145,22,0,95.1,400,271,258,3450,950,12.5,Sedan,5,31500,
2023,Subaru,Solterra,EV,6.5,100,0,104,32.4,252,214,248,4300,1200,29,SUV,5,43500,
2023,Subaru,XV,PHV,6.8,120,90,0,23.3,500,221,258,3900,1100,20.8,SUV,5,35500,
2023,Subaru,Impreza,ICE,8.3,125,30,0,69.8,470,152,145,3150,950,20.8,Hatchback,5,23500,
2023,Subaru,Forester,ICE,8.4,120,29,0,72.2,470,182,176,3650,1100,28.9,SUV,5,28500,
2023,Subaru,XV,ICE,8.2,120,29,0,72.2,460,182,176,3300,1000,20.8,SUV,5,25500,
2023,Subaru,Legacy,ICE,7.8,130,27,0,77.5,480,182,176,3550,1000,15,Sedan,5,26500,
2023,Subaru,Outback,ICE,7.3,130,26,0,80.5,480,260,277,3900,1200,32.5,SUV,5,30500,
2023,Subaru,BRZ,ICE,6,140,25,0,83.7,430,228,184,2850,900,6.3,Coupe,4,29500,
2023,Subaru,Ascent,ICE,6.9,120,23,0,91,430,260,277,4600,1400,47.5,SUV,7,34500,
2023,Subaru,WRX,ICE,5.5,145,22,0,95.1,420,271,258,3450,950,12.5,Sedan,5,32500,
2022,Subaru,Solterra,EV,6.5,100,0,107,31.5,228,215,248,4400,1100,29,SUV,5,46000,
2022,Subaru,XV,PHV,6.5,125,90,0,23.3,480,148,147,3700,1000,20.8,SUV,5,36500,
2022,Subaru,Impreza,ICE,8,120,31,0,67.5,460,152,145,3050,950,20.8,Hatchback,5,19500,
2022,Subaru,XV,ICE,8.5,120,30,0,69.8,460,152,145,3300,1000,20.8,SUV,5,22500,
2022,Subaru,Outback,ICE,7.2,130,30,0,69.8,500,182,176,3750,1100,32.5,Wagon,5,27000,
2022,Subaru,Legacy,ICE,7.1,130,30,0,69.8,480,182,176,3500,1000,15,Sedan,5,24000,
2022,Subaru,Forester,ICE,8.2,125,29,0,72.2,480,182,176,3600,1100,28.9,SUV,5,26000,
2022,Subaru,BRZ,ICE,6,140,25,0,83.7,420,228,184,2815,900,6.3,Coupe,4,28000,
2022,Subaru,Ascent,ICE,6.9,130,23,0,91,440,260,277,4400,1400,47.5,SUV,7,32500,
2022,Subaru,WRX,ICE,5.5,145,23,0,91,420,271,258,3450,1000,12.5,Sedan,5,30500,
2021,Subaru,XV,PHV,7.9,120,35,0,59.8,480,148,196,3700,1050,20.8,SUV,5,36000,
2021,Subaru,Impreza,ICE,8.5,120,31,0,67.5,450,152,145,3000,950,20.8,Hatchback,5,19000,
2021,Subaru,XV,ICE,8.7,120,30,0,69.8,430,152,145,3200,1050,20.8,SUV,5,23000,
2021,Subaru,Legacy,ICE,7.8,125,30,0,69.8,460,182,176,3400,1050,15,Sedan,5,23500,
2021,Subaru,Forester,ICE,8.3,120,29,0,72.2,430,182,176,3500,1100,28.9,SUV,5,25000,
2021,Subaru,Outback,ICE,7.5,120,29,0,72.2,470,182,176,3600,1200,32.5,Wagon,5,26500,
2021,Subaru,BRZ,ICE,6,140,24,0,87.2,380,228,184,2800,900,6.3,Coupe,4,28000,
2021,Subaru,Ascent,ICE,6.9,120,23,0,91,430,260,277,4300,1500,47.5,SUV,7,32000,
2021,Subaru,WRX,ICE,5.5,145,23,0,91,400,268,258,3400,1000,12.5,Sedan,5,28000,
2020,Subaru,XV,PHV,6.5,120,90,0,23.3,480,148,196,3600,1100,20.8,Crossover,5,35000,
2020,Subaru,Impreza,ICE,8.8,130,31,0,67.5,460,152,145,3100,1100,20.8,Hatchback,5,20000,
2020,Subaru,Legacy,ICE,7.8,130,31,0,67.5,480,182,176,3500,1200,15,Sedan,5,24000,
2020,Subaru,Outback,ICE,7.5,130,30,0,69.8,480,182,176,3600,1200,32.5,Wagon,5,27000,
2020,Subaru,Forester,ICE,8.4,130,29,0,72.2,450,182,176,3500,1200,28.9,SUV,5,26000,
2020,Subaru,XV,ICE,8.7,130,29,0,72.2,450,152,145,3200,1100,20.8,Crossover,5,23000,
2020,Subaru,BRZ,ICE,6.6,143,24,0,87.2,420,205,156,2800,800,6.3,Coupe,4,29000,
2020,Subaru,Ascent,ICE,6.9,130,23,0,91,420,260,277,4500,1400,47.5,SUV,8,32000,
2020,Subaru,WRX,ICE,5.5,155,23,0,91,410,268,258,3400,1000,12.5,Sedan,5,28000,
2019,Subaru,XV,PHV,7.4,112,90,0,23.3,310,148,196,3800,1100,20.8,SUV,5,35000,
2019,Subaru,Impreza,ICE,8.7,125,31,0,67.5,470,152,145,3100,1000,20.8,Hatchback,5,22000,
2019,Subaru,Forester,ICE,8.5,125,29,0,72.2,480,182,176,3500,1200,28.9,SUV,5,25000,
2019,Subaru,XV,ICE,8.7,125,29,0,72.2,460,152,145,3400,1100,20.8,SUV,5,24000,
2019,Subaru,Legacy,ICE,7.6,130,29,0,72.2,470,182,176,3500,1100,15,Sedan,5,23000,
2019,Subaru,Outback,ICE,7.3,130,28,0,74.8,470,182,176,3800,1300,32.5,Wagon,5,26000,
2019,Subaru,BRZ,ICE,6.2,140,27,0,77.5,420,205,156,2800,900,6.3,Coupe,4,27000,
2019,Subaru,WRX,ICE,5.5,145,24,0,87.2,420,268,258,3400,1100,12.5,Sedan,5,28000,
2019,Subaru,Ascent,ICE,6.9,130,23,0,91,430,260,277,4400,1400,47.5,SUV,8,32000,
2018,Subaru,Impreza,ICE,8.8,127,31,0,67.5,470,152,145,3000,1000,20.8,Hatchback/Coupe,5,20000,
2018,Subaru,XV,ICE,8.7,120,29,0,72.2,460,152,145,3300,1200,20.8,SUV,5,23000,
2018,Subaru,Forester,ICE,8.2,130,28,0,74.8,480,170,174,3500,1200,28.9,SUV,5,26000,
2018,Subaru,Legacy,ICE,7.9,130,28,0,74.8,470,175,174,3500,1200,15,Sedan,5,23000,
2018,Subaru,Outback,ICE,7.8,130,27,0,77.5,460,175,174,3600,1300,32.5,Wagon/CUV,5,26000,
2018,Subaru,BRZ,ICE,6.3,143,24,0,87.2,420,205,156,2800,900,6.3,Coupe,4,27000,
2018,Subaru,Ascent,ICE,7.5,130,23,0,91,430,260,277,4500,1400,47.5,SUV,8,32000,
2018,Subaru,WRX,ICE,5.4,155,23,0,91,410,268,258,3400,1100,12.5,Sedan,5,27000,
2017,Subaru,XV,HV,8.7,118,34,0,61.6,520,148,196,3500,1200,20.8,SUV,5,27000,
2017,Subaru,Impreza,ICE,8.8,120,31,0,67.5,480,152,145,3000,1100,20.8,Hatchback,5,19000,
2017,Subaru,Legacy,ICE,8.4,125,29,0,72.2,470,175,174,3500,1200,15,Sedan,5,23000,
2017,Subaru,Forester,ICE,8.5,120,28,0,74.8,460,170,174,3500,1300,28.9,SUV,5,24000,
2017,Subaru,XV,ICE,8.9,118,27,0,77.5,460,148,145,3400,1200,20.8,SUV,5,22000,
2017,Subaru,Outback,ICE,8.2,130,27,0,77.5,460,175,174,3700,1300,32.5,Wagon,5,26000,
2017,Subaru,BRZ,ICE,6,143,27,0,77.5,440,205,156,2800,1000,6.3,Coupe,4,26000,
2017,Subaru,WRX,ICE,5.4,155,23,0,91,400,268,258,3400,1200,12.5,Sedan,5,28000,
2016,Subaru,XV,HV,8.5,120,33,0,63.4,500,148,145,3300,1200,20.8,Crossover,5,26000,
2016,Subaru,Impreza,ICE,8.8,120,31,0,67.5,460,148,145,3000,1200,20.8,Sedan,5,19000,
2016,Subaru,XV,ICE,8.9,120,29,0,72.2,440,148,145,3300,1200,20.8,Crossover,5,23000,
2016,Subaru,Legacy,ICE,8,130,29,0,72.2,470,175,174,3500,1300,15,Sedan,5,22000,
2016,Subaru,Forester,ICE,8.2,120,28,0,74.8,450,170,174,3400,1300,28.9,SUV,5,23000,
2016,Subaru,Outback,ICE,7.8,120,28,0,74.8,460,175,174,3700,1400,32.5,Wagon,5,26000,
2016,Subaru,BRZ,ICE,6.4,143,28,0,74.8,420,200,151,2800,1000,6.3,Coupe,4,26000,
2016,Subaru,WRX,ICE,5.4,145,25,0,83.7,400,268,258,3300,1200,12.5,Sedan,5,27000,
2015,Subaru,XV,HV,8.8,115,34,0,61.6,480,160,163,3300,1300,20.8,Crossover,5,26000,
2015,Subaru,Impreza,ICE,9.5,120,31,0,67.5,450,148,145,3000,1200,20.8,Hatchback,5,19000,
2015,Subaru,Legacy,ICE,8.4,130,30,0,69.8,470,175,174,3500,1300,15,Sedan,5,23000,
2015,Subaru,XV,ICE,9.2,115,28,0,74.8,430,148,145,3200,1300,20.8,Crossover,5,22000,
2015,Subaru,Outback,ICE,8.6,125,28,0,74.8,460,175,174,3800,1500,32.5,Wagon,5,26000,
2015,Subaru,Forester,ICE,8.7,120,27,0,77.5,430,170,174,3400,1400,28.9,SUV,5,24000,
2015,Subaru,BRZ,ICE,6.2,143,27,0,77.5,420,200,151,2800,900,6.3,Coupe,4,26000,
2015,Subaru,WRX,ICE,5.4,145,25,0,83.7,420,268,258,3400,1200,12.5,Sedan,5,27000,
2025,Tesla,Model 3,EV,4.2,145,0,132,25.5,315,425,475,4050,900,15,Sedan,5,44500,
2025,Tesla,Model Y,EV,4.4,155,0,125,27,330,456,497,4450,1100,30,SUV,5,49500,
2025,Tesla,Model S,EV,3.1,168,0,121,27.9,385,670,824,4700,1000,28,Sedan,5,90500,
2025,Tesla,Model X,EV,3.6,155,0,102,33,335,670,824,5600,1200,37,SUV,6,99500,
2025,Tesla,Cybertruck,EV,3.5,130,0,66,51.1,340,600,775,6800,2500,67,Pickup,5,79500,
2024,Tesla,Model 3,EV,4.3,145,0,132,25.5,315,425,475,4000,900,15,Sedan,5,43500,
2024,Tesla,Model Y,EV,4.5,155,0,125,27,330,456,497,4400,1100,30,SUV,5,48500,
2024,Tesla,Model S,EV,3.1,168,0,121,27.9,385,670,824,4650,1000,28,Sedan,5,88500,
2024,Tesla,Model X,EV,3.7,155,0,102,33,335,670,824,5550,1200,37,SUV,6,97500,
2024,Tesla,Cybertruck,EV,3.6,130,0,66,51.1,340,600,775,6750,2500,67,Pickup,5,78500,
2023,Tesla,Model 3,EV,4.4,145,0,132,25.5,315,425,475,4020,900,15,Sedan,5,42500,
2023,Tesla,Model Y,EV,4.6,155,0,125,27,330,456,497,4400,1100,30,SUV,5,47500,
2023,Tesla,Model S,EV,3.2,168,0,121,27.9,385,670,824,4650,1000,28,Sedan,5,88500,
2023,Tesla,Model X,EV,3.7,155,0,102,33,335,670,824,5550,1200,37,SUV,6,97500,
2022,Tesla,Model 3,EV,4.2,145,0,132,25.5,315,425,475,4050,900,15,Sedan,5,46990,
2022,Tesla,Model Y,EV,4.4,155,0,125,27,330,456,497,4450,1100,30,SUV,5,53990,
2022,Tesla,Model S,EV,3.1,168,0,121,27.9,385,670,824,4700,1000,28,Sedan,5,94990,
2022,Tesla,Model X,EV,3.6,155,0,102,33,335,670,824,5600,1200,37,SUV,6,99990,
2021,Tesla,Model 3,EV,4.2,145,0,132,25.5,358,450,471,3900,1100,15,Sedan,5,39990,
2021,Tesla,Model Y,EV,4.8,135,0,127,26.5,326,384,376,4400,1200,30,SUV,5,39990,
2021,Tesla,Model S,EV,3.1,155,0,121,27.9,405,670,824,4800,1200,28,Sedan,5,79990,
2021,Tesla,Model X,EV,3.8,155,0,105,32.1,360,670,824,5400,1300,37,SUV,7,89990,
2020,Tesla,Model 3,EV,5.3,140,0,130,25.9,250,283,307,3550,900,15,Sedan,5,40000,
2020,Tesla,Model Y,EV,4.8,135,0,121,27.9,326,384,376,4400,1100,30,Crossover,5,48000,
2020,Tesla,Model S,EV,3.7,155,0,118,28.6,373,670,824,4900,1100,28,Sedan,5,80000,
2020,Tesla,Model X,EV,4.4,155,0,102,33,328,518,660,5400,1300,37,SUV,5,85000,
2019,Tesla,Model 3,EV,5.3,140,0,130,25.9,310,258,317,3600,1100,15,Sedan,5,39000,
2019,Tesla,Model S,EV,3.7,155,0,112,30.1,370,417,487,4900,1300,28,Sedan,5,79000,
2019,Tesla,Model X,EV,4.4,155,0,102,33,325,417,487,5500,1400,37,SUV,7,84000,
2018,Tesla,Model 3,EV,5.1,140,0,130,25.9,220,258,307,3600,1100,15,Sedan,5,35000,
2018,Tesla,Model S,EV,4.1,155,0,112,30.1,335,518,487,4800,1200,28,Sedan,5,75000,
2018,Tesla,Model X,EV,4.9,155,0,102,33,295,518,487,5400,1400,37,SUV,7,82000,
2017,Tesla,Model 3,EV,5.6,140,0,130,25.9,220,258,307,3600,1200,15,Sedan,5,35000,
2017,Tesla,Model S,EV,4.2,155,0,102,33,315,417,485,4600,1400,28,Sedan,5,75000,
2017,Tesla,Model X,EV,4.8,155,0,89,37.9,295,417,485,5400,1500,37,SUV,7,80000,
2016,Tesla,Model S,EV,4.2,155,0,101,33.4,270,382,325,4600,1200,28,Sedan,5,75000,
2016,Tesla,Model X,EV,4.8,155,0,92,36.6,257,518,387,5400,1400,37,SUV,7,80000,
2015,Tesla,Model S,EV,5.4,130,0,95,35.5,265,416,443,4700,1300,28,Sedan,5,75000,
2015,Tesla,Model X,EV,5.7,130,0,89,37.9,257,416,443,5400,1400,37,SUV,7,80000,
2025,Toyota,Prius,PHV,6.5,115,114,0,18.4,600,220,139,3400,950,23.8,Hatchback,5,33500,
2025,Toyota,bZ4X/bZ,EV,6.5,100,0,104,32.4,252,214,248,4300,1200,27.7,SUV,5,44500,
2025,Toyota,RAV4,PHV,5.8,115,94,0,22.3,600,302,288,4100,1200,37.6,SUV,5,43500,
2025,Toyota,MIRAI,FCV,9.2,111,67,0,31.2,400,182,221,4200,1100,12,Sedan,5,50500,
2025,Toyota,Prius,HV,7.1,115,52,0,40.3,610,196,139,3200,950,23.8,Hatchback,5,28500,
2025,Toyota,Corolla,HV,9,112,50,0,41.9,560,138,156,3000,900,13.1,Sedan,5,25500,
2025,Toyota,Camry,HV,7.4,115,46,0,45.5,620,225,163,3450,1000,15.1,Sedan,5,31500,
2025,Toyota,Corolla Cross,HV,8.4,112,42,0,49.8,520,196,139,3400,1000,25,SUV,5,29500,
2025,Toyota,Crown,HV,7.6,112,41,0,51,550,236,163,3700,1000,15.2,Sedan,5,40500,
2025,Toyota,RAV4,HV,7.5,115,40,0,52.3,560,219,163,3700,1200,37.6,SUV,5,33500,
2025,Toyota,Venza,HV,7.7,112,39,0,53.7,560,219,163,3900,1200,28.8,SUV,5,39500,
2025,Toyota,Crown Signia,HV,7.4,112,39,0,53.7,560,236,163,3800,1100,25,Wagon,5,42500,
2025,Toyota,Sienna,HV,7.9,115,36,0,58.1,630,245,176,4700,1400,40,Van,8,37500,
2025,Toyota,Grand Highlander,HV,7,115,36,0,58.1,560,245,237,4400,1400,35,SUV,7,39500,
2025,Toyota,Highlander,HV,7.3,115,35,0,59.8,560,243,237,4200,1300,35,SUV,7,37500,
2025,Toyota,Corolla,ICE,8.1,120,33,0,63.4,470,169,151,2950,900,13.1,Sedan,5,22500,
2025,Toyota,Camry,ICE,7.9,130,32,0,65.4,500,203,184,3400,1000,15.1,Sedan,5,28500,
2025,Toyota,Corolla Cross,ICE,9.2,112,30,0,69.8,450,169,151,3300,1000,25,SUV,5,26500,
2025,Toyota,RAV4,ICE,8.2,115,30,0,69.8,470,203,184,3600,1200,37.6,SUV,5,29500,
2025,Toyota,Crown,ICE,7.9,112,28,0,74.8,470,236,163,3650,1000,15.2,Sedan,5,38500,
2025,Toyota,4Runner,MHV,6.8,120,27,0,77.5,500,326,465,4800,1300,40,SUV,5,44500,
2025,Toyota,86,ICE,6.1,140,25,0,83.7,430,228,184,2850,900,6.3,Coupe,4,30500,
2025,Toyota,Supra,ICE,4.1,155,25,0,83.7,430,382,368,3400,850,10.2,Coupe,2,45500,
2025,Toyota,Sienna,ICE,8.2,115,24,0,87.2,450,296,263,4600,1400,40,Van,8,34500,
2025,Toyota,Tacoma,MHV,6.7,115,24,0,87.2,480,326,465,4450,1550,33.2,Pickup,5,37500,
2025,Toyota,Grand Highlander,ICE,8,115,24,0,87.2,480,265,310,4300,1400,35,SUV,7,36500,
2025,Toyota,Highlander,ICE,7.8,115,24,0,87.2,480,265,310,4100,1300,35,SUV,7,34500,
2025,Toyota,Land Cruiser 250,MHV,6.7,112,23,0,91,500,326,465,5200,1400,37.5,SUV,5,55500,
2025,Toyota,4Runner,ICE,7.5,120,22,0,95.1,420,278,317,4600,1300,40,SUV,5,40500,
2025,Toyota,Land Cruiser,ICE,7.4,112,21,0,99.7,430,381,401,5600,1400,37.5,SUV,5,58500,
2025,Toyota,Sequoia,MHV,6.5,115,21,0,99.7,500,437,583,6000,1500,55,SUV,7,62500,
2025,Toyota,Tacoma,ICE,7.5,115,21,0,99.7,430,278,317,4300,1550,33.2,Pickup,5,33500,
2025,Toyota,Tundra,MHV,6.1,115,20,0,104.7,480,437,583,5600,1700,65.6,Pickup,5,49500,
2025,Toyota,Sequoia,ICE,7.1,115,18,0,116.3,430,381,401,5850,1500,55,SUV,7,58500,
2025,Toyota,Tundra,ICE,6.8,115,18,0,116.3,430,389,479,5500,1700,65.6,Pickup,5,45500,
2024,Toyota,Prius,PHV,6.6,115,114,0,18.4,600,220,139,3400,950,23.8,Hatchback,5,32500,
2024,Toyota,bZ4X/bZ,EV,6.6,100,0,104,32.4,252,214,248,4300,1200,27.7,SUV,5,43500,
2024,Toyota,RAV4,PHV,5.9,115,94,0,22.3,600,302,288,4100,1200,37.6,SUV,5,42500,
2024,Toyota,MIRAI,FCV,9.3,111,67,0,31.2,400,182,221,4200,1100,12,Sedan,5,49500,
2024,Toyota,Prius,HV,7.2,115,52,0,40.3,610,196,139,3200,950,23.8,Hatchback,5,27500,
2024,Toyota,Corolla,HV,9.1,112,50,0,41.9,560,138,156,3000,900,13.1,Sedan,5,24500,
2024,Toyota,Camry,HV,7.5,115,46,0,45.5,620,225,163,3450,1000,15.1,Sedan,5,30500,
2024,Toyota,Corolla Cross,HV,8.5,112,42,0,49.8,520,196,139,3400,1000,25,SUV,5,28500,
2024,Toyota,Crown,HV,7.7,112,41,0,51,550,236,163,3700,1000,15.2,Sedan,5,39500,
2024,Toyota,RAV4,HV,7.6,115,40,0,52.3,560,219,163,3700,1200,37.6,SUV,5,32500,
2024,Toyota,Venza,HV,7.8,112,39,0,53.7,560,219,163,3900,1200,28.8,SUV,5,38500,
2024,Toyota,Crown Signia,HV,7.5,112,39,0,53.7,560,236,163,3800,1100,25,Wagon,5,41500,
2024,Toyota,Sienna,HV,8,115,36,0,58.1,630,245,176,4700,1400,40,Van,8,36500,
2024,Toyota,Grand Highlander,HV,7.1,115,36,0,58.1,560,245,237,4400,1400,35,SUV,7,38500,
2024,Toyota,Highlander,HV,7.4,115,35,0,59.8,560,243,237,4200,1300,35,SUV,7,36500,
2024,Toyota,Corolla,ICE,8.2,120,33,0,63.4,470,169,151,2950,900,13.1,Sedan,5,21500,
2024,Toyota,Camry,ICE,8,130,32,0,65.4,500,203,184,3400,1000,15.1,Sedan,5,27500,
2024,Toyota,Corolla Cross,ICE,9.3,112,30,0,69.8,450,169,151,3300,1000,25,SUV,5,25500,
2024,Toyota,RAV4,ICE,8.3,115,30,0,69.8,470,203,184,3600,1200,37.6,SUV,5,28500,
2024,Toyota,86,ICE,6.2,140,25,0,83.7,430,228,184,2850,900,6.3,Coupe,4,29500,
2024,Toyota,Supra,ICE,4.2,155,25,0,83.7,430,382,368,3400,850,10.2,Coupe,2,44500,
2024,Toyota,Sienna,ICE,8.3,115,24,0,87.2,450,296,263,4600,1400,40,Van,8,33500,
2024,Toyota,Tacoma,MHV,6.8,115,24,0,87.2,480,326,465,4450,1550,33.2,Pickup,5,36500,
2024,Toyota,Grand Highlander,ICE,8.1,115,24,0,87.2,480,265,310,4300,1400,35,SUV,7,35500,
2024,Toyota,Highlander,ICE,7.9,115,24,0,87.2,480,265,310,4100,1300,35,SUV,7,33500,
2024,Toyota,Land Cruiser 250,MHV,6.8,112,23,0,91,500,326,465,5200,1400,37.5,SUV,5,54500,
2024,Toyota,4Runner,ICE,7.6,120,22,0,95.1,420,278,317,4600,1300,40,SUV,5,39500,
2024,Toyota,Sequoia,MHV,6.6,115,21,0,99.7,500,437,583,6000,1500,55,SUV,7,61500,
2024,Toyota,Tacoma,ICE,7.6,115,21,0,99.7,430,278,317,4300,1550,33.2,Pickup,5,32500,
2024,Toyota,Tundra,MHV,6.2,115,20,0,104.7,480,437,583,5600,1700,65.6,Pickup,5,48500,
2024,Toyota,Sequoia,ICE,7.2,115,18,0,116.3,430,381,401,5850,1500,55,SUV,7,57500,
2024,Toyota,Tundra,ICE,6.9,115,18,0,116.3,430,389,479,5500,1700,65.6,Pickup,5,44500,
2023,Toyota,Prius,PHV,6.8,115,133,0,15.7,640,220,139,3250,950,25,Hatchback,5,32500,
2023,Toyota,bZ4X/bZ,EV,6.9,100,0,112,30.1,252,214,248,4200,1100,27.7,SUV,5,42500,
2023,Toyota,RAV4,PHV,5.7,120,94,0,22.3,600,302,332,4250,1100,37.6,SUV,5,42500,
2023,Toyota,MIRAI,FCV,9,111,74,0,28.3,400,182,221,4300,1100,12,Sedan,5,50500,
2023,Toyota,Prius,HV,7.2,115,52,0,40.3,620,194,139,3100,950,25,Hatchback,5,27500,
2023,Toyota,Corolla,HV,9,112,50,0,41.9,600,138,156,3000,900,13.1,Sedan,5,24500,
2023,Toyota,Camry,HV,7.6,125,46,0,45.5,600,208,163,3450,1000,15.1,Sedan,5,29500,
2023,Toyota,Avalon,HV,7.4,130,43,0,48.7,560,215,163,3600,1000,16.1,Sedan,5,37500,
2023,Toyota,Corolla Cross,HV,7.8,120,42,0,49.8,520,196,188,3500,1100,25.5,SUV,5,29500,
2023,Toyota,Crown,HV,7,130,41,0,51,580,236,221,3750,1000,15.2,Sedan,5,39500,
2023,Toyota,RAV4,HV,7.5,120,40,0,52.3,520,219,163,3600,1100,37.6,SUV,5,32500,
2023,Toyota,Venza,HV,7.6,120,39,0,53.7,520,219,163,3850,1150,40,SUV,5,36500,
2023,Toyota,Sienna,HV,7.9,115,36,0,58.1,560,245,176,4600,1400,40,Van,7,35500,
2023,Toyota,Grand Highlander,HV,7.2,120,36,0,58.1,540,245,237,4300,1300,55,SUV,7,41500,
2023,Toyota,Highlander,HV,7.5,120,35,0,59.8,530,243,237,4100,1250,55,SUV,7,39500,
2023,Toyota,Corolla,ICE,8.2,125,33,0,63.4,480,169,151,2950,900,13.1,Sedan,5,21500,
2023,Toyota,Camry,ICE,7.8,130,32,0,65.4,500,203,184,3400,1000,15.1,Sedan,5,26500,
2023,Toyota,RAV4,ICE,8.3,120,30,0,69.8,450,203,184,3500,1100,37.6,SUV,5,27500,
2023,Toyota,Corolla Cross,ICE,8.4,120,30,0,69.8,450,169,151,3400,1100,25.5,SUV,5,25500,
2023,Toyota,Corolla iM,ICE,8.4,120,30,0,69.8,460,137,126,3100,900,20.8,Hatchback,5,22500,
2023,Toyota,C-HR,ICE,9.4,112,29,0,72.2,450,144,139,3300,1000,25,SUV,5,22500,
2023,Toyota,Crown,ICE,7.4,130,28,0,74.8,470,340,332,3800,1000,15.2,Sedan,5,41500,
2023,Toyota,86,ICE,6.1,140,26,0,80.5,420,228,184,2850,850,6.3,Coupe,4,29500,
2023,Toyota,Avalon,ICE,7.1,130,25,0,83.7,450,301,267,3550,1000,16.1,Sedan,5,35500,
2023,Toyota,Supra,ICE,4.1,155,25,0,83.7,420,382,368,3400,800,10.2,Coupe,2,44500,
2023,Toyota,Grand Highlander,ICE,8,120,24,0,87.2,450,265,310,4200,1300,55,SUV,7,38500,
2023,Toyota,Highlander,ICE,8.1,120,24,0,87.2,450,295,263,4050,1250,55,SUV,7,36500,
2023,Toyota,Sienna,ICE,8.3,115,22,0,95.1,430,296,263,4550,1400,40,Van,7,33500,
2023,Toyota,Sequoia,MHV,6,120,22,0,95.1,460,437,583,5750,1500,55,SUV,7,58500,
2023,Toyota,Tundra,MHV,6.1,120,22,0,95.1,470,437,583,5700,1600,65.6,Pickup,5,50500,
2023,Toyota,Tacoma,ICE,7.7,115,20,0,104.7,430,278,265,4450,1400,42.8,Pickup,5,33500,
2023,Toyota,Sequoia,ICE,6.5,120,18,0,116.3,430,381,401,5650,1500,55,SUV,7,54500,
2023,Toyota,Tundra,ICE,6.8,120,18,0,116.3,430,381,401,5600,1600,65.6,Pickup,5,46500,
2023,Toyota,4Runner,ICE,7.6,115,17,0,123.1,400,270,278,4600,1400,40,SUV,5,40500,
2023,Toyota,Land Cruiser,ICE,8,120,15,0,139.5,380,381,401,5600,1500,55,SUV,7,85500,
2022,Toyota,Prius,PHV,10,112,133,0,15.7,640,121,105,3150,900,19.8,Hatchback,5,32500,
2022,Toyota,bZ4X/bZ,EV,6.5,100,0,112,30.1,252,214,248,4400,1100,27.7,SUV,5,42500,
2022,Toyota,RAV4,PHV,5.7,118,94,0,22.3,600,302,165,4250,1100,33.5,SUV,5,41500,
2022,Toyota,MIRAI,FCV,9,114,67,0,31.2,402,182,221,4200,1000,12,Sedan,5,49500,
2022,Toyota,Prius,HV,9.8,112,52,0,40.3,640,121,105,3050,900,24.6,Hatchback,5,25500,
2022,Toyota,Corolla,HV,9,112,50,0,41.9,600,121,105,3100,900,13.1,Sedan,5,24500,
2022,Toyota,Camry,HV,7.8,130,46,0,45.5,600,208,163,3450,1000,15.1,Sedan,5,30500,
2022,Toyota,Avalon,HV,7.4,130,43,0,48.7,620,215,163,3600,1000,16.1,Sedan,5,37500,
2022,Toyota,RAV4,HV,7.7,118,40,0,52.3,580,219,163,3700,1100,37.6,SUV,5,31000,
2022,Toyota,Venza,HV,7.6,118,39,0,53.7,580,219,163,3900,1100,28.8,SUV,5,34000,
2022,Toyota,Sienna,HV,7.9,112,36,0,58.1,630,245,176,4600,1300,33.5,Van,7,35500,
2022,Toyota,Highlander,HV,7.5,118,35,0,59.8,600,243,175,4450,1300,48.4,SUV,7,39500,
2022,Toyota,Corolla Cross,ICE,9.2,115,32,0,65.4,420,169,151,3300,1000,25.5,SUV,5,24000,
2022,Toyota,Corolla,ICE,8.2,118,32,0,65.4,470,169,151,2950,900,13.1,Sedan,5,20500,
2022,Toyota,Camry,ICE,7.5,130,32,0,65.4,480,203,184,3350,1000,15.1,Sedan,5,25500,
2022,Toyota,Corolla iM,ICE,8.3,115,30,0,69.8,450,168,151,3050,900,20,Hatchback,5,22500,
2022,Toyota,RAV4,ICE,8,118,30,0,69.8,470,203,184,3550,1100,37.6,SUV,5,26500,
2022,Toyota,C-HR,ICE,11,112,29,0,72.2,380,144,139,3300,900,25,SUV,5,22500,
2022,Toyota,Supra,ICE,3.9,155,26,0,80.5,430,382,368,3400,850,10.2,Coupe,2,43500,
2022,Toyota,Avalon,ICE,7.2,130,25,0,83.7,470,301,267,3550,1000,16.1,Sedan,5,36500,
2022,Toyota,86,ICE,6.1,140,25,0,83.7,410,228,184,2810,900,6.3,Coupe,4,28000,
2022,Toyota,Highlander,ICE,7.2,118,24,0,87.2,450,295,263,4400,1300,48.4,SUV,7,35500,
2022,Toyota,Sienna,ICE,8.2,112,22,0,95.1,430,296,263,4600,1300,33.5,Van,7,32500,
2022,Toyota,Sequoia,MHV,6.8,115,22,0,95.1,520,437,583,5800,1500,55,SUV,7,57500,
2022,Toyota,Tundra,MHV,6.1,115,22,0,95.1,520,389,479,5600,2000,65.6,Pickup,5,46500,
2022,Toyota,Tacoma,ICE,7.7,113,20,0,104.7,430,278,265,4450,1600,38.3,Pickup,5,28500,
2022,Toyota,4Runner,ICE,7.7,113,18,0,116.3,410,270,278,4700,1300,40,SUV,5,40500,
2022,Toyota,Sequoia,ICE,6.9,115,18,0,116.3,430,381,401,5800,1500,55,SUV,7,54500,
2022,Toyota,Tundra,ICE,6.4,115,18,0,116.3,430,381,401,5500,2000,65.6,Pickup,5,43500,
2022,Toyota,Land Cruiser,ICE,6.7,130,17,0,123.1,400,381,401,5700,1500,55,SUV,8,85500,
2021,Toyota,MIRAI,FCV,9.2,111,67,0,31.2,400,182,221,4200,1000,12,Sedan,5,50000,
2021,Toyota,Prius,PHV,10.2,112,54,0,38.8,640,121,120,3300,950,24.6,Hatchback,5,28000,
2021,Toyota,Prius,HV,9.8,112,52,0,40.3,610,121,120,3100,950,24.6,Hatchback,5,25000,
2021,Toyota,Corolla,HV,8,115,50,0,41.9,560,121,163,3000,950,13.1,Sedan,5,24000,
2021,Toyota,Camry,HV,7.4,120,46,0,45.5,610,208,163,3500,1050,15.1,Sedan,5,28500,
2021,Toyota,Avalon,HV,7.4,120,43,0,48.7,620,215,163,3600,1050,16.1,Sedan,5,36500,
2021,Toyota,RAV4,HV,7.5,115,40,0,52.3,580,219,163,3600,1100,37.6,SUV,5,30000,
2021,Toyota,Venza,HV,7.4,120,39,0,53.7,580,219,163,3800,1100,28.8,SUV,5,33500,
2021,Toyota,RAV4,PHV,5.8,120,38,0,55.1,560,302,165,4200,1100,37.6,SUV,5,38000,
2021,Toyota,Sienna,HV,7.9,115,36,0,58.1,650,245,176,4600,1500,33.5,Van,7,35000,
2021,Toyota,Highlander,HV,7.3,120,36,0,58.1,610,243,175,4200,1500,48.4,SUV,7,39500,
2021,Toyota,Vitz (Yaris),ICE,8.5,112,35,0,59.8,410,106,103,2400,850,15.9,Hatchback,5,16000,
2021,Toyota,Yaris iA,ICE,8.2,115,35,0,59.8,420,106,103,2450,850,13.5,Sedan,5,17000,
2021,Toyota,Corolla,ICE,8.2,120,33,0,63.4,450,139,126,2900,950,13.1,Sedan,5,20000,
2021,Toyota,Camry,ICE,7.8,125,32,0,65.4,470,203,184,3400,1050,15.1,Sedan,5,25500,
2021,Toyota,Corolla Cross,ICE,9.2,115,31,0,67.5,430,169,151,3400,1050,25.5,SUV,5,24000,
2021,Toyota,RAV4,ICE,8,120,30,0,69.8,430,203,184,3500,1100,37.6,SUV,5,26500,
2021,Toyota,Corolla iM,ICE,8.4,120,30,0,69.8,430,137,126,3050,950,20.8,Hatchback,5,21000,
2021,Toyota,C-HR,ICE,10.3,112,29,0,72.2,410,144,139,3300,1000,25,SUV,5,22500,
2021,Toyota,Supra,ICE,4.1,155,26,0,80.5,430,382,368,3400,900,10.2,Coupe,2,50000,
2021,Toyota,Avalon,ICE,6.6,130,25,0,83.7,450,301,267,3550,1050,16.1,Sedan,5,35000,
2021,Toyota,Highlander,ICE,6.9,125,24,0,87.2,450,295,263,4100,1500,48.4,SUV,7,35000,
2021,Toyota,86,ICE,6.2,140,24,0,87.2,380,228,184,2800,900,6.9,Coupe,4,28000,
2021,Toyota,Sienna,ICE,7.6,115,23,0,91,420,296,263,4500,1500,33.5,Van,7,32000,
2021,Toyota,Tacoma,ICE,7.7,120,20,0,104.7,420,278,265,4300,1600,38.3,Pickup,5,30000,
2021,Toyota,FJ Cruiser,ICE,7.7,120,18,0,116.3,400,260,271,4300,1300,40,SUV,5,30000,
2021,Toyota,4Runner,ICE,7.6,120,17,0,123.1,420,270,278,4700,1550,40,SUV,5,37000,
2021,Toyota,Sequoia,ICE,6.4,130,15,0,139.5,420,381,401,5900,1700,55,SUV,7,52000,
2021,Toyota,Tundra,ICE,6.4,130,15,0,139.5,420,381,401,5600,1800,52.8,Pickup,5,35000,
2021,Toyota,Land Cruiser,ICE,6.7,130,15,0,139.5,400,381,401,5800,1600,43,SUV,8,86000,
2020,Toyota,Prius,PHV,10.6,112,133,0,15.7,640,121,105,3400,1000,25,Hatchback,5,28000,
2020,Toyota,RAV4,PHV,5.7,112,94,0,22.3,600,302,165,4200,1200,40,SUV,5,39000,
2020,Toyota,MIRAI,FCV,9,111,67,0,31.2,312,151,247,4100,900,12,Sedan,5,58000,
2020,Toyota,Prius,HV,9.8,112,52,0,40.3,650,121,105,3100,1000,25,Hatchback,5,24000,
2020,Toyota,Corolla,HV,9,112,50,0,41.9,650,121,105,3000,1000,13.1,Sedan,5,24000,
2020,Toyota,Aqua (Prius C),HV,10.1,100,46,0,45.5,500,99,105,2500,800,17.1,Hatchback,5,21000,
2020,Toyota,Camry,HV,7.6,112,46,0,45.5,650,208,163,3500,1100,15.1,Sedan,5,29000,
2020,Toyota,Avalon,HV,7.4,115,43,0,48.7,650,215,163,3600,1100,16.1,Sedan,5,37000,
2020,Toyota,RAV4,HV,7.8,112,40,0,52.3,580,219,163,3700,1200,40,SUV,5,30000,
2020,Toyota,Venza,HV,7.6,112,39,0,53.7,600,219,163,3800,1200,55.1,Crossover,5,34000,
2020,Toyota,Sienna,HV,7.8,112,36,0,58.1,650,245,176,4600,1400,40,Minivan,7,35000,
2020,Toyota,Vitz (Yaris),ICE,9.7,106,35,0,59.8,420,106,103,2400,800,15.3,Hatchback,5,17000,
2020,Toyota,Highlander,HV,7.2,115,35,0,59.8,610,243,175,4200,1400,55,SUV,7,40000,
2020,Toyota,Yaris iA,ICE,8.7,115,35,0,59.8,430,106,103,2400,800,13.5,Sedan,5,17000,
2020,Toyota,Corolla,ICE,8.2,112,34,0,61.6,500,139,126,2950,1000,13.1,Sedan,5,21000,
2020,Toyota,Camry,ICE,7.5,135,32,0,65.4,500,203,184,3400,1100,15.1,Sedan,5,26000,
2020,Toyota,Corolla iM,ICE,8.4,112,31,0,67.5,480,137,126,3050,1000,20.8,Hatchback,5,22000,
2020,Toyota,RAV4,ICE,8,112,30,0,69.8,470,203,184,3600,1200,40,SUV,5,27000,
2020,Toyota,C-HR,ICE,10.4,112,29,0,72.2,400,144,139,3300,1100,37,Crossover,5,22000,
2020,Toyota,Avalon,ICE,7.3,130,26,0,80.5,450,301,267,3700,1100,16.1,Sedan,5,36000,
2020,Toyota,Supra,ICE,3.9,155,26,0,80.5,430,335,365,3400,900,10.2,Coupe,2,50000,
2020,Toyota,Highlander,ICE,7,115,24,0,87.2,420,295,263,4300,1400,55,SUV,7,35000,
2020,Toyota,86,ICE,6.4,140,24,0,87.2,420,205,156,2800,800,6.9,Coupe,4,27000,
2020,Toyota,Sienna,ICE,7.4,112,22,0,95.1,420,296,263,4700,1400,40,Minivan,7,32000,
2020,Toyota,Tacoma,ICE,7.7,113,20,0,104.7,420,278,265,4400,1400,46.1,Pickup,5,31000,
2020,Toyota,4Runner,ICE,7.5,113,17,0,123.1,390,270,278,4400,1700,40,SUV,5,36000,
2020,Toyota,Sequoia,ICE,6.9,130,15,0,139.5,420,381,401,5800,1600,55,SUV,7,50000,
2020,Toyota,Tundra,ICE,6.4,130,15,0,139.5,420,381,401,5700,1600,52.8,Pickup,5,35000,
2020,Toyota,Land Cruiser,ICE,8.5,130,14,0,149.5,380,381,401,5700,1600,55,SUV,8,85000,
2019,Toyota,Prius,PHV,10.6,112,133,0,15.7,640,121,105,3350,1000,25,Hatchback,5,28000,
2019,Toyota,MIRAI,FCV,9,110,67,0,31.2,312,151,247,4300,1100,12.8,Sedan,5,58000,
2019,Toyota,Prius,HV,9.8,112,52,0,40.3,560,121,105,3050,1000,25,Hatchback,5,25000,
2019,Toyota,Aqua (Prius C),HV,10.5,105,46,0,45.5,430,99,82,2550,900,17.1,Hatchback,5,21000,
2019,Toyota,Camry,HV,7.4,115,46,0,45.5,560,208,163,3400,1100,15.1,Sedan,5,28000,
2019,Toyota,Avalon,HV,7.8,115,43,0,48.7,520,215,163,3600,1100,16.1,Sedan,5,37000,
2019,Toyota,Prius v,HV,10.4,112,42,0,49.8,500,134,105,3450,1100,30,Wagon,5,27000,
2019,Toyota,Corolla,HV,10.5,112,42,0,49.8,500,121,105,2850,1000,13.1,Sedan,5,23000,
2019,Toyota,RAV4,HV,7.8,115,40,0,52.3,580,219,163,3600,1300,40,SUV,5,30000,
2019,Toyota,Vitz (Yaris),ICE,9.3,106,35,0,59.8,430,106,103,2400,900,15.3,Hatchback,5,17000,
2019,Toyota,Yaris iA,ICE,7.8,120,35,0,59.8,440,106,103,2400,900,13.5,Sedan,5,17000,
2019,Toyota,Corolla,ICE,8.2,125,32,0,65.4,460,139,126,2850,1000,13.1,Sedan,5,20000,
2019,Toyota,Corolla iM,ICE,8.5,125,30,0,69.8,450,137,126,3000,1000,20.8,Hatchback,5,21000,
2019,Toyota,C-HR,ICE,10,112,29,0,72.2,410,144,139,3300,1100,36.4,SUV,5,23000,
2019,Toyota,Camry,ICE,7.1,130,29,0,72.2,470,203,184,3300,1100,15.1,Sedan,5,25000,
2019,Toyota,Highlander,HV,8.1,115,28,0,74.8,500,306,263,4200,1400,55,SUV,7,38000,
2019,Toyota,RAV4,ICE,8,120,28,0,74.8,460,203,184,3500,1300,40,SUV,5,26000,
2019,Toyota,86,ICE,6.2,140,27,0,77.5,420,205,156,2800,900,6.9,Coupe,4,27000,
2019,Toyota,Avalon,ICE,6.1,130,26,0,80.5,430,301,267,3600,1100,16.1,Sedan,5,35000,
2019,Toyota,Supra,ICE,4.1,155,26,0,80.5,430,335,365,3400,900,10.2,Coupe,2,50000,
2019,Toyota,Highlander,ICE,7.6,120,24,0,87.2,430,295,263,4200,1400,55,SUV,7,34000,
2019,Toyota,Sienna,ICE,7,120,22,0,95.1,430,296,263,4400,1400,40,Minivan,7,32000,
2019,Toyota,Tacoma,ICE,7.7,113,21,0,99.7,400,278,265,4100,1400,32.6,Pickup,5,27000,
2019,Toyota,Venza,ICE,7.6,120,21,0,99.7,430,268,246,3900,1300,30,Wagon,5,31000,
2019,Toyota,4Runner,ICE,7.5,113,19,0,110.2,380,270,278,4600,1400,40,SUV,5,36000,
2019,Toyota,FJ Cruiser,ICE,7.8,105,18,0,116.3,380,260,271,4300,1300,40,SUV,5,34000,
2019,Toyota,Sequoia,ICE,6.7,130,15,0,139.5,380,381,401,5800,1500,55,SUV,8,50000,
2019,Toyota,Land Cruiser,ICE,6.7,130,15,0,139.5,360,381,401,5700,1500,55,SUV,8,85000,
2019,Toyota,Tundra,ICE,6.4,130,15,0,139.5,380,381,401,5600,1500,52.8,Pickup,5,35000,
2018,Toyota,Aqua (Prius C),HV,10.5,99,46,0,45.5,430,99,82,2500,900,17.1,Hatchback,5,20000,
2018,Toyota,Camry,HV,7.6,130,46,0,45.5,600,208,163,3500,1200,15.1,Sedan,5,28000,
2018,Toyota,Avalon,HV,7.7,130,40,0,52.3,520,200,221,3600,1200,16.1,Sedan,5,37000,
2018,Toyota,Corolla,ICE,8.5,118,32,0,65.4,470,132,128,2900,1000,13,Sedan,5,19000,
2018,Toyota,Corolla iM,ICE,8.4,118,30,0,69.8,460,137,126,3000,1000,20.8,Hatchback,5,20000,
2018,Toyota,C-HR,ICE,10.4,112,29,0,72.2,430,144,139,3300,1100,37,SUV,5,22000,
2018,Toyota,Camry,ICE,7.1,130,29,0,72.2,480,203,184,3400,1200,15.1,Sedan,5,24000,
2018,Toyota,Highlander,HV,7.7,118,28,0,74.8,480,306,263,4200,1400,55,SUV,8,39000,
2018,Toyota,Avalon,ICE,7.4,130,26,0,80.5,450,268,248,3500,1200,16.1,Sedan,5,34000,
2018,Toyota,86,ICE,6.2,140,25,0,83.7,420,205,156,2800,900,6.9,Coupe,4,27000,
2018,Toyota,FJ Cruiser,ICE,7.8,110,18,0,116.3,380,260,271,4300,1400,40,SUV,5,35000,
2018,Toyota,4Runner,ICE,7.5,113,18,0,116.3,400,270,278,4400,1500,40,SUV,5,36000,
2025,Volvo Cars,EX30,EV,5.3,112,0,120,28.1,275,422,400,4100,1000,31.9,SUV,5,36500,
2025,Volvo Cars,EX40,EV,4.8,112,0,105,32.1,298,402,487,4800,1100,25,SUV,5,55500,
2025,Volvo Cars,EC40,EV,4.7,112,0,104,32.4,297,402,487,4700,1100,25,SUV,5,56500,
2025,Volvo Cars,EX90,EV,4.9,112,0,90,37.4,300,496,671,6200,1400,55,SUV,7,77500,
2025,Volvo Cars,S60,PHV,4.3,112,74,0,28.3,530,455,523,4450,1000,12,Sedan,5,52500,
2025,Volvo Cars,S90,PHV,4.5,112,66,0,31.7,520,455,523,4700,1050,13.5,Sedan,5,60500,
2025,Volvo Cars,XC60,PHV,4.5,112,63,0,33.2,520,455,523,4800,1200,40,SUV,5,58500,
2025,Volvo Cars,XC90,PHV,4.9,112,58,0,36.1,520,455,523,5000,1400,55,SUV,7,69500,
2025,Volvo Cars,S60,ICE,6.4,112,29,0,72.2,470,247,258,3850,1000,12,Sedan,5,43500,
2025,Volvo Cars,XC40,MHV,6.2,112,27,0,77.5,460,247,258,3950,1100,40,SUV,5,42500,
2025,Volvo Cars,V60,ICE,6.8,112,27,0,77.5,450,247,258,3950,1000,23.2,Wagon,5,46500,
2025,Volvo Cars,S60/V60,ICE,6.4,130,27,0,77.5,450,247,258,3800,1000,18,Sedan/Wagon,5,43000,
2025,Volvo Cars,XC60,MHV,6.5,112,26,0,80.5,450,295,310,4250,1200,40,SUV,5,47500,
2025,Volvo Cars,S90,ICE,6.5,112,26,0,80.5,460,295,310,4300,1050,13.5,Sedan,5,51500,
2025,Volvo Cars,S90/V90,ICE,6.8,130,26,0,80.5,480,295,310,4200,1100,18,Sedan/Wagon,5,56000,
2025,Volvo Cars,XC90,MHV,6.7,112,25,0,83.7,440,295,310,4600,1400,55,SUV,7,57500,
2025,Volvo Cars,V90,ICE,6.9,112,25,0,83.7,450,295,310,4400,1050,25.5,Wagon,5,54500,
2024,Volvo Cars,EX30,EV,5.4,112,0,120,28.1,275,422,400,4100,1000,31.9,SUV,5,35500,
2024,Volvo Cars,EC40,EV,4.8,112,0,104,32.4,297,402,487,4700,1100,25,SUV,5,55500,
2024,Volvo Cars,XC40,EV,5.2,112,0,103,32.7,285,402,487,4700,1100,40,SUV,5,54500,
2024,Volvo Cars,EX90,EV,5,112,0,90,37.4,300,496,671,6200,1400,55,SUV,7,76500,
2024,Volvo Cars,S60,PHV,4.4,112,74,0,28.3,530,455,523,4450,1000,12,Sedan,5,51500,
2024,Volvo Cars,S90,PHV,4.6,112,66,0,31.7,520,455,523,4700,1050,13.5,Sedan,5,59500,
2024,Volvo Cars,XC60,PHV,4.6,112,63,0,33.2,520,455,523,4800,1200,40,SUV,5,57500,
2024,Volvo Cars,XC90,PHV,5,112,58,0,36.1,520,455,523,5000,1400,55,SUV,7,68500,
2024,Volvo Cars,S60,ICE,6.5,112,29,0,72.2,470,247,258,3850,1000,12,Sedan,5,42500,
2024,Volvo Cars,XC40,MHV,6.3,112,27,0,77.5,460,247,258,3950,1100,40,SUV,5,41500,
2024,Volvo Cars,V60,ICE,6.9,112,27,0,77.5,450,247,258,3950,1000,23.2,Wagon,5,45500,
2024,Volvo Cars,XC60,MHV,6.6,112,26,0,80.5,450,295,310,4250,1200,40,SUV,5,46500,
2024,Volvo Cars,S90,ICE,6.6,112,26,0,80.5,460,295,310,4300,1050,13.5,Sedan,5,50500,
2024,Volvo Cars,XC90,MHV,6.8,112,25,0,83.7,440,295,310,4600,1400,55,SUV,7,56500,
2024,Volvo Cars,V90,ICE,7,112,25,0,83.7,450,295,310,4400,1050,25.5,Wagon,5,53500,
2023,Volvo Cars,XC40,EV,4.6,112,0,92,36.6,223,402,486,4650,1100,40,SUV,5,55500,
2023,Volvo Cars,C40 Recharge,EV,4.5,112,0,92,36.6,226,402,486,4700,1100,25,SUV,5,59500,
2023,Volvo Cars,S60,PHV,4.3,130,69,0,30.3,500,455,523,4150,1000,12,Sedan,5,50500,
2023,Volvo Cars,S90,PHV,4.6,130,66,0,31.7,520,455,523,4450,1100,13.5,Sedan,5,56500,
2023,Volvo Cars,XC60,PHV,4.5,130,63,0,33.2,500,455,523,4800,1200,40,SUV,5,58500,
2023,Volvo Cars,XC90,PHV,5.3,130,55,0,38.1,480,455,523,5100,1300,55,SUV,7,69500,
2023,Volvo Cars,S60,ICE,6.5,130,29,0,72.2,460,247,258,3750,1000,12,Sedan,5,41500,
2023,Volvo Cars,XC40,MHV,6.3,130,27,0,77.5,450,248,258,3950,1100,40,SUV,5,42500,
2023,Volvo Cars,V60,ICE,6.8,130,27,0,77.5,450,247,258,3950,1050,23.2,Wagon,5,43500,
2023,Volvo Cars,XC60,MHV,6.4,130,26,0,80.5,460,295,310,4450,1200,40,SUV,5,48500,
2023,Volvo Cars,S90,ICE,6.8,130,26,0,80.5,460,295,310,4250,1100,13.5,Sedan,5,51500,
2023,Volvo Cars,V90,ICE,6.9,130,25,0,83.7,450,295,310,4550,1150,25.5,Wagon,5,54500,
2023,Volvo Cars,XC90,MHV,6.7,130,23,0,91,440,295,310,4750,1300,55,SUV,7,56500,
2022,Volvo Cars,XC40,EV,4.7,112,0,92,36.6,223,402,487,4650,1100,25,SUV,5,56500,
2022,Volvo Cars,C40 Recharge,EV,4.5,112,0,87,38.7,226,402,487,4700,1100,25,SUV,5,58500,
2022,Volvo Cars,S60,PHV,4.5,140,68,0,30.8,520,455,523,4300,1000,12,Sedan,5,51500,
2022,Volvo Cars,S90,PHV,4.8,140,66,0,31.7,500,455,523,4600,1100,13.5,Sedan,5,57500,
2022,Volvo Cars,XC60,PHV,4.5,140,63,0,33.2,520,455,523,4700,1200,25,SUV,5,56500,
2022,Volvo Cars,XC90,PHV,5,140,55,0,38.1,520,455,523,4950,1300,41.8,SUV,7,69500,
2022,Volvo Cars,XC40,MHV,6.1,130,27,0,77.5,470,248,258,3900,1100,25,SUV,5,40500,
2022,Volvo Cars,V60,ICE,6.4,130,26,0,80.5,460,250,258,3950,1000,23.2,Wagon,5,43000,
2022,Volvo Cars,XC60,MHV,6.4,130,26,0,80.5,470,247,258,4200,1200,25,SUV,5,43500,
2022,Volvo Cars,S90,ICE,6.3,130,26,0,80.5,470,295,310,4400,1100,13.5,Sedan,5,51500,
2022,Volvo Cars,S60,ICE,6.1,130,26,0,80.5,460,247,258,3800,1000,12,Sedan,5,41500,
2022,Volvo Cars,XC90,MHV,6.5,130,25,0,83.7,460,295,310,4800,1300,41.8,SUV,7,56500,
2022,Volvo Cars,V90,ICE,6.5,130,25,0,83.7,460,295,310,4500,1100,25.5,Wagon,5,56500,
2021,Volvo Cars,XC40,EV,4.7,112,0,108,31.2,223,402,486,4700,1200,25,SUV,5,55000,
2021,Volvo Cars,C40 Recharge,EV,4.5,112,0,107,31.5,226,402,486,4800,1200,25,SUV,5,58000,
2021,Volvo Cars,S60,PHV,4.3,155,30,0,69.8,520,415,494,4200,1100,12,Sedan,5,48000,
2021,Volvo Cars,S90,PHV,4.7,155,29,0,72.2,520,400,472,4400,1200,13.5,Sedan,5,56000,
2021,Volvo Cars,XC40,MHV,6.1,130,27,0,77.5,430,248,258,3900,1200,25,SUV,5,37000,
2021,Volvo Cars,XC90,PHV,5.5,140,27,0,77.5,500,400,472,5000,1500,41.8,SUV,7,63000,
2021,Volvo Cars,XC60,PHV,5.3,140,27,0,77.5,500,400,472,4600,1300,25,SUV,5,54000,
2021,Volvo Cars,V60,ICE,6.5,130,26,0,80.5,430,250,258,3900,1200,23.2,Wagon,5,42000,
2021,Volvo Cars,XC60,MHV,6.4,130,26,0,80.5,430,250,258,4200,1300,25,SUV,5,42000,
2021,Volvo Cars,S60,ICE,6.4,130,26,0,80.5,430,250,258,3700,1100,12,Sedan,5,39000,
2021,Volvo Cars,XC90,MHV,6.5,130,25,0,83.7,430,295,310,4800,1500,41.8,SUV,7,52000,
2021,Volvo Cars,V90,ICE,6.9,130,25,0,83.7,430,295,310,4300,1200,25.5,Wagon,5,52000,
2021,Volvo Cars,S90,ICE,6.8,130,25,0,83.7,430,295,310,4100,1200,13.5,Sedan,5,50000,
2020,Volvo Cars,XC40,EV,4.7,112,0,85,39.6,208,402,486,4700,1100,40,SUV,5,54000,
2020,Volvo Cars,S60,PHV,4.5,140,69,0,30.3,520,400,472,4300,1100,12,Sedan,5,48000,
2020,Volvo Cars,S90,PHV,4.7,140,64,0,32.7,500,400,472,4400,1200,13.5,Sedan,5,56000,
2020,Volvo Cars,XC90,PHV,5.5,140,58,0,36.1,500,400,472,5000,1400,55,SUV,7,67000,
2020,Volvo Cars,XC60,PHV,5.3,140,57,0,36.7,500,400,472,4600,1300,40,SUV,5,53000,
2020,Volvo Cars,V60,ICE,6.7,130,27,0,77.5,450,250,258,3700,1200,23.2,Wagon,5,42000,
2020,Volvo Cars,S90,ICE,6.8,130,27,0,77.5,450,250,258,3800,1200,13.5,Sedan,5,50000,
2020,Volvo Cars,XC40,ICE,6.2,130,26,0,80.5,430,248,258,3900,1200,40,SUV,5,36000,
2020,Volvo Cars,V90,ICE,7,130,26,0,80.5,450,250,258,4000,1200,25.5,Wagon,5,52000,
2020,Volvo Cars,S60,ICE,6.5,130,26,0,80.5,430,250,258,3600,1100,12,Sedan,5,36000,
2020,Volvo Cars,XC60,ICE,6.5,130,25,0,83.7,430,250,258,4200,1300,40,SUV,5,41000,
2020,Volvo Cars,XC90,ICE,7,130,24,0,87.2,430,250,258,4800,1400,55,SUV,7,48000,
2019,Volvo Cars,S60,PHV,4.3,140,69,0,30.3,500,400,472,4100,1100,12,Sedan,5,48000,
2019,Volvo Cars,S90,PHV,4.6,140,60,0,34.9,500,400,472,4300,1200,13.5,Sedan,5,56000,
2019,Volvo Cars,XC60,PHV,4.9,140,58,0,36.1,520,400,472,4600,1300,40,SUV,5,52000,
2019,Volvo Cars,XC90,PHV,5.3,140,55,0,38.1,500,400,472,5000,1400,55,SUV,7,67000,
2019,Volvo Cars,S90,ICE,6.4,130,27,0,77.5,470,316,295,3900,1200,13.5,Sedan,5,48000,
2019,Volvo Cars,XC40,ICE,6.1,130,26,0,80.5,440,248,258,3700,1200,40,SUV,5,35000,
2019,Volvo Cars,S60,ICE,6.5,130,26,0,80.5,450,250,258,3600,1100,12,Sedan,5,36000,
2019,Volvo Cars,XC60,ICE,6.4,130,25,0,83.7,430,250,258,4100,1300,40,SUV,5,42000,
2019,Volvo Cars,V60,ICE,6.5,130,25,0,83.7,450,250,258,3800,1200,23.2,Wagon,5,40000,
2019,Volvo Cars,V90,ICE,6.9,130,24,0,87.2,440,316,295,4200,1300,25.5,Wagon,5,51000,
2019,Volvo Cars,XC90,ICE,6.5,130,22,0,95.1,420,316,295,4600,1400,55,SUV,7,49000,
2018,Volvo Cars,XC60,PHV,5.3,130,57,0,36.7,450,400,472,4500,1400,40,SUV,5,52000,
2018,Volvo Cars,S90,PHV,5.5,130,55,0,38.1,460,400,472,4400,1300,13.5,Sedan,5,63000,
2018,Volvo Cars,XC90,PHV,5.5,130,54,0,38.8,450,400,472,5000,1500,55,SUV,7,65000,
2018,Volvo Cars,XC40,ICE,6.4,130,27,0,77.5,470,248,258,3900,1300,40,SUV,5,35000,
2018,Volvo Cars,S90,ICE,6.4,130,26,0,80.5,470,316,295,4200,1300,13.5,Sedan,5,48000,
2018,Volvo Cars,V90,ICE,6.5,130,25,0,83.7,470,316,295,4300,1300,35,Wagon,5,52000,
2018,Volvo Cars,V60,ICE,6.8,130,25,0,83.7,460,250,258,3800,1200,35,Wagon,5,38000,
2018,Volvo Cars,S60,ICE,6.5,130,25,0,83.7,450,250,258,3600,1200,14.9,Sedan,5,35000,
2018,Volvo Cars,XC60,ICE,6.9,130,24,0,87.2,430,250,258,4200,1400,40,SUV,5,41000,
2018,Volvo Cars,XC90,ICE,7.1,130,22,0,95.1,430,316,295,4700,1500,55,SUV,7,48000,
2017,Volvo Cars,XC60,PHV,5.3,140,58,0,36.1,520,400,472,4600,1400,40,SUV,5,55000,
2017,Volvo Cars,S90,PHV,5.5,140,56,0,37.4,520,400,472,4300,1400,13.5,Sedan,5,63000,
2017,Volvo Cars,XC90,PHV,5.3,140,54,0,38.8,520,400,472,5100,1500,55,SUV,7,68000,
2017,Volvo Cars,V60,ICE,6.9,130,27,0,77.5,450,240,258,3700,1300,35,Wagon,5,36000,
2017,Volvo Cars,S90,ICE,6.8,130,27,0,77.5,450,250,258,3900,1400,13.5,Sedan,5,47000,
2017,Volvo Cars,XC60,ICE,6.9,130,26,0,80.5,440,240,258,4200,1400,40,SUV,5,42000,
2017,Volvo Cars,V90,ICE,7,130,26,0,80.5,440,250,258,4000,1400,35,Wagon,5,50000,
2017,Volvo Cars,S60,ICE,6.4,130,26,0,80.5,440,240,258,3600,1300,12,Sedan,5,35000,
2017,Volvo Cars,XC90,ICE,6.5,130,25,0,83.7,440,316,295,4800,1500,55,SUV,7,49000,
2017,Volvo Cars,XC70,ICE,7.1,130,25,0,83.7,430,240,258,4100,1400,35,Wagon,5,42000,
2017,Volvo Cars,S80,ICE,7.1,130,25,0,83.7,430,240,258,3800,1300,15.8,Sedan,5,41000,
2016,Volvo Cars,S90,ICE,6.9,130,27,0,77.5,460,250,258,3800,1200,13.5,Sedan,5,47000,
2016,Volvo Cars,V60,ICE,6.8,130,26,0,80.5,450,240,258,3700,1200,35,Wagon,5,36000,
2016,Volvo Cars,S60,ICE,6.8,130,26,0,80.5,450,240,258,3600,1200,12,Sedan,5,35000,
2016,Volvo Cars,S80,ICE,7.1,130,25,0,83.7,440,240,258,3700,1200,15,Sedan,5,42000,
2016,Volvo Cars,XC90,PHV,5.6,140,25,0,83.7,500,400,472,5200,1500,55,SUV,7,68000,
2016,Volvo Cars,XC60,ICE,7.1,130,24,0,87.2,430,240,258,4100,1300,40,SUV,5,39000,
2016,Volvo Cars,XC70,ICE,7.4,130,23,0,91,420,240,258,4300,1300,35,Wagon,5,42000,
2016,Volvo Cars,XC90,ICE,6.5,130,22,0,95.1,440,316,295,4700,1500,55,SUV,7,48000,
2025,VW,Golf,EV,6.7,99,0,118,28.6,260,201,229,3900,1000,22.8,Hatchback,5,36500,
2025,VW,ID.4,EV,5.9,99,0,105,32.1,275,295,339,4800,1200,40,SUV,5,39500,
2025,VW,ID.Buzz,EV,7.2,90,0,90,37.4,260,282,413,6200,1400,145.5,Van,7,59500,
2025,VW,Jetta,HV,8,120,48,0,43.6,560,201,229,3200,950,14.1,Sedan,5,28500,
2025,VW,Jetta,ICE,7.6,126,33,0,63.4,480,158,184,2950,950,14.1,Sedan,5,22500,
2025,VW,Golf,ICE,7.2,130,32,0,65.4,470,158,184,3050,900,22.8,Hatchback,5,26500,
2025,VW,Taos,ICE,7.9,126,30,0,69.8,460,158,184,3300,1000,27.9,SUV,5,25500,
2025,VW,Tiguan,ICE,8.2,125,26,0,80.5,450,184,221,3850,1100,37.6,SUV,5,29500,
2025,VW,Arteon,ICE,5.6,155,25,0,83.7,450,300,295,3850,1000,18,Sedan,5,44500,
2025,VW,Atlas,ICE,7.5,115,22,0,95.1,440,276,266,4500,1400,55,SUV,7,39500,
2024,VW,Golf,EV,6.8,99,0,118,28.6,260,201,229,3900,1000,22.8,Hatchback,5,35500,
2024,VW,ID.4,EV,6,99,0,105,32.1,275,295,339,4800,1200,40,SUV,5,38500,
2024,VW,ID.Buzz,EV,7.3,90,0,90,37.4,260,282,413,6200,1400,145.5,Van,7,58500,
2024,VW,Jetta,ICE,7.7,126,33,0,63.4,480,158,184,2950,950,14.1,Sedan,5,21500,
2024,VW,Golf,ICE,7.3,130,32,0,65.4,470,158,184,3050,900,22.8,Hatchback,5,25500,
2024,VW,Taos,ICE,8,126,30,0,69.8,460,158,184,3300,1000,27.9,SUV,5,24500,
2024,VW,Tiguan,ICE,8.3,125,26,0,80.5,450,184,221,3850,1100,37.6,SUV,5,28500,
2024,VW,Arteon,ICE,5.7,155,25,0,83.7,450,300,295,3850,1000,18,Sedan,5,43500,
2024,VW,Atlas,ICE,7.6,115,22,0,95.1,440,276,266,4500,1400,55,SUV,7,38500,
2023,VW,ID.4,EV,5.9,99,0,105,32.1,275,295,339,4800,1200,40,SUV,5,38500,
2023,VW,Jetta,ICE,7.6,126,33,0,63.4,480,158,184,2950,950,14.1,Sedan,5,21500,
2023,VW,Golf,ICE,7.2,130,32,0,65.4,470,158,184,3050,900,22.8,Hatchback,5,25500,
2023,VW,Taos,ICE,7.9,126,30,0,69.8,460,158,184,3300,1000,27.9,SUV,5,24500,
2023,VW,Passat (Santana),ICE,7.4,130,30,0,69.8,470,174,206,3450,1000,15.9,Sedan,5,24500,
2023,VW,Beetle,ICE,8.5,120,29,0,72.2,460,174,184,3000,900,15.4,Coupe,4,25500,
2023,VW,Tiguan,ICE,8.2,125,26,0,80.5,450,184,221,3850,1100,37.6,SUV,5,28500,
2023,VW,Arteon,ICE,5.6,155,25,0,83.7,450,300,295,3850,1000,18,Sedan,5,43500,
2023,VW,Atlas,ICE,7.5,115,22,0,95.1,440,276,266,4500,1400,55,SUV,7,38500,
2022,VW,ID.4,EV,7.6,99,0,104,32.4,275,201,229,4550,1100,30.3,SUV,5,41500,
2022,VW,Jetta,ICE,7.4,126,35,0,59.8,490,158,184,2950,900,14.1,Sedan,5,21000,
2022,VW,Golf,ICE,7.6,125,32,0,65.4,470,147,184,3000,900,22.8,Hatchback,5,23000,
2022,VW,Taos,ICE,8.4,115,31,0,67.5,470,158,184,3300,1000,28.1,SUV,5,24000,
2022,VW,Passat (Santana),ICE,7.8,130,30,0,69.8,480,174,206,3300,1000,15.9,Sedan,5,24500,
2022,VW,Beetle,ICE,8.5,115,29,0,72.2,440,174,184,3100,900,20,Hatchback,5,23500,
2022,VW,Tiguan,ICE,8.2,118,25,0,83.7,450,184,221,3750,1200,37.6,SUV,5,27500,
2022,VW,Arteon,ICE,5.9,155,25,0,83.7,460,300,295,3750,1000,18,Sedan,5,36500,
2022,VW,Atlas,ICE,7.3,120,21,0,99.7,440,276,266,4500,1400,55,SUV,7,35000,