Maker/Brand,Model,PowerTrain,2015-01,2015-02,2015-03,2015-04,2015-05,2015-06,2015-07,2015-08,2015-09,2015-10,2015-11,2015-12,2016-01,2016-02,2016-03,2016-04,2016-05,2016-06,2016-07,2016-08,2016-09,2016-10,2016-11,2016-12,2017-01,2017-02,2017-03,2017-04,2017-05,2017-06,2017-07,2017-08,2017-09,2017-10,2017-11,2017-12,2018-01,2018-02,2018-03,2018-04,2018-05,2018-06,2018-07,2018-08,2018-09,2018-10,2018-11,2018-12,2019-01,2019-02,2019-03,2019-04,2019-05,2019-06,2019-07,2019-08,2019-09,2019-10,2019-11,2019-12,2020-01,2020-02,2020-03,2020-04,2020-05,2020-06,2020-07,2020-08,2020-09,2020-10,2020-11,2020-12,2021-01,2021-02,2021-03,2021-04,2021-05,2021-06,2021-07,2021-08,2021-09,2021-10,2021-11,2021-12,2022-01,2022-02,2022-03,2022-04,2022-05,2022-06,2022-07,2022-08,2022-09,2022-10,2022-11,2022-12,2023-01,2023-02,2023-03,2023-04,2023-05,2023-06,2023-07,2023-08,2023-09,2023-10,2023-11,2023-12,2024-01,2024-02,2024-03,2024-04,2024-05,2024-06,2024-07,2024-08,2024-09,2024-10,2024-11,2024-12,2025-01,2025-02,2025-03,2025-04,2025-05,2025-06,2025-07,2025-08,2025-09,2025-10,2025-11,2025-12
Acura,ADX,ICE,0,0,0,0,0,0,0,0,0,0,0,0,0,0,0,0,0,0,0,0,0,0,0,0,0,0,0,0,0,0,0,0,0,0,0,0,0,0,0,0,0,0,0,0,0,0,0,0,0,0,0,0,0,0,0,0,0,0,0,0,0,0,0,0,0,0,0,0,0,0,0,0,0,0,0,0,0,0,0,0,0,0,0,0,0,0,0,0,0,0,0,0,0,0,0,0,0,0,0,0,0,0,0,0,0,0,0,0,0,0,0,0,0,0,0,0,0,0,0,0,0,0,356,1940,3084,3942,4584,5136,4468,5442,0,0
Acura,ILX,HV,6,10,8,4,8,2,0,2,4,0,0,2,0,0,0,2,0,0,0,0,0,0,0,0,0,0,0,0,0,0,0,0,0,0,0,0,0,0,0,0,0,0,0,0,0,0,0,0,0,0,0,0,0,0,0,0,0,0,0,0,0,0,0,0,0,0,0,0,0,0,0,0,0,0,0,0,0,0,0,0,0,0,0,0,0,0,0,0,0,0,0,0,0,0,0,0,0,0,0,0,0,0,0,0,0,0,0,0,0,0,0,0,0,0,0,0,0,0,0,0,0,0,0,0,0,0,0,0,0,0,0,0
Acura,ILX,ICE,1978,1908,3100,3258,3338,3322,3226,3318,3224,3720,2706,3918,2466,3000,3108,3264,2848,2228,2402,2344,1832,1998,1544,2158,1386,1478,1648,1664,1740,2382,2644,2760,2444,2050,1648,1670,1312,1808,1824,2024,2232,1852,1748,1824,1860,2112,2102,1848,805,1047,1289,1152,1351,1312,1224,1439,1078,1430,1253,1305,1870,2166,1446,1012,2078,2218,2460,2662,2754,3046,2282,2834,914,819,1253,1312,1842,2093,1957,1018,422,209,700,1361,1045,1223,1493,1445,862,208,26,3,0,0,0,0,1,1,0,0,0,0,0,0,0,0,0,0,0,0,0,0,0,0,0,0,0,0,0,0,0,0,0,0,0,0,0,0,0,0,0,0
Acura,MDX,HV,0,0,0,0,0,0,0,0,0,0,0,0,0,0,0,0,0,0,0,0,0,0,0,0,0,0,0,114,296,326,502,434,478,406,602,456,188,208,356,536,474,404,390,442,290,314,276,334,112,111,144,174,188,194,204,243,166,214,186,194,232,290,206,106,188,220,254,336,294,206,126,102,18,10,6,1,2,0,1,0,0,0,0,0,0,0,0,0,0,0,0,0,0,0,0,0,0,0,1,0,0,0,0,0,0,0,0,0,0,0,0,0,0,0,0,0,0,0,0,0,0,0,0,0,0,0,0,0,0,0,0,0
Acura,MDX,ICE,8762,9106,11006,9940,10842,9184,9954,9494,8626,8810,8184,12508,7152,8584,8176,9466,8416,7436,9804,10262,9860,10104,9244,12486,6548,7082,8282,7990,8318,8154,8952,8630,10258,10168,10080,11696,5748,6466,7682,6634,7722,7382,8394,12062,8996,7596,8568,11562,2856,3722,3838,3165,4237,3893,4584,5733,3667,4154,4598,5442,5690,7396,4068,3344,6474,7734,8734,9994,9546,9258,8856,11978,2809,5369,8776,7684,7039,5077,4289,4632,2101,3157,3551,5535,2821,4332,6405,4735,2794,2523,2150,3368,4086,4050,4028,5133,4455,4692,6075,5758,5935,5048,4397,4172,4386,3638,4074,4968,6222,7300,8760,8202,12644,8260,7690,8064,6548,7808,8656,10070,5932,6926,8424,8460,7760,6406,5952,6034,5732,6780,0,0
Acura,RDX,ICE,7034,7724,7926,7944,10686,10112,9154,8728,7696,7782,7382,9884,6208,7596,10620,11810,9132,7186,8640,8414,7838,7888,7500,11890,6404,8058,7538,7586,10298,10654,11078,9358,7386,7064,7550,9616,5922,7532,8796,8402,9408,14584,11568,11586,11398,12386,11902,13676,4172,4965,5835,4926,5415,4868,4934,5459,4384,5888,5767,6263,6986,9964,5356,3520,8854,10820,10634,10114,9328,10044,8310,11640,3386,3520,4706,4576,5864,5638,5789,5842,4915,5313,3976,3488,1627,2737,3514,2857,1638,1866,1575,1960,1962,1557,1087,2369,1848,2090,2871,2573,2791,3502,3292,3962,4273,4200,3692,4134,5554,6430,8250,6918,6482,6634,8026,8844,7218,7438,6772,7410,5188,5122,7534,7482,5862,4570,3948,4464,3894,4788,0,0
Acura,RLX,HV,28,42,36,30,48,54,56,68,52,28,26,32,36,24,38,38,36,36,22,38,48,26,66,62,22,54,60,44,28,32,20,26,36,52,72,138,120,120,134,136,158,94,118,132,108,76,102,82,49,52,40,46,34,15,16,17,36,49,53,44,74,84,34,28,78,136,128,116,116,140,62,64,35,20,18,8,6,5,3,0,0,0,0,0,0,0,1,1,0,0,0,0,0,0,0,0,0,0,0,0,0,0,0,0,0,0,0,0,0,0,0,0,0,0,0,0,0,0,0,0,0,0,0,0,0,0,0,0,0,0,0,0
Acura,RLX,ICE,324,304,352,358,430,394,370,306,296,256,214,286,160,182,222,274,218,190,190,198,156,160,214,322,138,152,160,168,136,116,108,194,152,146,186,234,148,182,222,206,168,156,178,234,220,202,216,350,70,75,95,105,57,35,26,21,10,19,27,28,52,84,28,24,64,116,140,120,128,112,100,80,24,23,24,18,10,7,4,1,3,3,0,2,0,1,0,0,0,0,0,0,0,0,0,0,0,0,0,0,0,0,0,0,0,0,0,0,0,0,0,0,0,0,0,0,0,0,0,0,0,0,0,0,0,0,0,0,0,0,0,0
Acura,TL,ICE,36,44,32,20,20,10,6,2,2,2,2,0,0,0,0,0,0,0,0,0,0,0,0,0,0,0,0,0,0,0,0,0,0,0,0,0,0,0,0,0,0,0,0,0,0,0,0,0,0,0,0,0,0,0,0,0,0,0,0,0,0,0,0,0,0,0,0,0,0,0,0,0,0,0,0,0,0,0,0,0,0,0,0,0,0,0,0,0,0,0,0,0,0,0,0,0,0,0,0,0,0,0,0,0,0,0,0,0,0,0,0,0,0,0,0,0,0,0,0,0,0,0,0,0,0,0,0,0,0,0,0,0
Acura,TLX,ICE,5784,6838,6860,8186,8704,7972,7060,8706,9506,11554,5974,7016,4478,6160,7536,7558,6470,5624,6248,7190,5816,5428,4562,7242,3806,4812,5630,10516,7016,6350,4990,4820,5086,5336,5128,6202,4310,5588,8028,5828,5446,4580,4092,3834,4128,4526,4914,5662,1669,2219,3141,2096,2235,1812,1761,2252,1741,2188,2587,2847,3538,4526,2904,2048,2934,2878,3772,3946,3696,4730,4028,4570,1312,1788,3041,2848,3375,3048,2800,2768,1952,1368,1147,653,224,985,1782,1921,1146,1064,859,602,571,866,674,814,990,1121,1609,1576,2173,2013,1631,1231,1229,980,1085,1093,1766,1650,1844,1142,1064,956,1232,1152,1096,1072,1054,928,708,876,1480,1418,1374,1412,1558,2038,1394,1312,0,0
Acura,TSX,ICE,12,8,18,8,8,2,4,2,2,6,0,0,0,0,4,0,2,0,0,2,0,0,0,0,0,0,0,0,0,0,0,0,0,0,0,0,0,0,0,0,0,0,0,0,0,0,0,0,0,0,0,0,0,0,0,0,0,0,0,0,0,0,0,0,0,0,0,0,0,0,0,0,0,0,0,0,0,0,0,0,0,0,0,0,0,0,0,0,0,0,0,0,0,0,0,0,0,0,0,0,0,0,0,0,0,0,0,0,0,0,0,0,0,0,0,0,0,0,0,0,0,0,0,0,0,0,0,0,0,0,0,0
Acura,ZDX,EV,0,0,0,0,0,0,0,0,0,0,0,0,0,0,0,0,0,0,0,0,0,0,0,0,0,0,0,0,0,0,0,0,0,0,0,0,0,0,0,0,0,0,0,0,0,0,0,0,0,0,0,0,0,0,0,0,0,0,0,0,0,0,0,0,0,0,0,0,0,0,0,0,0,0,0,0,0,0,0,0,0,0,0,0,0,0,0,0,0,0,0,0,0,0,0,0,0,0,0,0,0,0,0,0,0,0,0,0,0,0,0,0,166,510,1388,2006,1958,2424,2634,3696,2768,2988,3870,4662,3746,2636,1330,1040,790,50,0,0
Acura,ZDX,ICE,0,0,2,0,0,2,0,0,0,0,0,0,0,0,0,0,0,0,0,0,0,0,0,0,0,0,0,0,0,0,0,0,0,0,0,0,0,0,0,0,0,0,0,0,0,0,0,0,0,0,0,0,0,0,0,0,0,0,0,0,0,0,0,0,0,0,0,0,0,0,0,0,0,0,0,0,0,0,0,0,0,0,0,0,0,0,0,0,0,0,0,0,0,0,0,0,0,0,0,0,0,0,0,0,0,0,0,0,0,0,0,0,0,0,0,0,0,0,0,0,0,0,0,0,0,0,0,0,0,0,0,0
Acura,Integra,ICE,0,0,0,0,0,0,0,0,0,0,0,0,0,0,0,0,0,0,0,0,0,0,0,0,0,0,0,0,0,0,0,0,0,0,0,0,0,0,0,0,0,0,0,0,0,0,0,0,0,0,0,0,0,0,0,0,0,0,0,0,0,0,0,0,0,0,0,0,0,0,0,0,0,0,0,0,0,0,0,0,0,0,0,0,0,0,0,0,0,1487,1429,1573,1540,2638,2248,2103,2191,2503,3012,3394,2806,2608,2742,2794,2784,2336,2259,2661,3730,4158,5082,4826,5126,4354,4036,3928,3032,2952,3682,3890,2786,2734,3840,4076,3552,2858,2808,3490,3134,3758,0,0
Acura,NSX,HV,0,0,0,0,0,0,0,0,0,0,0,0,0,0,0,0,0,4,42,44,76,134,102,136,100,92,74,182,46,62,60,42,52,174,166,112,68,34,32,10,30,12,6,30,22,36,26,34,31,22,26,23,30,19,10,25,16,15,11,10,18,18,32,10,12,20,30,6,20,44,18,28,6,4,7,12,15,16,7,31,20,5,0,1,0,21,25,21,20,36,34,31,23,25,45,17,3,1,1,0,0,0,0,0,0,0,0,0,0,0,0,0,0,0,0,0,0,0,0,0,0,0,0,0,0,0,0,0,0,0,0,0
Audi,A3,ICE,2383,2279,3081,3187,3493,3482,3167,3188,2712,2732,3028,3252,1821,1935,2841,2548,2679,2818,2689,2686,1897,1360,1669,2315,1419,1515,1954,1803,1822,1904,2082,1904,1844,1396,1336,1754,998,1311,1823,1404,1433,1724,1803,1854,1525,949,670,634,635,817,1177,681,947,831,522,705,863,942,995,1263,837,875,525,362,717,823,838,774,943,1041,1048,1154,495,505,329,0,0,1,0,0,75,217,138,630,741,434,193,490,762,1120,1345,1197,756,716,891,1143,1232,1232,1604,1295,1385,1073,1084,775,948,714,1112,1171,1039,1424,1249,1258,1214,863,451,503,414,359,360,394,641,704,915,915,919,786,545,580,497,957,0,0
Audi,A3,PHV,0,0,0,0,0,0,0,0,0,0,0,0,327,248,332,321,361,353,349,346,312,348,394,589,387,400,414,301,294,324,218,129,85,17,38,270,145,199,214,189,267,238,208,224,234,172,143,158,29,6,5,0,0,0,0,0,0,0,0,0,0,0,0,0,0,0,0,0,0,0,0,0,0,0,0,0,0,0,0,0,0,0,0,0,0,0,0,0,0,0,0,0,0,0,0,0,0,0,0,0,0,0,0,0,0,0,0,0,0,0,0,0,0,0,0,0,0,0,0,0,0,0,0,0,0,0,0,0,0,0,0,0
Audi,A4,ICE,1563,1743,2266,2327,2785,2863,2218,2541,2221,2896,2418,3172,1325,1827,3226,2983,2756,2802,2612,2965,3175,3864,3143,4009,1737,2377,3876,3246,3011,3022,2652,2746,2585,2576,2690,3916,2024,2331,3296,3126,3472,3618,3433,3768,3185,2267,1635,1881,1691,1436,2652,1860,2223,2292,2579,2924,2392,2178,2056,2152,1314,1526,1109,663,1665,2087,2225,2076,1657,1063,1119,1837,1385,1416,2270,2549,2502,2079,1184,596,544,396,341,1001,1204,1494,1155,1107,1255,1068,919,1434,1189,1520,1292,1602,1939,1794,1506,1197,1066,884,859,867,795,689,835,1119,696,755,1001,792,766,626,447,498,411,337,338,369,114,126,163,34,34,29,2,2,1,0,0,0
Audi,A4 Allroad quattro,ICE,227,181,230,215,223,249,215,202,261,260,301,254,149,124,177,147,106,134,131,156,282,312,271,311,222,170,186,236,318,251,271,351,294,283,297,361,255,0,0,0,0,275,0,0,0,0,0,0,0,0,0,0,0,0,0,0,0,0,0,0,0,0,0,0,0,0,0,0,0,0,0,0,0,0,0,0,0,0,0,0,0,0,0,0,0,0,0,0,0,0,0,0,0,0,0,0,0,0,0,0,0,0,0,0,0,0,0,0,0,0,0,0,0,0,0,0,0,0,0,0,0,0,0,0,0,0,0,0,0,0,0,0
Audi,A5,ICE,843,831,1303,1300,1341,1101,1105,1043,945,845,1277,1000,515,602,784,813,818,802,744,848,746,609,482,591,304,333,674,1007,2047,2374,2255,2603,2360,2143,2243,2958,1599,1888,2587,2169,2364,2985,2381,2732,2539,1761,1221,1746,1651,1603,2224,1685,2251,2160,2017,2085,1646,1705,1805,2191,1466,2187,1667,1082,1988,1921,1640,1156,922,729,1426,2644,1522,1275,1730,1903,2455,2410,1527,1059,596,679,781,1471,1308,1282,1251,1459,1616,1708,1347,1658,1948,1677,1428,1667,1649,1717,2232,2188,2187,2283,2151,2097,1789,1528,1761,2195,1274,1441,2081,2424,2910,2696,1748,1948,1606,2101,2105,2302,1169,1284,1668,1451,1457,1246,1168,1243,1066,2132,0,0
Audi,A6,EV,0,0,0,0,0,0,0,0,0,0,0,0,0,0,0,0,0,0,0,0,0,0,0,0,0,0,0,0,0,0,0,0,0,0,0,0,0,0,0,0,0,0,0,0,0,0,0,0,0,0,0,0,0,0,0,0,0,0,0,0,0,0,0,0,0,0,0,0,0,0,0,0,0,0,0,0,0,0,0,0,0,0,0,0,0,0,0,0,0,0,0,0,0,0,0,0,0,0,0,0,0,0,0,0,0,0,0,0,0,0,0,0,0,0,0,0,0,0,0,0,0,0,0,63,63,53,1187,1262,1083,372,0,0
Audi,A6,ICE,1202,1282,2328,2139,2027,2431,1928,2022,1713,1740,1582,2456,841,1064,1453,1619,1661,1690,1822,1960,1599,1429,1532,2016,1008,1094,1576,1508,1358,1425,1218,1380,1210,1217,1340,1970,751,842,1171,1172,1131,309,157,146,95,47,1682,3058,1889,1506,1963,1374,1427,1743,1246,1247,770,1252,1264,2126,1018,933,541,285,725,1066,1118,1063,1286,899,588,1013,846,812,1455,1612,1462,1205,738,247,218,391,297,261,421,494,359,547,398,503,581,514,465,486,670,565,727,581,677,480,447,608,757,1016,605,562,847,1012,608,561,851,634,867,715,731,815,671,667,668,731,529,581,756,591,594,508,442,470,404,623,0,0
Audi,A7,ICE,285,229,601,754,838,669,749,757,626,736,636,841,432,429,605,543,560,487,417,574,541,583,576,811,414,471,541,459,181,224,266,379,504,465,453,453,208,268,367,280,299,158,107,111,106,55,798,1095,620,474,672,441,526,409,289,331,199,294,246,454,280,225,144,109,226,260,255,250,244,219,215,414,280,266,362,360,338,256,198,67,72,102,90,102,157,180,164,237,181,215,214,214,149,144,178,199,178,188,178,101,86,124,130,139,109,137,165,274,186,117,185,89,87,73,100,111,92,172,173,189,176,194,252,165,165,142,100,106,91,132,0,0
Audi,A7,PHV,0,0,0,0,0,0,0,0,0,0,0,0,0,0,0,0,0,0,0,0,0,0,0,0,0,0,0,0,0,0,0,0,0,0,0,0,0,0,0,0,0,0,0,0,0,0,0,0,0,0,0,0,0,0,0,0,0,0,0,0,0,0,0,0,0,0,0,0,0,0,4,14,12,25,44,80,116,172,85,22,15,4,6,7,0,0,1,0,2,2,0,0,0,0,0,0,0,0,0,0,0,1,0,0,0,0,0,0,0,0,0,0,0,0,0,0,0,0,0,0,0,0,0,0,0,0,0,0,0,0,0,0
Audi,A8,ICE,306,300,461,387,416,647,418,441,441,385,364,424,345,218,422,330,323,303,327,348,335,354,343,501,254,251,288,291,216,301,270,239,276,258,217,266,112,124,135,83,71,51,34,32,14,253,310,380,284,242,261,187,190,166,114,164,109,245,465,536,211,208,133,85,170,199,213,178,231,231,163,241,107,148,170,185,228,238,244,231,161,103,80,118,120,75,38,84,127,196,147,133,104,142,197,230,81,120,188,181,155,219,245,321,206,189,170,184,122,161,145,157,156,112,125,139,115,128,128,140,101,111,143,138,138,118,120,127,109,133,0,0
Audi,A8,PHV,0,0,0,0,0,0,0,0,0,0,0,0,0,0,0,0,0,0,0,0,0,0,0,0,0,0,0,0,0,0,0,0,0,0,0,0,0,0,0,0,0,0,0,0,0,0,0,0,0,0,0,0,0,0,0,0,0,0,0,0,0,0,2,1,3,5,6,13,15,16,17,35,3,3,10,2,5,14,6,2,5,3,0,3,0,0,1,0,0,0,0,0,0,0,0,0,0,0,0,0,0,0,0,0,0,0,0,0,0,0,0,0,0,0,0,0,0,0,0,0,0,0,0,0,0,0,0,0,0,0,0,0
Audi,Q3,ICE,873,1046,1268,1065,1128,867,1166,1189,1130,887,1109,1501,902,988,1505,1635,1719,1719,1819,2238,1919,1944,1613,2047,1181,1103,1818,1510,1733,1741,1888,1861,1818,2021,1592,2367,1325,1611,1938,2018,1827,1917,1482,1357,1155,878,700,620,193,120,85,17,11,6,1415,2420,1820,1943,2497,4295,2374,2221,961,664,1793,1954,2148,2509,2676,2966,3105,3880,2799,3116,2660,3413,3173,3284,2583,3492,2262,2394,2664,2622,1856,1782,1598,2166,2085,2127,2306,2716,1988,2142,2322,1978,1274,1166,1415,1325,1817,1928,2211,1720,1526,1890,2864,3053,2059,2403,2464,2618,2500,2277,2447,2727,2248,3340,3347,3660,1517,1666,2164,2538,2547,2180,1880,2000,1717,2260,0,0
Audi,Q4 e-tron,EV,0,0,0,0,0,0,0,0,0,0,0,0,0,0,0,0,0,0,0,0,0,0,0,0,0,0,0,0,0,0,0,0,0,0,0,0,0,0,0,0,0,0,0,0,0,0,0,0,0,0,0,0,0,0,0,0,0,0,0,0,0,0,0,0,0,0,0,0,0,0,0,0,0,0,0,0,0,0,0,0,0,0,40,7,0,0,0,-21,1,0,0,202,910,1082,658,673,614,611,952,1002,844,649,846,1176,1258,927,875,996,602,1224,852,765,976,689,981,1093,901,1057,1059,1157,532,584,758,435,438,374,1191,1267,1088,471,0,0
Audi,Q5,HV,8,10,9,7,17,5,8,5,3,5,7,13,3,0,5,2,2,2,1,2,1,0,0,0,0,0,0,0,0,0,0,0,0,0,0,0,0,0,0,0,0,0,0,0,0,0,0,0,0,0,0,0,0,0,0,0,0,0,0,0,0,0,0,0,0,0,0,0,0,0,0,0,0,0,0,0,0,0,0,0,0,0,0,0,0,0,0,0,0,0,0,0,0,0,0,0,0,0,0,0,0,0,0,0,0,0,0,0,0,0,0,0,0,0,0,0,0,0,0,0,0,0,0,0,0,0,0,0,0,0,0,0
Audi,Q5,ICE,2919,2483,3925,3755,4263,4265,4692,5046,5146,4858,4513,6044,2688,2421,3723,3989,4734,4417,4832,4417,3956,3772,4187,6396,3636,3294,4382,5028,4909,4498,4116,4767,4596,5416,5467,7531,4088,4469,5473,5275,4918,4728,6512,6812,7419,6252,5889,8143,4340,4359,6529,4350,5721,6747,6434,6282,4374,5960,6152,6268,3372,3720,2079,1200,2977,3286,2992,3245,3889,5492,6514,7597,3930,4061,4225,5193,5271,6595,6499,4631,4012,3651,3344,2704,2626,3624,3528,3880,5268,4824,6136,4992,5810,5612,6062,7071,4927,5471,5328,6008,5281,5695,6025,6555,6354,5587,5867,6884,3188,3115,4126,4026,3788,3335,3931,4438,3192,4263,3797,4439,2959,3531,4519,2674,2915,2498,2915,3052,2726,3056,0,0
Audi,Q5,PHV,0,0,0,0,0,0,0,0,0,0,0,0,0,0,0,0,0,0,0,0,0,0,0,0,0,0,0,0,0,0,0,0,0,0,0,0,0,0,0,0,0,0,0,0,0,0,0,0,0,0,0,0,0,0,0,0,0,0,0,0,191,406,191,126,222,261,333,405,475,471,428,563,611,827,1077,872,417,487,467,469,276,444,194,44,123,148,319,849,540,260,77,89,39,180,315,540,421,485,453,463,390,419,228,128,75,230,326,545,362,250,432,500,700,749,907,955,1254,1403,1881,1768,917,724,1009,559,330,279,350,422,254,0,0,0
Audi,Q6,EV,0,0,0,0,0,0,0,0,0,0,0,0,0,0,0,0,0,0,0,0,0,0,0,0,0,0,0,0,0,0,0,0,0,0,0,0,0,0,0,0,0,0,0,0,0,0,0,0,0,0,0,0,0,0,0,0,0,0,0,0,0,0,0,0,0,0,0,0,0,0,0,0,0,0,0,0,0,0,0,0,0,0,0,0,0,0,0,0,0,0,0,0,0,0,0,0,0,0,0,0,0,0,0,0,0,0,0,0,0,0,0,0,0,0,15,16,13,298,298,326,921,1011,1314,1298,1303,1115,3379,3595,3325,1343,0,0
Audi,Q7,ICE,880,1012,1560,1620,1823,1630,1939,2016,1941,2106,1279,1189,2336,1653,3004,2472,2663,2613,2322,2347,2475,2798,2605,3275,2411,2477,2660,3022,3048,3114,3334,3174,3538,3438,3292,4838,2877,2321,3061,3083,3217,3204,2922,3682,2903,3146,2971,4030,2061,1965,3091,2752,3241,2923,2751,3408,2357,2971,3162,3967,2394,2743,1095,837,1806,1775,1956,2163,2014,2410,2607,3571,1844,2207,3663,3968,3382,2641,2041,1635,960,936,516,1569,1407,1471,1084,1472,1661,2088,1630,1285,1237,1799,1740,2434,1955,2100,2366,2283,2117,2465,2761,2920,2481,2255,2615,2613,1312,1232,1661,1273,1278,1136,1865,2079,1714,2371,2376,2597,1448,1590,2066,1702,1708,1461,1438,1530,1313,1509,0,0
Audi,Q8,ICE,0,0,0,0,0,0,0,0,0,0,0,0,0,0,0,0,0,0,0,0,0,0,0,0,0,0,0,0,0,0,0,0,0,0,0,0,0,0,0,0,0,0,0,0,0,161,943,925,807,900,1469,1280,1319,1185,1123,1214,987,1051,1210,1711,958,932,546,330,741,915,988,1122,1147,1331,1237,1827,969,1096,1547,1809,1806,1398,1378,813,347,338,216,821,556,449,420,798,922,1062,865,825,843,765,740,1127,829,869,1163,1002,1197,1282,1246,1362,1101,1181,1166,1152,423,344,1033,993,896,684,856,954,786,1093,1096,1198,870,955,1240,966,969,829,678,721,618,754,0,0
Audi,Q8 e-tron,EV,0,0,0,0,0,0,0,0,0,0,0,0,0,0,0,0,0,0,0,0,0,0,0,0,0,0,0,0,0,0,0,0,0,0,0,0,0,0,0,0,0,0,0,0,0,0,0,0,0,0,0,0,0,0,0,0,0,0,0,0,0,0,0,0,0,0,0,0,0,0,0,0,0,0,0,0,0,0,0,0,0,0,0,0,0,0,0,0,0,0,0,0,0,0,0,0,0,0,0,32,392,695,849,1204,1544,1294,1177,1364,666,641,949,929,923,505,576,642,527,508,508,555,152,166,217,101,102,86,14,15,13,91,0,0
Audi,R8,ICE,49,52,69,69,73,51,41,35,14,17,10,15,11,9,7,96,67,72,88,96,84,61,63,82,65,65,69,102,105,75,73,47,41,35,39,56,24,11,53,138,104,61,76,106,109,75,91,79,42,55,52,30,27,62,37,35,67,61,54,52,24,32,41,27,31,44,65,55,76,69,51,66,40,45,63,67,79,62,48,40,52,38,55,60,37,12,19,21,33,36,7,26,15,37,33,38,41,30,26,19,37,34,45,80,64,41,90,124,55,71,55,34,26,25,12,14,11,9,9,9,1,1,1,1,1,0,0,0,0,0,0,0
Audi,e-tron,EV,0,0,0,0,0,0,0,0,0,0,0,0,0,0,0,0,0,0,0,0,0,0,0,0,0,0,0,0,0,0,0,0,0,0,0,0,0,0,0,0,0,0,0,0,0,0,0,0,0,0,0,253,856,726,678,593,434,462,621,746,534,592,585,314,336,511,762,816,718,550,611,873,512,935,2877,1460,695,405,168,121,8,691,614,1076,690,852,1138,1052,1513,1373,1066,680,503,475,489,566,411,431,693,543,313,122,14,3,6,0,0,0,0,0,0,0,0,3,0,0,0,0,0,0,0,0,0,0,0,0,0,0,0,0,0,0
Audi,e-tron GT,EV,0,0,0,0,0,0,0,0,0,0,0,0,0,0,0,0,0,0,0,0,0,0,0,0,0,0,0,0,0,0,0,0,0,0,0,0,0,0,0,0,0,0,0,0,0,0,0,0,0,0,0,0,0,0,0,0,0,0,0,0,0,0,0,0,0,0,0,0,0,0,0,0,0,0,0,0,0,0,225,138,249,200,187,377,126,149,297,257,222,360,259,197,94,53,49,212,207,221,298,346,348,366,214,156,268,154,412,212,80,609,87,124,310,183,222,247,204,267,268,293,71,78,101,78,78,67,219,233,200,77,0,0
Audi,TT,ICE,3,7,1,2,1,2,8,309,187,233,176,238,155,200,308,303,279,233,211,281,295,287,240,252,163,191,267,198,155,163,181,231,157,160,191,237,105,76,186,167,212,203,106,83,66,40,29,16,11,77,122,114,153,159,165,123,112,108,91,89,58,73,44,53,87,111,97,76,63,34,32,102,62,82,122,113,122,111,99,70,44,43,56,62,55,26,41,29,28,66,49,61,46,31,29,55,53,52,78,72,56,80,96,76,50,38,32,42,16,9,10,2,0,1,0,0,0,0,0,0,0,0,0,0,0,0,0,0,0,0,0,0
BMW,1/2 Series,ICE,375,523,1249,1009,1119,1067,1028,1024,1078,1258,1147,2143,0,0,0,0,0,0,0,0,0,0,0,0,0,0,0,0,0,0,0,0,0,0,0,0,0,0,0,0,0,0,0,0,0,0,0,0,0,0,0,0,0,0,0,0,0,0,0,0,0,0,0,0,0,0,0,0,0,0,0,0,0,0,0,0,0,0,0,0,0,0,0,0,0,0,0,0,0,0,0,0,0,0,0,0,0,0,0,0,0,0,0,0,0,0,0,0,0,0,0,0,0,0,0,0,0,0,0,0,0,0,0,0,0,0,0,0,0,0,0,0
BMW,2 Series,ICE,0,0,0,0,0,0,0,0,0,0,0,0,710,1085,1606,1780,1322,2554,1708,728,977,1009,955,1085,658,598,993,848,976,1242,1331,1036,938,1045,884,1188,640,949,1179,879,822,930,634,589,630,664,574,718,578,738,746,581,253,717,662,617,863,690,805,765,402,519,852,444,1359,1680,1195,1274,1722,1342,1355,2153,1470,2480,1357,1269,1388,1376,1434,1144,633,485,1079,1568,757,1634,1633,1104,1248,1229,769,371,433,584,751,1035,453,304,626,1024,778,1003,970,1082,1083,1235,1208,1854,1318,1062,1158,974,1008,916,1298,1447,1192,1618,1621,1772,1286,1416,1846,1814,1820,1558,1687,1795,1540,1524,0,0
BMW,3 Series,HV,0,0,0,0,0,5,1,2,0,3,2,3,0,0,0,0,0,0,0,0,0,0,0,0,0,0,0,0,0,0,0,0,0,0,0,0,0,0,0,0,0,0,0,0,0,0,0,0,0,0,0,0,0,0,0,0,0,0,0,0,0,0,0,0,0,0,0,0,0,0,0,0,0,0,0,0,0,0,0,0,0,0,0,0,0,0,0,0,0,0,0,0,0,0,0,0,0,0,0,0,0,0,0,0,0,0,0,0,0,0,0,0,0,0,0,0,0,0,0,0,0,0,0,0,0,0,0,0,0,0,0,0
BMW,3 Series,ICE,0,0,0,0,0,6886,7728,10161,9145,11009,8431,5259,3287,4595,6218,4656,7309,6793,6718,5834,7378,5123,5196,6500,3903,4264,5832,3234,3978,4627,3697,4970,5716,4190,5704,5193,4450,4113,4643,3384,3278,3413,3041,3530,3409,3164,2743,2594,1134,2266,4536,3621,4362,4926,3391,3983,4303,3461,6283,5244,2738,3556,4126,1005,2528,3384,2966,3496,3830,3599,3844,5153,2379,2929,3815,3936,4974,4254,4483,3967,3699,3997,3634,3378,1816,3231,2459,1609,1772,2178,1956,985,1299,1717,2743,3700,1846,1372,1268,1486,1922,2437,3318,2486,2282,2847,3016,3943,2639,2194,2823,1495,1595,1017,2290,2541,2065,2870,2765,3060,1900,2115,2752,2148,2208,1765,2366,2499,2171,1730,0,0
BMW,3 Series,PHV,0,0,0,0,0,0,0,0,0,0,0,0,0,0,0,25,67,26,81,51,54,92,215,240,129,144,365,260,475,496,387,409,329,307,477,363,101,142,202,166,150,138,144,221,206,281,475,590,92,113,84,21,2,1,1,1,0,1,0,1,0,0,0,0,0,19,29,35,38,36,38,52,24,121,158,162,552,472,497,489,456,394,358,333,157,280,213,178,260,177,458,230,409,541,865,1167,829,616,820,800,450,570,228,244,294,280,297,346,261,216,279,523,568,527,229,267,249,213,325,319,201,199,265,202,150,252,217,249,187,277,0,0
BMW,3/4 Series,HV,3,1,3,2,5,0,0,0,0,0,0,0,0,0,0,0,0,0,0,0,0,0,0,0,0,0,0,0,0,0,0,0,0,0,0,0,0,0,0,0,0,0,0,0,0,0,0,0,0,0,0,0,0,0,0,0,0,0,0,0,0,0,0,0,0,0,0,0,0,0,0,0,0,0,0,0,0,0,0,0,0,0,0,0,0,0,0,0,0,0,0,0,0,0,0,0,0,0,0,0,0,0,0,0,0,0,0,0,0,0,0,0,0,0,0,0,0,0,0,0,0,0,0,0,0,0,0,0,0,0,0,0
BMW,3/4 Series,ICE,7345,8747,14832,10372,12863,0,0,0,0,0,0,0,0,0,0,0,0,0,0,0,0,0,0,0,0,0,0,0,0,0,0,0,0,0,0,0,0,0,0,0,0,0,0,0,0,0,0,0,0,0,0,0,0,0,0,0,0,0,0,0,0,0,0,0,0,0,0,0,0,0,0,0,0,0,0,0,0,0,0,0,0,0,0,0,0,0,0,0,0,0,0,0,0,0,0,0,0,0,0,0,0,0,0,0,0,0,0,0,0,0,0,0,0,0,0,0,0,0,0,0,0,0,0,0,0,0,0,0,0,0,0,0
BMW,4 Series,ICE,0,0,0,0,0,6625,3190,2940,2726,3295,3424,5601,1832,2683,4710,3226,3641,3184,2186,2285,2289,2853,3240,3634,1944,2812,3324,3882,3895,4494,2866,3412,3637,3181,2776,3411,1585,2124,3230,2473,2937,3409,2579,1955,3174,3191,2806,1916,2842,2685,1875,1214,1340,1738,1484,1072,1452,1030,998,891,460,592,1145,344,845,777,584,636,456,773,1131,1958,1016,1373,2396,2783,3053,1912,883,1472,1417,1492,2018,3122,1562,2492,3325,2928,2833,689,2946,2991,2037,2250,2451,2956,2274,2555,3768,3307,2150,2136,2760,2748,1070,1950,2006,2336,1167,1318,1825,3072,3332,3573,3475,2645,2374,2005,1567,2125,1343,1480,1929,2015,2022,1731,1125,1197,1026,1705,0,0
BMW,6 Series,ICE,511,1237,2434,313,351,238,311,258,265,369,398,1461,185,265,389,278,474,284,523,297,276,352,276,348,258,201,330,240,204,246,314,206,262,374,351,369,223,336,471,398,326,365,328,214,269,238,266,330,161,315,149,96,150,80,65,51,31,20,13,8,3,3,45,7,18,29,11,8,8,28,15,12,16,19,6,3,3,1,4,1,0,0,2,0,0,0,0,0,0,0,0,0,0,0,0,0,0,0,0,0,0,0,0,0,0,0,0,0,0,0,0,0,0,0,0,0,0,0,0,0,0,0,0,0,0,0,0,0,1,0,0,0
BMW,5 Series,HV,0,0,3,1,2,2,5,0,2,1,2,7,1,0,1,2,8,0,3,0,2,1,0,0,0,0,0,0,0,0,0,0,0,0,0,0,0,0,0,0,0,0,0,0,0,0,0,0,0,0,0,0,0,0,0,0,0,0,0,0,0,0,0,0,0,0,0,0,0,0,0,0,0,0,0,0,0,0,0,0,0,0,0,0,0,0,0,0,0,0,0,0,0,0,0,0,0,0,0,0,0,0,0,0,0,0,0,0,0,0,0,0,0,0,0,0,0,0,0,0,0,0,0,0,0,0,0,0,0,0,0,0
BMW,5 Series,ICE,3359,3606,5097,4293,4255,2963,2181,4012,4057,2692,4644,2978,3794,2758,3156,4452,3256,2847,3300,2606,1519,1461,1126,2115,749,2731,3161,3113,3530,3829,3370,3242,3207,2800,3130,4037,2232,2772,3708,2538,3034,3367,2369,2601,2490,2758,3224,3121,3570,2496,3096,2412,2528,5455,2087,1933,2266,2476,2384,2114,1112,1442,2092,573,1424,2030,1419,1377,2195,2718,3014,4581,1577,1981,2380,2269,2325,2096,1789,1468,1082,995,1282,3113,1505,1769,1866,1705,1662,386,1254,1125,1407,1332,1423,2360,1831,1885,2181,1851,2142,1439,753,454,98,317,714,2441,1331,1345,1957,2197,2075,2157,42,769,413,1550,1777,1714,1431,1620,2139,1509,1465,1275,1635,1755,1349,714,0,0
BMW,5 Series,PHV,0,0,0,0,0,0,0,0,0,0,0,0,0,0,0,0,0,0,0,0,0,0,0,0,0,0,0,0,147,239,343,345,511,596,872,706,224,413,689,518,729,942,735,838,980,971,1047,1635,109,480,594,445,714,804,434,601,340,361,391,619,326,423,0,172,423,150,106,102,164,204,226,344,117,172,206,196,201,181,154,198,146,110,141,344,148,174,183,188,134,91,220,198,373,352,378,626,515,530,594,681,712,478,271,61,96,74,166,143,0,0,0,0,0,0,0,0,0,0,0,0,146,118,126,70,120,80,149,143,279,282,0,0
BMW,7 Series,HV,4,0,5,0,0,1,0,1,0,0,0,1,1,0,0,0,0,0,0,0,5,22,18,0,0,0,0,0,0,0,0,0,0,0,0,0,0,0,0,0,0,0,0,0,0,0,0,0,0,0,0,0,0,0,0,0,0,0,0,0,0,0,0,0,0,0,0,0,0,0,0,0,0,0,0,0,0,0,0,0,0,0,0,0,0,0,0,0,0,0,0,0,0,0,0,0,0,0,0,0,0,0,0,0,0,0,0,0,0,0,0,0,0,0,0,0,0,0,0,0,0,0,0,0,0,0,0,0,0,0,0,0
BMW,7 Series,ICE,633,572,727,1507,943,831,916,89,134,618,1045,1265,846,616,850,872,1012,1408,1203,1230,1196,1111,1215,1290,527,588,893,871,491,582,742,511,892,764,668,1040,344,592,792,486,1015,726,670,585,679,544,577,956,448,836,971,562,1049,722,741,757,609,588,589,718,371,479,772,135,480,487,298,408,581,528,533,1034,389,632,846,539,707,711,399,775,890,526,407,753,388,504,563,470,469,398,444,310,240,165,425,1142,865,868,730,730,634,530,534,456,350,399,576,812,535,502,470,505,463,448,467,394,340,995,854,1018,455,501,647,761,757,650,653,694,550,396,0,0
BMW,7 Series,PHV,0,0,0,0,0,0,0,0,0,0,0,0,0,0,0,0,0,0,0,0,0,0,0,23,18,35,42,123,33,52,80,39,43,55,120,67,18,23,31,60,17,16,34,12,26,15,26,27,6,15,17,5,22,22,19,5,16,23,38,45,23,29,11,8,30,27,19,26,37,33,33,65,24,12,17,10,14,14,8,0,0,10,8,15,11,15,17,19,18,17,9,6,7,5,15,35,8,8,9,0,0,0,0,0,0,4,5,5,34,31,29,24,25,27,42,11,27,22,34,29,17,19,30,53,60,49,61,66,102,106,0,0
BMW,8 Series,ICE,0,0,0,0,0,0,0,0,0,0,0,0,0,0,0,0,0,0,0,0,0,0,0,0,0,0,0,0,0,0,0,0,0,0,0,0,0,0,0,0,0,0,0,0,0,0,0,223,99,138,364,275,321,325,228,271,374,421,528,1066,585,753,356,295,567,772,631,700,788,741,535,901,371,453,678,493,942,844,502,749,569,645,622,892,411,382,608,804,643,738,705,609,650,526,620,615,465,456,651,553,459,460,388,497,452,454,380,536,449,437,578,410,501,500,390,435,358,415,416,456,280,308,402,355,357,305,287,306,262,291,0,0
BMW,X7,ICE,0,0,0,0,0,0,0,0,0,0,0,0,0,0,0,0,0,0,0,0,0,0,0,0,0,0,0,0,0,0,0,0,0,0,0,0,0,0,0,0,0,0,0,0,0,0,0,0,0,0,2186,2291,2123,2214,1465,1741,1734,2047,2614,3159,1677,2242,663,537,1400,1796,1454,1461,1967,2169,2139,2736,1084,1706,1973,1963,2421,2132,1727,1615,1850,2043,1939,2593,1809,1989,2664,2497,2351,2858,1993,1963,1847,4425,2975,3335,1629,2226,2915,2150,2463,2561,1639,1996,2367,2625,2491,3735,1615,2245,3097,2344,2557,2493,1756,1958,1614,3213,3220,3520,2043,2251,2934,2613,2622,2244,2373,2524,2165,2820,0,0
BMW,XM,PHV,0,0,0,0,0,0,0,0,0,0,0,0,0,0,0,0,0,0,0,0,0,0,0,0,0,0,0,0,0,0,0,0,0,0,0,0,0,0,0,0,0,0,0,0,0,0,0,0,0,0,0,0,0,0,0,0,0,0,0,0,0,0,0,0,0,0,0,0,0,0,0,0,0,0,0,0,0,0,0,0,0,0,0,0,0,0,0,0,0,0,0,0,0,0,0,0,0,0,409,272,275,215,105,249,89,144,260,297,147,190,204,181,198,158,101,113,93,190,191,208,114,126,165,143,143,123,137,145,125,177,0,0
BMW,i3,EV,670,1089,922,406,818,551,935,792,1710,986,723,1422,182,248,332,814,696,608,1479,1013,391,442,629,791,382,318,703,516,506,567,601,504,538,686,283,672,382,623,992,503,424,580,464,418,461,424,490,356,255,350,359,331,439,473,304,385,467,359,918,214,112,145,0,41,85,83,131,220,265,253,187,200,91,116,133,136,192,183,199,150,77,156,20,23,8,1,0,0,0,0,0,0,0,0,0,0,0,0,0,0,0,0,0,0,0,0,0,0,0,1,0,0,0,0,0,0,0,0,0,0,0,0,0,0,0,0,0,0,1,0,0,0
BMW,i4,EV,0,0,0,0,0,0,0,0,0,0,0,0,0,0,0,0,0,0,0,0,0,0,0,0,0,0,0,0,0,0,0,0,0,0,0,0,0,0,0,0,0,0,0,0,0,0,0,0,0,0,0,0,0,0,0,0,0,0,0,0,0,0,0,0,0,0,0,0,0,0,0,0,0,0,0,0,0,0,0,0,0,0,0,0,0,0,0,90,57,49,519,526,358,1299,2350,2246,1076,963,1361,1511,2530,2131,2208,2309,2573,1056,2107,1892,958,1615,1964,383,363,364,289,1551,1085,1628,2074,1855,2014,2219,2892,2000,2007,1717,1671,1878,1611,2083,0,0
BMW,i5,EV,0,0,0,0,0,0,0,0,0,0,0,0,0,0,0,0,0,0,0,0,0,0,0,0,0,0,0,0,0,0,0,0,0,0,0,0,0,0,0,0,0,0,0,0,0,0,0,0,0,0,0,0,0,0,0,0,0,0,0,0,0,0,0,0,0,0,0,0,0,0,0,0,0,0,0,0,0,0,0,0,0,0,0,0,0,0,0,0,0,0,0,0,0,0,0,0,0,0,0,0,0,0,0,0,0,547,688,739,442,764,1033,449,474,437,785,153,346,1080,859,1167,537,591,771,501,503,430,724,742,802,655,0,0
BMW,i7,EV,0,0,0,0,0,0,0,0,0,0,0,0,0,0,0,0,0,0,0,0,0,0,0,0,0,0,0,0,0,0,0,0,0,0,0,0,0,0,0,0,0,0,0,0,0,0,0,0,0,0,0,0,0,0,0,0,0,0,0,0,0,0,0,0,0,0,0,0,0,0,0,0,0,0,0,0,0,0,0,0,0,0,0,0,0,0,0,0,0,0,0,0,0,0,179,105,52,95,250,125,110,182,138,524,375,436,463,538,233,298,460,386,365,303,74,245,170,212,343,299,251,277,360,286,288,246,218,206,274,236,0,0
BMW,i8,PHV,85,113,143,138,117,137,217,210,182,149,118,656,32,54,89,130,146,169,166,145,158,199,173,133,50,58,49,23,18,22,55,29,27,33,44,80,32,39,47,57,64,45,72,67,55,64,133,97,23,47,91,87,145,280,101,90,68,64,55,51,24,31,11,13,9,21,19,21,7,8,13,7,5,1,2,0,2,0,0,0,2,1,3,2,3,0,1,0,0,1,0,0,0,0,0,0,0,0,0,0,0,0,0,0,0,0,0,0,0,0,0,0,0,0,0,0,0,0,0,0,0,0,0,0,0,0,0,0,0,0,0,0
BMW,N/A,ICE,0,0,0,0,0,0,0,0,0,0,0,0,0,0,0,0,0,0,0,0,0,0,0,0,0,0,0,0,0,0,0,0,0,0,0,0,0,0,0,0,0,0,0,0,0,0,0,0,0,0,0,0,0,0,0,0,0,0,0,0,0,0,0,0,0,0,0,0,0,0,0,0,0,0,0,0,0,0,0,0,0,0,0,0,0,0,0,0,0,0,0,0,0,0,0,0,0,0,0,0,0,0,0,0,0,0,0,0,0,0,0,0,0,0,0,0,0,0,0,1,0,0,0,0,0,0,0,0,0,0,0,0
BMW,X1,ICE,518,885,1358,886,1140,1118,1189,2317,847,601,1792,1769,1937,1418,3145,1447,2210,1982,2130,1440,2463,2710,2745,4185,2351,2050,2896,1872,2489,3221,1824,2002,2332,2537,2798,4454,1677,2857,3717,2501,2475,3024,1812,2309,1914,1497,1866,3411,941,1445,3470,1618,659,3,700,1710,2127,1643,1711,1788,954,1240,1939,359,819,1019,876,1109,1658,1141,1064,2117,1025,1272,1671,1790,2175,2089,1562,1104,847,1410,1414,1894,834,579,790,605,636,450,341,80,44,27,1065,1652,1169,91,1911,1193,1469,1370,1481,2200,2018,1547,2569,4024,2284,1945,1783,1512,2105,1988,1845,2057,1695,3258,3265,3569,1953,2152,2804,2241,2249,1923,2405,2558,2195,1820,0,0
BMW,X2,ICE,0,0,0,0,0,0,0,0,0,0,0,0,0,0,0,0,0,0,0,0,0,0,0,0,0,0,0,0,0,0,0,0,0,0,0,0,0,0,947,1069,1803,2150,1383,1111,2444,1510,2283,1454,616,1256,1079,822,1158,891,686,532,1295,829,1036,1093,582,755,949,184,563,779,558,546,648,528,366,687,396,440,501,459,746,825,490,507,509,510,500,682,297,300,238,151,177,402,309,196,241,170,108,52,43,16,19,15,27,21,17,14,4,10,3,2,3,3,554,331,348,219,233,259,214,470,471,514,369,407,531,602,604,516,626,666,571,380,0,0
BMW,X3,ICE,1341,3124,1541,2401,2575,2301,2340,2127,3033,3028,4987,3126,2002,3733,4476,2422,3295,3900,2678,4668,3829,3680,4535,4978,3154,4020,6395,3204,4011,3566,2657,2918,2202,1194,3087,4283,2954,3281,4547,3865,4737,5366,4285,6344,6446,5564,5451,8511,3135,4706,6727,4321,6186,7052,5690,6360,5943,5952,5948,8090,4272,5552,790,1286,3255,4175,4345,4966,6200,6790,6877,8699,3385,4919,5707,5770,7119,6605,5811,4823,5153,5784,6172,8380,4394,4100,4897,5845,4894,7971,6396,6194,5863,4682,5023,4990,4020,4899,6189,2902,4665,5070,3928,4849,5892,6099,6649,8010,3963,5319,7206,5738,5847,6516,5050,5629,4640,6098,6111,6681,3176,3499,4560,6217,6239,5338,7049,7498,6433,5097,0,0
BMW,X3,PHV,0,0,0,0,0,0,0,0,0,0,0,0,0,0,0,0,0,0,0,0,0,0,0,0,0,0,0,0,0,0,0,0,0,0,0,0,0,0,0,0,0,0,0,0,0,0,0,0,0,0,0,0,0,0,0,0,0,0,0,0,0,0,0,0,0,0,228,261,326,357,361,457,178,370,429,434,704,653,574,657,702,435,464,630,400,150,0,0,0,0,0,0,0,0,0,0,0,0,0,0,0,0,0,0,0,0,0,0,0,0,0,0,0,0,0,0,0,0,0,0,0,0,0,0,0,0,0,0,0,0,0,0
BMW,X4,ICE,396,466,599,920,375,390,407,453,475,492,572,884,262,522,689,364,371,407,329,432,400,409,405,399,211,282,395,291,406,561,336,503,509,625,541,538,387,517,513,193,106,70,406,314,296,428,481,612,406,453,577,638,679,864,752,517,948,695,896,1333,703,912,173,213,519,606,464,479,677,797,850,1249,407,514,761,764,1043,862,754,955,811,959,1222,1568,810,716,760,931,770,985,538,707,413,745,1025,1397,646,852,958,599,548,766,438,746,794,852,983,1354,717,788,881,788,804,708,925,1031,849,803,805,879,404,446,581,578,580,497,613,653,560,103,0,0
BMW,X5,ICE,3214,4149,4388,4095,5797,7508,6011,2803,2525,4292,3798,5643,2403,3497,3304,3116,3872,3435,2095,3245,3267,3479,4257,5676,3014,3625,4499,3109,3665,4101,2523,2762,3642,3925,4586,6015,2969,3410,4213,3237,3646,4034,2419,2080,1734,1298,5048,7254,3069,4355,4458,3780,4204,4473,3804,4522,4339,4444,5359,7757,4123,5358,1145,1207,3069,3747,3491,4016,5276,4931,4961,8598,3139,3926,4578,4650,5295,4814,3389,3213,4267,3798,4610,6276,4662,4253,5636,5481,4967,4488,4929,5349,6268,6961,6604,7103,3050,4252,5586,4596,4957,4897,2952,5192,5910,5960,5447,7666,3246,4379,6040,4913,5005,4796,3800,4425,3544,6420,6434,6517,3722,3871,4889,4346,4120,3095,4350,4640,4135,3495,0,0
BMW,X5,PHV,0,0,0,0,0,0,0,0,0,0,167,607,181,345,313,655,500,583,649,876,482,406,436,569,262,275,397,291,433,488,463,317,333,329,929,832,261,596,627,563,499,321,236,145,130,81,143,69,23,5,2,1,0,0,0,0,0,0,0,0,0,0,12,0,0,10,0,0,47,44,45,78,28,475,554,563,640,582,410,540,717,1102,1338,1821,617,563,746,1509,1125,1479,1431,1553,1547,1718,1630,1753,1179,1644,1604,1487,1327,1311,682,676,574,531,485,608,298,404,556,1323,1348,1292,296,141,219,2077,2081,2794,1207,1559,2190,1296,1543,1750,1792,1894,1471,1681,0,0
BMW,X6,ICE,433,403,587,522,565,1448,393,443,333,560,672,1547,385,624,635,608,712,571,405,580,604,590,609,794,429,469,630,561,547,617,362,345,450,566,799,1005,535,721,763,592,600,511,371,456,565,569,696,483,595,859,646,424,351,170,113,72,45,26,382,557,293,378,580,263,405,531,489,605,901,964,789,1113,483,685,870,828,880,866,469,625,969,786,850,1280,839,734,1195,863,938,830,1126,1380,1305,1460,1449,1557,625,796,865,766,985,861,651,819,693,896,902,1218,454,403,677,781,795,623,646,721,594,1222,1225,1340,744,820,1069,723,726,621,1061,1129,968,1071,0,0
BMW,Z4,ICE,94,286,422,87,78,105,118,123,96,86,81,253,42,55,120,104,126,104,124,101,99,78,159,75,70,88,111,186,14,12,14,3,3,1,0,0,2,0,0,0,0,0,0,0,0,1,1,0,0,0,201,271,424,417,288,285,247,310,265,233,122,158,345,147,277,366,306,241,173,93,44,59,55,42,98,223,248,225,279,275,279,214,194,235,86,111,82,78,73,326,175,144,128,144,78,142,92,75,231,243,259,222,125,109,97,91,164,175,76,122,205,183,161,181,179,200,164,212,213,233,147,162,211,191,192,164,180,192,164,103,0,0
BMW,iX,EV,0,0,0,0,0,0,0,0,0,0,0,0,0,0,0,0,0,0,0,0,0,0,0,0,0,0,0,0,0,0,0,0,0,0,0,0,0,0,0,0,0,0,0,0,0,0,0,0,0,0,0,0,0,0,0,0,0,0,0,0,0,0,0,0,0,0,0,0,0,0,0,0,0,0,0,0,0,0,0,0,0,0,0,0,0,0,347,234,265,582,351,995,381,528,962,1020,741,28,1582,1332,1388,1415,1821,2013,1707,1078,1004,3192,790,766,1389,1199,1290,1056,1542,1719,1418,1360,1363,1491,1025,1129,1472,1089,1093,934,1054,1121,961,816,0,0
Buick,Cascada,ICE,0,0,0,0,0,0,0,0,0,0,0,0,88,495,814,1090,829,755,633,622,470,361,367,629,312,632,498,692,610,711,422,364,284,350,312,408,202,299,417,345,497,522,381,370,350,371,205,167,185,171,390,479,412,421,177,104,119,56,14,7,1,4,2,0,0,4,0,0,1,0,0,0,0,0,0,0,0,7,0,0,0,0,0,0,0,0,0,0,0,0,0,0,0,0,0,0,0,0,0,0,0,0,0,0,0,0,0,0,0,0,0,0,0,0,0,0,0,0,0,0,0,0,0,0,0,0,0,0,0,0,0,0
Buick,Enclave,ICE,3497,3620,5684,4451,5632,5186,6594,7389,4732,4702,4658,5936,3692,4126,5116,4523,3200,3597,7249,5227,3973,4017,3508,3800,2692,2973,3772,3582,3017,3412,4206,3766,3991,5243,6584,5326,2715,3143,4011,3966,4279,4586,4084,4467,4256,5929,4044,4447,3737,3837,5006,4373,4481,6305,5014,4499,3761,3191,3529,3423,2835,3636,2281,1729,2885,2839,2931,3285,3721,4187,3753,4398,3218,2956,4443,4532,5173,5391,3959,1755,1909,2496,3839,2291,2266,1858,2901,2600,2404,2881,2464,2647,2793,2524,2264,2931,2703,2770,3330,2804,2775,3547,3324,3192,4037,2328,3569,5032,2386,2696,3019,2316,2003,1567,1207,2056,1898,2403,2172,2677,2873,3115,5079,3772,3063,2483,2295,3169,2775,2851,0,0
Buick,Encore,ICE,3465,4921,5650,5587,5400,5526,6826,6286,5624,6633,5133,6498,4920,5873,6426,6589,6522,6091,6923,5843,7297,7164,7162,7755,5258,6528,8293,8365,7324,6563,6488,7682,8262,8972,6248,8052,4645,5705,15118,8679,6392,7784,7071,7483,6558,6399,8133,8794,7231,7563,9812,7728,8487,8076,7397,9538,8073,9719,9511,9267,6061,5091,3106,2317,3765,3951,4649,3735,2759,2241,1636,2461,1583,1880,2766,3130,3110,2786,2060,1318,634,452,241,112,484,878,1258,1811,1368,1945,1644,1220,623,789,744,954,786,1028,1165,867,695,523,413,183,105,44,42,36,18,20,17,11,3,57,0,0,0,0,0,0,0,0,0,0,0,0,0,0,0,0,0,0
Buick,Encore GX,ICE,0,0,0,0,0,0,0,0,0,0,0,0,0,0,0,0,0,0,0,0,0,0,0,0,0,0,0,0,0,0,0,0,0,0,0,0,0,0,0,0,0,0,0,0,0,0,0,0,0,0,0,0,0,0,0,0,0,0,0,0,0,1252,1329,1458,3084,4714,5479,5635,4905,5496,4901,6568,4365,4910,9160,10001,9854,6389,6329,5780,4391,4068,3693,2307,1648,1845,1889,2001,2671,4417,2703,3413,3709,3647,2400,3005,3393,3718,5168,5576,6163,6316,7540,6971,5549,4521,4923,4311,3367,3944,6053,4862,5953,5792,4705,5934,4036,4746,4245,4602,5587,6223,8598,6716,5614,3240,3290,3201,2631,3082,0,0
Buick,Envision,ICE,0,0,0,0,0,0,0,0,0,0,0,0,0,0,0,0,89,1437,1421,1531,1648,2351,1785,3931,2187,3139,3584,4297,4406,5007,2812,2726,2300,2298,2228,6056,2487,2842,4367,2161,3110,2010,1624,2230,1949,2134,2397,3004,1989,2034,3600,2659,3112,3367,2821,2775,2492,2715,2965,2700,2323,2856,1753,1382,2850,3649,4123,4181,3351,2989,2422,3063,2772,3011,4693,5023,5500,5003,2930,3649,4583,4389,2234,2663,994,1043,2081,3287,2037,1459,1264,2746,3297,2230,2459,2974,3997,4568,5512,5207,4087,4192,2534,2163,2582,2566,2836,4037,3271,4481,5451,3571,2856,2230,3183,3947,5435,4566,3620,4729,4146,5152,6187,5442,4369,3441,2934,2901,2298,2089,0,0
Buick,Envista,ICE,0,0,0,0,0,0,0,0,0,0,0,0,0,0,0,0,0,0,0,0,0,0,0,0,0,0,0,0,0,0,0,0,0,0,0,0,0,0,0,0,0,0,0,0,0,0,0,0,0,0,0,0,0,0,0,0,0,0,0,0,0,0,0,0,0,0,0,0,0,0,0,0,0,0,0,0,0,0,0,0,0,0,0,0,0,0,0,0,0,0,0,0,0,0,0,0,0,0,0,0,0,0,0,1792,3593,2438,2723,2756,2269,3370,4023,4068,5658,4498,4813,5760,4431,4570,3974,3882,4071,4959,5832,5088,6094,4911,5188,5823,4275,4078,0,0
Buick,LaCrosse,HV,326,514,497,531,498,341,322,275,200,199,194,145,118,87,83,115,42,60,55,60,35,53,31,26,18,12,22,12,9,25,0,5,4,44,300,55,454,567,558,256,135,143,87,119,112,123,152,110,264,173,204,112,96,114,86,69,43,47,33,44,25,15,5,4,2,22,0,0,0,0,0,0,0,0,0,0,2,2,0,0,0,0,0,0,0,0,0,0,0,0,0,0,0,0,0,0,0,0,0,0,0,0,0,0,0,0,0,0,0,0,0,0,0,0,0,0,0,0,0,0,0,0,0,0,0,0,0,0,0,0,0,0
Buick,LaCrosse,ICE,1697,3237,3928,3054,3456,2631,3129,4233,3680,2778,3157,3013,3939,2556,2192,1698,1645,1428,2304,1538,1874,2447,2396,2800,1289,1336,2308,1971,3174,2132,1028,1193,1096,1364,1434,1330,2552,1422,1513,954,1323,1344,665,575,732,720,531,482,770,777,714,594,541,1030,382,510,299,205,77,57,42,36,15,3,5,35,2,0,5,3,3,8,2,0,6,0,1,5,0,0,0,0,0,0,0,0,0,0,0,0,0,0,0,0,0,0,0,0,0,0,0,0,0,0,0,0,0,0,0,0,0,0,0,0,0,0,0,0,0,0,0,0,0,0,0,0,0,0,0,0,0,0
Buick,Regal,HV,12,20,21,28,23,17,8,16,13,11,9,8,3,7,7,14,7,4,2,0,0,0,0,1,3,0,1,0,1,1,0,0,0,0,0,0,0,0,0,0,0,0,0,0,0,0,0,0,0,0,0,0,0,0,0,0,0,0,0,0,0,0,0,0,0,0,0,0,0,0,0,0,0,0,0,0,0,0,0,0,0,0,0,0,0,0,0,0,0,0,0,0,0,0,0,0,0,0,0,0,0,0,0,0,0,0,0,0,0,0,0,0,0,0,0,0,0,0,0,0,0,0,0,0,0,0,0,0,0,0,0,0
Buick,Regal,ICE,780,1669,1880,1619,1807,1511,1533,1434,1715,1644,1163,2563,2650,1601,1269,1292,1221,1178,2305,2205,1696,1317,1746,1308,948,1023,1333,1143,1042,987,874,932,702,783,781,1005,568,2318,822,980,2429,1073,935,867,991,966,956,1188,1100,990,1318,937,903,1145,808,906,742,488,431,595,411,509,282,209,287,326,220,115,66,28,13,18,6,6,7,4,5,9,1,0,1,2,0,2,0,0,1,0,0,48,0,0,0,0,0,0,0,0,0,0,0,0,0,0,0,0,0,0,0,0,0,0,0,0,0,0,0,0,0,0,0,0,0,0,0,0,0,0,0,0,0,0
Buick,Verano,ICE,2776,3437,2866,2954,3246,2319,2379,2648,2377,2693,1646,2545,2859,3066,2300,2399,2070,2025,2068,4652,3929,2336,1535,1038,410,488,1146,673,494,461,136,143,98,88,87,53,25,26,28,29,31,59,1,1,3,0,3,2,0,0,2,0,0,1,0,0,0,0,0,0,0,0,0,0,0,0,0,0,0,0,0,0,0,0,0,0,0,0,0,0,0,0,0,0,0,0,0,0,0,0,0,0,0,0,0,0,0,0,0,0,0,0,0,0,0,0,0,0,0,0,0,0,0,0,0,0,0,0,0,0,0,0,0,0,0,0,0,0,0,0,0,0
Cadillac,ATS,ICE,1757,2028,2039,2119,2353,2211,1588,2449,2295,2528,2055,3451,1067,1591,1859,1737,1630,1880,2119,2477,1770,1593,1490,2292,974,1005,1367,1405,1273,1185,777,1012,1249,929,831,1093,1155,1388,1419,1090,1205,1504,972,757,552,327,179,325,184,171,167,133,97,141,52,56,50,44,20,19,10,20,17,9,7,30,6,6,5,1,2,3,1,0,3,0,0,13,0,0,0,0,0,0,0,0,0,0,0,0,0,0,0,0,0,0,0,0,0,0,0,0,0,0,0,0,0,0,0,0,0,0,0,0,0,0,0,0,0,0,0,0,0,0,0,0,0,0,0,0,0,0
Cadillac,CT4,ICE,0,0,0,0,0,0,0,0,0,0,0,0,0,0,0,0,0,0,0,0,0,0,0,0,0,0,0,0,0,0,0,0,0,0,0,0,0,0,0,0,0,0,0,0,0,0,0,0,0,0,0,0,0,0,0,0,0,0,0,0,0,0,41,114,218,259,447,433,656,777,825,1119,720,783,1124,995,788,520,356,283,288,439,427,530,381,445,1067,973,644,1000,894,1009,678,612,885,683,815,889,1008,929,876,919,533,598,772,557,566,682,501,548,685,619,648,501,475,526,397,464,384,460,333,385,496,440,546,444,468,495,459,457,0,0
Cadillac,CT5,ICE,0,0,0,0,0,0,0,0,0,0,0,0,0,0,0,0,0,0,0,0,0,0,0,0,0,0,0,0,0,0,0,0,0,0,0,0,0,0,0,0,0,0,0,0,0,0,0,0,0,0,0,0,0,0,0,0,0,0,0,43,720,1403,877,460,1036,1079,1247,1325,1429,1526,1652,1957,1286,1373,1715,1202,747,502,327,244,240,421,605,784,537,1139,1667,1626,862,1683,1000,797,1194,1746,1878,1767,1477,1662,1454,1734,1878,1784,1438,1421,1549,1455,1265,1476,1046,842,1134,1345,1326,1170,1262,1478,1388,1406,1183,1281,1317,1253,1411,1420,1577,1190,1361,1481,1158,1379,0,0
Cadillac,CT6,ICE,0,0,0,0,0,0,0,0,0,0,0,0,0,0,35,285,697,962,827,1242,1343,1316,1169,1293,634,802,968,972,985,994,868,833,958,769,748,806,622,821,977,704,638,1023,758,815,757,747,728,845,635,670,872,616,603,619,530,574,515,451,829,995,669,706,348,166,279,372,206,135,81,56,35,54,20,20,27,11,17,76,1,0,1,0,0,1,0,0,1,0,0,22,0,0,0,0,0,0,0,0,0,0,0,0,0,0,0,0,0,0,0,0,0,0,0,0,0,0,0,0,0,0,0,0,0,0,0,0,0,0,0,0,0,0
Cadillac,CT6,PHV,0,0,0,0,0,0,0,0,0,0,0,0,0,0,0,0,0,0,0,0,0,0,0,0,0,0,0,6,16,20,22,23,27,27,29,35,6,24,17,42,30,18,16,11,19,18,16,44,1,2,8,9,5,10,0,2,4,0,0,1,0,0,2,0,0,8,0,0,0,0,0,0,0,0,0,0,0,0,0,0,0,0,0,0,0,0,0,0,0,0,0,0,0,0,0,0,0,0,0,0,0,0,0,0,0,0,0,0,0,0,0,0,0,0,0,0,0,0,0,0,0,0,0,0,0,0,0,0,0,0,0,0
Cadillac,CTS,ICE,1698,1438,1500,1726,1792,1535,1515,1730,1319,1567,1224,2441,1013,1461,1499,1335,1082,1516,1313,1426,1503,1024,1042,1697,691,913,882,873,854,846,786,1200,1059,779,656,805,662,886,894,732,928,916,1275,1425,995,816,776,850,710,785,933,962,789,692,408,416,304,257,336,373,69,55,36,19,42,107,52,50,46,52,33,50,17,18,24,12,10,81,0,0,0,0,0,0,0,0,0,0,0,0,0,0,0,0,0,0,0,0,0,0,0,0,0,0,0,0,0,0,0,0,0,0,0,0,0,0,0,0,0,0,0,0,0,0,0,0,0,0,0,0,0,0
Cadillac,ELR,PHV,92,127,92,104,116,62,66,45,36,82,67,135,67,91,104,95,45,94,15,6,6,3,5,3,3,0,2,2,0,7,2,1,0,0,0,0,0,0,0,0,0,2,0,0,0,0,0,0,0,0,0,0,0,0,0,0,0,0,0,0,0,0,0,0,0,0,0,0,0,0,0,0,0,0,0,0,0,0,0,0,0,0,0,0,0,0,0,0,0,0,0,0,0,0,0,0,0,0,0,0,0,0,0,0,0,0,0,0,0,0,0,0,0,0,0,0,0,0,0,0,0,0,0,0,0,0,0,0,0,0,0,0
Cadillac,Lyriq,EV,0,0,0,0,0,0,0,0,0,0,0,0,0,0,0,0,0,0,0,0,0,0,0,0,0,0,0,0,0,0,0,0,0,0,0,0,0,0,0,0,0,0,0,0,0,0,0,0,0,0,0,0,0,0,0,0,0,0,0,0,0,0,0,0,0,0,0,0,0,0,0,0,0,0,0,0,0,0,0,0,0,0,0,0,0,0,0,0,0,0,2,15,19,0,54,32,233,449,286,422,452,474,1482,943,593,904,998,1918,1944,1888,1968,1755,3214,2325,2391,2272,2561,2333,2770,2981,1172,1407,1721,1660,1769,1588,1709,2486,3114,2083,0,0
Cadillac,Optiq,EV,0,0,0,0,0,0,0,0,0,0,0,0,0,0,0,0,0,0,0,0,0,0,0,0,0,0,0,0,0,0,0,0,0,0,0,0,0,0,0,0,0,0,0,0,0,0,0,0,0,0,0,0,0,0,0,0,0,0,0,0,0,0,0,0,0,0,0,0,0,0,0,0,0,0,0,0,0,0,0,0,0,0,0,0,0,0,0,0,0,0,0,0,0,0,0,0,0,0,0,0,0,0,0,0,0,0,0,0,0,0,0,0,0,0,0,0,0,0,0,0,145,402,1169,1118,1000,1106,1401,1527,1958,894,0,0
Cadillac,SRX,ICE,3485,3809,5000,6390,5777,5746,6753,6903,6849,6020,5087,7031,4778,4017,4071,2952,1774,1482,1307,965,440,118,111,124,67,21,16,19,6,17,1,5,0,1,2,1,0,1,1,0,0,3,0,0,0,0,0,0,0,0,0,0,0,0,0,0,0,0,0,0,0,0,0,0,0,0,0,0,0,0,0,0,0,0,0,0,0,0,0,0,0,0,0,0,0,0,0,0,0,0,0,0,0,0,0,0,0,0,0,0,0,0,0,0,0,0,0,0,0,0,0,0,0,0,0,0,0,0,0,0,0,0,0,0,0,0,0,0,0,0,0,0
Cadillac,XT4,ICE,0,0,0,0,0,0,0,0,0,0,0,0,0,0,0,0,0,0,0,0,0,0,0,0,0,0,0,0,0,0,0,0,0,0,0,0,0,0,0,0,0,0,0,0,212,1812,2816,2945,1975,2287,2764,2419,2346,2315,2650,3870,2466,2560,3045,3290,2024,2066,1072,803,1445,1730,1729,1885,2731,2343,1993,2652,1854,1927,1673,1002,927,583,296,152,119,238,1358,1450,980,1180,1541,1931,1507,1994,1964,1924,1950,2193,2044,2566,2200,1988,2585,2272,1605,1857,1533,1649,2118,1263,1192,2445,1479,1597,1803,1692,1866,1596,1692,1995,1968,2283,2157,2277,1484,1390,1901,1671,1405,934,811,626,352,234,0,0
Cadillac,XT5,ICE,0,0,0,0,0,0,0,0,0,0,0,0,0,0,0,304,2719,4185,4951,4929,4608,4989,5364,7436,3883,4291,5280,5501,5752,5091,5504,7236,7302,5961,5623,6888,3989,4668,6188,5813,6130,5205,4574,5525,4994,4354,3914,5314,3835,4211,5232,4485,3964,4669,3907,4535,3873,3200,3917,4051,3243,4041,1739,1443,2040,2300,2626,3046,3795,3726,3238,3986,2514,2755,3504,3416,3857,3300,2544,1416,1546,1204,1201,1123,1352,1959,1682,2197,2088,2356,2206,2375,2679,2747,2507,3192,1939,2442,2904,2544,2286,1985,1798,2580,1834,1743,2012,2741,1817,2233,2225,1987,1951,1952,1660,2037,1982,2256,3059,3273,1693,1968,2692,2312,2192,1870,1848,2126,1797,1985,0,0
Cadillac,XT6,ICE,0,0,0,0,0,0,0,0,0,0,0,0,0,0,0,0,0,0,0,0,0,0,0,0,0,0,0,0,0,0,0,0,0,0,0,0,0,0,0,0,0,0,0,0,0,0,0,0,0,0,0,0,0,74,998,1583,1735,1806,2185,3178,1884,2060,1130,847,1237,2047,2037,2176,2036,2162,2039,2954,1743,2093,2154,2162,2362,2627,2233,1095,1253,898,1172,870,822,1593,1365,1824,1591,2184,1714,1626,1673,1891,1906,1864,1349,1627,1786,1464,1974,1867,1555,1421,1121,1221,1490,2244,1277,1630,1699,1599,1419,1421,1247,1646,1449,1694,2803,2341,1485,1433,1860,1769,1703,1387,1260,1408,1160,1153,0,0
Cadillac,XTS,ICE,1882,1960,2367,2225,1709,1447,1302,1531,1600,2043,1976,3070,1813,1813,2247,1521,1209,1184,926,2264,1948,1464,2653,3129,1849,1345,1484,914,778,1000,541,1712,1300,2190,1938,1224,1220,1943,1735,1566,1277,889,1117,1418,1566,2099,1895,1069,1434,1334,966,1409,1961,1989,381,393,375,350,293,419,200,145,128,58,77,129,86,73,83,84,55,81,33,24,30,11,6,28,0,0,0,0,0,0,0,0,0,0,0,0,0,0,0,0,0,0,0,0,0,0,0,0,0,0,0,0,0,0,0,0,0,0,0,0,0,0,0,0,0,0,0,0,0,0,0,0,0,0,0,0,0,0
Cadillac,Escalade,EV,0,0,0,0,0,0,0,0,0,0,0,0,0,0,0,0,0,0,0,0,0,0,0,0,0,0,0,0,0,0,0,0,0,0,0,0,0,0,0,0,0,0,0,0,0,0,0,0,0,0,0,0,0,0,0,0,0,0,0,0,0,0,0,0,0,0,0,0,0,0,0,0,0,0,0,0,0,0,0,0,0,0,0,0,0,0,0,0,0,0,0,0,0,0,0,0,0,0,0,0,0,0,0,0,0,0,0,0,0,0,0,0,0,0,0,0,0,0,21,649,847,535,574,600,643,567,608,800,856,659,0,0
Cadillac,Escalade,HV,1,2,1,0,0,3,0,0,0,0,0,0,0,0,0,0,0,0,0,0,0,0,0,0,0,0,0,0,0,0,0,0,0,0,0,0,0,0,0,0,0,0,0,0,0,0,0,0,0,0,0,0,0,0,0,0,0,0,0,0,0,0,0,0,0,0,0,0,0,0,0,0,0,0,0,0,0,0,0,0,0,0,0,0,0,0,0,0,0,0,0,0,0,0,0,0,0,0,0,0,0,0,0,0,0,0,0,0,0,0,0,0,0,0,0,0,0,0,0,0,0,0,0,0,0,0,0,0,0,0,0,0
Cadillac,Escalade,ICE,2765,2375,2757,3237,2661,2511,2930,3080,2809,3151,2981,4659,2002,2867,3238,3007,2943,2960,2883,3037,3750,3441,3492,5472,2197,2446,2862,2608,3547,3420,2726,2994,3635,3275,3532,4452,2241,2607,3263,3086,3412,3226,2625,3579,3329,2826,3078,3669,1737,2650,2432,3073,3231,3128,3842,3552,2890,2760,3008,3121,1974,2486,1160,970,1661,2304,1646,1464,1428,2133,3160,4161,2853,3247,3742,3316,3883,3675,4197,2314,3614,3258,2191,4215,3825,3264,3416,3054,2576,3591,3086,3464,3403,3729,3571,3268,2648,2274,4306,3529,3529,4497,3218,3587,3895,3371,2893,3942,2593,3192,3350,3590,3447,3032,2617,3062,3109,3106,3030,6873,4875,3781,4027,3974,4348,3370,3977,3891,3464,4344,0,0
Cadillac,Vistiq,EV,0,0,0,0,0,0,0,0,0,0,0,0,0,0,0,0,0,0,0,0,0,0,0,0,0,0,0,0,0,0,0,0,0,0,0,0,0,0,0,0,0,0,0,0,0,0,0,0,0,0,0,0,0,0,0,0,0,0,0,0,0,0,0,0,0,0,0,0,0,0,0,0,0,0,0,0,0,0,0,0,0,0,0,0,0,0,0,0,0,0,0,0,0,0,0,0,0,0,0,0,0,0,0,0,0,0,0,0,0,0,0,0,0,0,0,0,0,0,0,0,0,0,1,270,703,771,934,1264,1726,704,0,0
Chevrolet,Blazer,EV,0,0,0,0,0,0,0,0,0,0,0,0,0,0,0,0,0,0,0,0,0,0,0,0,0,0,0,0,0,0,0,0,0,0,0,0,0,0,0,0,0,0,0,0,0,0,0,0,0,0,0,0,0,0,0,0,0,0,0,0,0,0,0,0,0,0,0,0,0,0,0,0,0,0,0,0,0,0,0,0,0,0,0,0,0,0,0,0,0,0,0,0,0,0,0,0,0,0,0,0,0,0,0,5,14,175,176,112,0,0,600,1325,2706,2603,2626,2983,2389,2395,2869,2619,1534,1782,2871,2288,2296,1965,1932,2512,3645,948,0,0
Chevrolet,Blazer,ICE,0,0,0,0,0,0,0,0,0,0,0,0,0,0,0,0,0,0,0,0,0,0,0,0,0,0,0,0,0,0,0,0,0,0,0,0,0,0,0,0,0,0,0,0,0,0,0,0,552,992,1479,1992,4634,5146,5731,7497,7084,7661,8485,6862,7191,9249,5707,4800,8096,6830,10220,10567,8699,6573,7004,9666,5418,6377,7470,8454,8350,3786,6424,2791,1269,2378,5751,11857,6642,5211,6955,7498,3702,3096,5559,7506,4446,4248,5385,6998,5251,4181,5831,6457,5333,6290,6053,4218,5244,4621,4707,7325,4986,5299,6310,5305,4140,3448,4088,4175,2794,3638,4071,4322,3347,4697,6466,5452,3541,4125,4444,4240,2363,1632,0,0
Chevrolet,BrightDrop 400,EV,0,0,0,0,0,0,0,0,0,0,0,0,0,0,0,0,0,0,0,0,0,0,0,0,0,0,0,0,0,0,0,0,0,0,0,0,0,0,0,0,0,0,0,0,0,0,0,0,0,0,0,0,0,0,0,0,0,0,0,0,0,0,0,0,0,0,0,0,0,0,0,0,0,0,0,0,0,0,0,0,0,0,0,0,0,0,0,0,0,0,0,0,0,0,0,0,0,0,0,0,0,0,0,0,0,0,0,0,0,0,0,0,0,0,0,0,0,0,0,0,17,39,43,56,90,84,150,595,205,359,0,0
Chevrolet,BrightDrop 600,EV,0,0,0,0,0,0,0,0,0,0,0,0,0,0,0,0,0,0,0,0,0,0,0,0,0,0,0,0,0,0,0,0,0,0,0,0,0,0,0,0,0,0,0,0,0,0,0,0,0,0,0,0,0,0,0,0,0,0,0,0,0,0,0,0,0,0,0,0,0,0,0,0,0,0,0,0,0,0,0,0,0,0,0,0,0,0,0,0,0,0,0,0,0,0,0,0,0,0,0,0,0,0,0,0,0,0,0,0,0,0,0,0,0,0,0,0,0,0,0,0,78,35,62,75,478,535,777,473,184,190,0,0
Chevrolet,C/K Suburban,ICE,4130,4436,3310,4139,4375,2996,4309,4499,3521,3585,5216,6350,3270,3584,3825,4269,3997,3970,5055,5737,5575,6650,6577,7573,5634,3922,3889,3228,3946,4284,3392,4777,5887,6246,5523,5788,5288,5004,4433,4336,5735,5206,4092,5676,5804,6499,3883,4818,1928,4496,4605,4562,7069,6635,4124,5522,2745,2492,3510,4240,3994,4151,1350,1952,2268,2796,2563,2040,2945,4824,3936,4817,3692,3659,3792,3863,5202,4308,3900,2455,3312,4453,4857,4721,3330,3304,5790,2528,2924,3445,3918,5209,4458,5728,4525,5792,4567,3561,5804,6278,5174,5209,3574,4385,4124,3676,2696,3772,2274,3372,4038,4461,4020,3298,2881,3269,2899,3344,4429,6113,3757,4716,5121,6256,5554,4533,4560,4486,3560,4808,0,0
Chevrolet,Camaro,ICE,4991,6373,5956,6909,9753,8611,7469,6236,5246,5289,5303,5366,5551,6151,6879,7457,5827,4969,5520,5604,6577,6277,4893,7000,3588,4658,7052,8737,7841,4691,4713,5017,7430,5674,4737,3802,2867,3680,5245,3411,5315,4770,3483,4961,6004,3723,3619,3793,2868,3954,5261,4226,4210,3997,3831,4875,3569,2744,4467,4263,2227,2722,2236,2370,2597,1708,2140,2899,3327,2673,2107,2769,2099,1925,3065,1673,471,648,1031,1642,2530,2839,2270,1700,1603,2334,2773,1383,1378,1784,2448,2643,2831,2261,1641,1573,1840,2288,3652,3340,3010,3207,2629,2583,2139,2230,2047,2063,1337,1132,1105,745,581,406,232,161,51,55,37,17,23,16,19,17,30,64,2,2,0,4,0,0
Chevrolet,Bolt,EV,0,0,0,0,0,0,0,0,0,0,0,0,0,0,0,0,0,0,0,0,0,0,0,579,1162,952,978,1292,1566,1642,1971,2107,2632,2781,2987,3227,1177,1424,1774,1045,1174,1371,1077,1325,1547,1710,2062,2440,898,1100,2318,922,1590,1453,1322,1640,1868,1025,1101,1181,3188,1802,883,666,915,917,1065,1342,3275,2586,1642,2473,1698,2123,5204,4244,4243,2370,1632,508,34,2,9,6,7,15,50,403,797,1361,822,1548,1160,1366,1296,2204,2497,2113,2282,1690,1731,2020,2060,2664,2318,1729,1048,1012,1025,595,537,340,171,111,40,18,6,7,2,6,2,1,0,2,11,20,0,0,0,0,0,0
Chevrolet,Bolt EUV,EV,0,0,0,0,0,0,0,0,0,0,0,0,0,0,0,0,0,0,0,0,0,0,0,0,0,0,0,0,0,0,0,0,0,0,0,0,0,0,0,0,0,0,0,0,0,0,0,0,0,0,0,0,0,0,0,0,0,0,0,0,0,0,0,0,0,0,0,0,0,0,0,0,0,0,0,0,16,390,1242,1121,11,5,0,3,13,47,226,1014,952,2418,3541,3916,3722,3807,2845,4590,3702,4827,4279,3017,2183,3318,2452,2933,3408,3391,2840,2531,2591,1392,900,408,206,138,48,26,30,8,7,15,2,2,6,5,43,29,0,0,0,0,0,0
Chevrolet,Caprice,ICE,124,98,151,147,124,159,140,176,155,155,196,220,21,71,93,18,97,187,58,7,8,149,188,124,60,25,26,61,41,82,38,60,183,71,28,18,22,7,11,9,4,3,2,14,0,0,1,0,0,0,3,0,1,3,0,0,0,0,0,0,0,0,0,0,0,0,0,0,0,0,0,0,0,0,0,0,0,0,0,0,0,0,0,0,0,0,0,0,0,0,0,0,0,0,0,0,0,0,0,0,0,0,0,0,0,0,0,0,0,0,0,0,0,0,0,0,0,0,0,0,0,0,0,0,0,0,0,0,0,0,0,0
Chevrolet,Captiva,ICE,10,13,13,11,2,4,1,1,0,0,0,0,0,0,0,0,0,0,0,0,0,0,0,0,0,0,0,0,0,0,0,0,0,0,0,0,0,0,0,0,0,0,0,0,0,0,0,0,0,0,0,0,0,0,0,0,0,0,0,0,0,0,0,0,0,0,0,0,0,0,0,0,0,0,0,0,0,0,0,0,0,0,0,0,0,0,0,0,0,0,0,0,0,0,0,0,0,0,0,0,0,0,0,0,0,0,0,0,0,0,0,0,0,0,0,0,0,0,0,0,0,0,0,0,0,0,0,0,0,0,0,0
Chevrolet,Colorado,ICE,5942,6563,6621,7010,8881,6558,7209,7114,7334,7059,6230,7909,5508,7394,9718,10362,9196,9049,9195,9242,10383,10578,8669,9431,6413,7519,8426,9221,9091,9631,11206,10256,11271,9990,10346,9626,8011,8050,12798,12565,14350,14782,11556,13053,10354,10046,8613,11345,8645,9895,14954,12163,11109,8397,10933,12802,7922,7664,8980,8840,7697,8141,5592,4507,7904,7432,9553,8360,9343,9951,7589,10169,8712,7692,7679,2952,5159,6665,7633,3833,1230,5200,7730,8523,7585,6288,7820,7457,6401,8639,9015,8170,7220,6946,5944,7712,5839,4899,2518,1944,7301,10664,9489,7663,8368,3424,3833,5139,3463,3272,8187,8801,9175,8925,9431,10783,8673,9889,8664,8749,7245,8125,10486,8999,9303,8657,8658,8544,7373,8294,0,0
Chevrolet,Cruze,ICE,18693,18301,23598,20947,23752,22647,21339,14661,14032,15710,16073,16849,14362,12998,9881,14153,16671,18666,13723,22342,15216,17126,16414,17324,19949,15367,18607,21317,17120,12828,12278,16500,15268,11129,10982,13406,10858,12875,16122,10920,14745,12826,9315,10190,12466,14729,10588,7638,6588,8103,8620,6724,5015,4427,2535,2104,1160,1063,1068,568,161,166,78,45,69,163,36,18,18,11,6,13,3,4,6,6,15,23,0,0,0,0,0,0,0,0,0,0,0,0,0,0,0,0,0,0,0,0,0,0,0,0,0,0,0,0,0,0,0,0,0,0,0,0,0,0,0,0,0,0,0,0,0,0,0,0,0,0,0,0,0,0
Chevrolet,Express,ICE,3582,3222,3709,4952,5994,5238,5323,5522,6666,6442,5371,7361,2913,4311,6291,6659,6588,5787,4880,6659,5663,5459,5034,7763,4322,5258,5819,6871,6815,6063,5226,6940,6514,4724,4316,6296,6236,6111,7427,7246,6372,7881,4879,6207,6423,7348,7444,7751,3994,5223,7998,7206,6338,7984,6964,8470,6628,4289,5915,6448,3593,4775,4941,2308,2375,4323,5091,5099,4685,6861,4348,6732,5118,5769,5990,4621,4224,3707,3225,2252,1683,1745,2886,3135,2156,2739,3965,3715,3950,5022,4710,5043,5228,5208,5932,5220,2939,2417,3239,3034,2903,3290,3512,4679,4533,2980,2814,4320,2826,2503,2173,2329,3122,3959,3883,4538,4917,4639,4076,5256,3022,4923,4426,4153,5512,5457,4607,4645,6892,4424,0,0
Chevrolet,SS,ICE,115,215,264,299,287,354,321,344,222,192,148,134,88,165,286,592,228,254,521,14,5,554,212,94,64,248,1217,250,247,298,259,227,171,150,882,42,23,17,6,1,0,5,1,0,0,0,0,1,0,0,0,0,0,2,0,0,0,0,0,0,0,0,0,0,0,0,0,0,0,0,0,0,0,0,0,0,0,0,0,0,0,0,0,0,0,0,0,0,0,0,0,0,0,0,0,0,0,0,0,0,0,0,0,0,0,0,0,0,0,0,0,0,0,0,0,0,0,0,0,0,0,0,0,0,0,0,0,0,0,0,0,0
Chevrolet,City Express,ICE,585,605,675,574,772,1073,1004,1092,1024,958,833,1088,710,734,1170,1769,174,241,297,359,296,286,254,729,482,684,706,739,602,1039,582,637,674,696,584,923,517,796,794,333,447,278,229,206,109,150,105,102,49,17,31,10,8,20,1,0,2,0,0,1,0,0,0,0,0,0,0,0,0,0,0,0,0,0,0,0,0,0,0,0,0,0,0,0,0,0,0,0,0,0,0,0,0,0,0,0,0,0,0,0,0,0,0,0,0,0,0,0,0,0,0,0,0,0,0,0,0,0,0,0,0,0,0,0,0,0,0,0,0,0,0,0
Chevrolet,Corvette,HV,0,0,0,0,0,0,0,0,0,0,0,0,0,0,0,0,0,0,0,0,0,0,0,0,0,0,0,0,0,0,0,0,0,0,0,0,0,0,0,0,0,0,0,0,0,0,0,0,0,0,0,0,0,0,0,0,0,0,0,0,0,0,0,0,0,0,0,0,0,0,0,0,0,0,0,0,0,0,0,0,0,0,0,0,0,0,0,0,0,0,0,0,0,0,0,0,0,0,0,0,0,0,0,0,0,0,0,0,20,50,60,70,60,100,70,150,200,150,200,220,182,193,302,199,216,207,222,223,176,172,0,0
Chevrolet,Corvette,ICE,2127,2605,3785,3469,3514,2807,2794,2725,2572,2526,1952,2453,1501,2116,2753,3142,2673,2483,2159,3063,2829,2626,1941,2709,1263,2081,2460,2756,2535,2612,1930,1748,1506,1345,2565,2278,1005,1351,2101,1586,2035,2221,1451,1782,1406,1369,1244,1297,970,1202,1771,2082,1883,1823,1522,1972,1272,1104,821,1566,649,790,2381,1184,707,568,1684,1847,2824,2981,2590,3421,2545,1566,2500,3301,2854,1816,3406,3482,3278,3504,2018,2771,2167,2985,3659,2568,2499,3563,2283,2875,2781,3034,2860,3236,2633,2404,2867,2723,3266,3136,2408,3291,2710,3121,2700,3094,1971,2952,3523,3159,3312,2637,2423,2987,1967,2332,2449,2268,1498,1986,2633,1859,1672,1648,1561,1441,1500,2093,0,0
Chevrolet,Equinox,EV,0,0,0,0,0,0,0,0,0,0,0,0,0,0,0,0,0,0,0,0,0,0,0,0,0,0,0,0,0,0,0,0,0,0,0,0,0,0,0,0,0,0,0,0,0,0,0,0,0,0,0,0,0,0,0,0,0,0,0,0,0,0,0,0,0,0,0,0,0,0,0,0,0,0,0,0,0,0,0,0,0,0,0,0,0,0,0,0,0,0,0,0,0,0,0,0,0,0,0,0,0,0,0,0,0,0,0,0,0,0,0,0,145,868,2194,4225,3353,4354,7097,6638,2439,3033,4857,6086,6108,5226,8537,8573,7975,2477,0,0
Chevrolet,Equinox,ICE,19555,21723,24335,28856,29456,21760,21609,25211,21537,22086,19634,21827,18574,19825,21480,20607,21252,19582,21882,15273,15261,19664,21600,27195,17574,22464,22671,20655,20908,29182,23524,28245,27512,25272,19667,32784,26405,24053,31940,28063,23737,21833,28632,27843,21539,27820,32841,37578,26132,24994,37374,29739,29575,26343,27177,31218,21404,26446,28575,37071,25076,29399,18978,12992,17188,20618,21027,21654,24795,28469,22034,28764,22258,20164,20796,21061,20387,14000,16399,11348,4697,1183,2375,10655,12177,17834,26025,22815,16913,20914,17836,13625,15185,14515,15294,18939,13952,18819,20131,22383,15962,14604,14435,15552,18304,14933,20688,22938,14015,19768,20402,18942,19023,14305,10055,12902,14111,17957,22265,23985,18318,19872,32812,22644,18635,17608,23301,27008,23385,23731,0,0
Chevrolet,Impala,HV,19,19,29,49,53,24,23,27,5,11,1,12,12,4,4,3,2,10,0,0,0,0,0,0,0,0,0,0,0,1,0,0,0,0,0,0,0,0,0,0,0,0,0,0,0,0,0,0,0,0,0,0,0,0,0,0,0,0,0,0,0,0,0,0,0,0,0,0,0,0,0,0,0,0,0,0,0,0,0,0,0,0,0,0,0,0,0,0,0,0,0,0,0,0,0,0,0,0,0,0,0,0,0,0,0,0,0,0,0,0,0,0,0,0,0,0,0,0,0,0,0,0,0,0,0,0,0,0,0,0,0,0
Chevrolet,Impala,ICE,9195,9046,8913,10889,11453,8382,8133,9853,9354,11794,10493,9048,9930,9143,11461,8246,5250,12325,5045,5684,6919,6092,6082,10794,5972,7165,8885,3213,3269,2807,3032,9452,6947,7563,9370,8201,3150,3336,7581,5713,5014,2838,3920,7879,4491,4833,4969,2802,4152,3213,5894,4882,3516,4138,1345,4919,3374,1704,3601,4240,3142,1214,609,485,719,829,660,628,628,396,228,404,186,118,158,90,68,94,13,10,4,1,3,5,0,0,1,0,0,9,0,0,0,0,0,0,0,0,0,0,0,0,0,0,0,0,0,0,0,0,0,0,0,0,0,0,0,0,0,0,0,0,0,0,0,0,0,0,0,0,0,0
Chevrolet,Malibu,HV,6,8,8,4,2,27,1,0,1,1,0,1,0,0,2,1,246,371,416,522,618,600,769,790,339,534,372,409,493,278,274,301,499,300,283,370,165,383,233,242,291,217,115,202,177,96,99,221,136,116,151,163,132,110,53,82,75,79,34,9,2,3,6,0,1,8,0,0,0,0,0,0,0,0,2,0,0,1,0,0,0,0,0,0,0,0,0,0,0,0,0,0,0,0,0,0,0,0,0,0,0,0,0,0,0,0,0,0,0,0,0,0,0,0,0,0,0,0,0,0,0,0,0,0,0,0,0,0,0,0,0,0
Chevrolet,Malibu,ICE,11872,13963,16544,17426,21459,15201,16021,17553,17065,24724,10813,12154,14746,21418,22056,21762,23956,15767,11404,16201,20903,15551,17808,21974,8038,11872,13850,16955,20225,10534,10275,22424,23490,14347,13137,16258,7388,11507,14474,10498,16720,15466,11472,8455,10620,12647,10847,13174,10978,11113,11703,8768,10911,10890,8420,13938,9864,5976,15339,12877,12659,17130,5483,4776,2886,4990,5058,6021,14376,13989,6430,8833,15341,6375,5269,3374,1011,513,65,69,135,395,2760,4066,4967,7970,12745,10245,11055,11187,7044,7681,6905,10533,16606,8529,13415,7066,16957,13763,12948,14020,10977,11818,10485,2596,9079,7218,9604,11988,11157,12946,13819,9595,4296,10132,9996,12756,8187,2843,1681,1659,2029,1498,1175,662,495,316,187,161,0,0
Chevrolet,N/A,ICE,0,0,0,0,0,0,0,0,0,0,0,0,0,0,0,0,0,0,0,0,0,0,0,0,0,0,0,0,0,0,0,0,0,0,0,0,0,0,0,0,0,0,0,0,0,0,0,0,0,0,0,0,0,0,0,0,0,0,0,0,0,0,0,0,0,0,0,0,0,0,0,0,0,0,0,0,0,0,0,0,0,0,0,0,0,0,0,0,0,0,0,0,0,0,0,0,0,0,0,0,0,0,0,0,0,0,0,0,18,17,17,16,26,13,13,7,8,6,22,23,11,12,26,25,29,73,16,26,8,12,0,0
Chevrolet,Silverado,EV,0,0,0,0,0,0,0,0,0,0,0,0,0,0,0,0,0,0,0,0,0,0,0,0,0,0,0,0,0,0,0,0,0,0,0,0,0,0,0,0,0,0,0,0,0,0,0,0,0,0,0,0,0,0,0,0,0,0,0,0,0,0,0,0,0,0,0,0,0,0,0,0,0,0,0,0,0,0,0,0,0,0,0,0,0,0,0,0,0,0,0,0,0,0,0,0,0,0,0,0,0,0,0,0,18,148,101,194,225,325,511,851,830,515,592,907,496,712,615,849,636,713,1034,1068,1072,916,975,1355,1610,646,0,0
Chevrolet,Silverado,HV,2,0,0,0,0,0,0,0,0,0,0,0,0,0,0,0,0,0,0,0,0,0,0,0,0,0,0,0,0,0,0,0,0,0,0,0,0,0,0,0,0,0,0,0,0,0,0,0,0,0,0,0,0,0,0,0,0,0,0,0,0,0,0,0,0,0,0,0,0,0,0,0,0,0,0,0,0,0,0,0,0,0,0,0,0,0,0,0,0,0,0,0,0,0,0,0,0,0,0,0,0,0,0,0,0,0,0,0,0,0,0,0,0,0,0,0,0,0,0,0,0,0,0,0,0,0,0,0,0,0,0,0
Chevrolet,Silverado,ICE,36104,45395,45193,45978,51602,51548,56380,54977,53725,51647,45001,62992,37863,43136,47966,49990,45035,49662,54116,52408,45380,49768,45280,54272,35553,50504,42410,40154,43804,50515,45966,54448,55236,53157,46441,67676,40716,42282,52547,47816,53787,53451,46667,41846,44816,44460,49846,66872,30934,39635,43468,43121,52850,45455,47417,61028,45408,49831,53244,58248,43030,51344,49324,40372,43485,36887,44369,50067,51089,59738,48458,68512,37824,36580,50300,50922,56499,54285,53046,39230,28580,34896,37927,39685,34374,38588,45834,52021,44461,44238,38155,38149,38659,45966,44640,48269,35659,38473,49862,45585,46793,47698,42167,46848,50318,40296,45622,53998,34986,43576,47940,48765,50927,46241,44421,43118,39630,45652,46290,50971,34337,40542,50419,50036,55657,47608,48254,49145,40292,48205,0,0
Chevrolet,Sonic,ICE,3521,2900,4894,8700,9067,7894,5102,4677,3780,3294,3653,7293,3678,4241,4708,5102,2980,7583,4844,4122,3851,4689,3082,6375,2095,2140,3385,1645,2143,6550,2552,2181,1356,1576,2721,1946,968,1081,3934,1979,1434,1254,1695,4509,1079,413,623,1729,1845,1116,1499,1692,1170,1162,862,658,628,658,1015,1666,982,2087,1272,329,491,1291,1844,1453,1050,893,550,765,371,319,375,196,159,92,25,18,8,6,5,7,1,0,1,0,0,4,0,0,0,0,0,0,0,0,0,0,0,0,0,0,0,0,0,0,0,0,0,0,0,0,0,0,0,0,0,0,0,0,0,0,0,0,0,0,0,0,0,0
Chevrolet,Spark,EV,86,119,151,920,283,226,57,135,157,177,166,152,139,216,252,419,394,359,333,292,315,260,39,17,4,4,3,1,0,1,1,0,0,0,7,2,1,0,0,0,0,0,0,0,0,0,0,0,0,0,0,0,0,0,0,0,0,0,0,0,0,0,0,0,0,0,0,0,0,0,0,0,0,0,0,0,0,0,0,0,0,0,0,0,0,0,0,0,0,0,0,0,0,0,0,0,0,0,0,0,0,0,0,0,0,0,0,0,0,0,0,0,0,0,0,0,0,0,0,0,0,0,0,0,0,0,0,0,0,0,0,0
Chevrolet,Spark,ICE,3084,2555,3109,2823,2422,3631,3230,2637,2214,1825,1462,1232,982,1545,2021,2663,3101,6200,3896,2646,1908,1806,1468,4240,1691,2135,3303,1699,357,10,763,1855,2009,1960,3707,3077,1557,2000,3387,1483,1408,1567,1705,3109,2215,969,1059,3146,1323,1635,3465,2541,2234,2451,2475,2330,1811,3473,2629,4914,5168,2341,1843,1192,2067,2052,2632,3141,2600,3086,3313,4043,3317,4080,4108,3583,2446,1725,1645,948,1155,802,556,94,13,6,259,1063,1269,1528,1690,2368,2230,1495,1066,723,103,33,14,0,0,3,0,0,1,3,0,5,0,0,0,0,0,0,0,0,0,0,0,0,0,0,0,0,0,0,0,0,0,0,0,0
Chevrolet,Tahoe,HV,0,3,0,1,0,4,0,0,0,0,0,0,0,0,0,0,0,0,0,0,0,0,0,0,0,0,0,0,0,0,0,0,0,0,0,0,0,0,0,0,0,0,0,0,0,0,0,0,0,0,0,0,0,0,0,0,0,0,0,0,0,0,0,0,0,0,0,0,0,0,0,0,0,0,0,0,0,0,0,0,0,0,0,0,0,0,0,0,0,0,0,0,0,0,0,0,0,0,0,0,0,0,0,0,0,0,0,0,0,0,0,0,0,0,0,0,0,0,0,0,0,0,0,0,0,0,0,0,0,0,0,0
Chevrolet,Tahoe,ICE,6607,7407,6860,7902,7119,6188,8297,8221,6119,6624,7217,9773,6199,6494,7658,7549,7430,7891,8431,8297,10051,11976,9433,11897,5881,7660,9112,7411,6567,8378,6824,7879,9397,9615,9966,10271,7147,6948,9548,7725,9518,9956,8176,11116,9659,7397,7276,10006,4899,7553,8401,8849,12682,11411,9082,10949,6277,5203,6466,9417,7592,8209,4602,5135,6178,4703,6720,7042,9359,10863,7842,9993,8225,6641,8172,9394,10579,7935,10327,6411,7464,10909,9565,10408,7840,8317,7822,7494,6398,7177,8920,10772,9893,9356,9841,11926,8637,8313,10307,9844,9459,9955,7812,9633,10133,8780,7548,9907,6132,8358,8834,8779,8733,7607,7370,8884,7083,8666,11481,13220,9115,9725,10987,12394,9405,8469,8627,9102,7858,9500,0,0
Chevrolet,Trailblazer,ICE,0,0,0,0,0,0,0,0,0,0,0,0,0,0,0,0,0,0,0,0,0,0,0,0,0,0,0,0,0,0,0,0,0,0,0,0,0,0,0,0,0,0,0,0,0,0,0,0,0,0,0,0,0,0,0,0,0,0,0,0,0,0,0,335,2227,4137,4251,3161,2910,4641,5186,7441,5622,7934,11468,10336,7011,5996,9796,8548,7187,8251,4896,3116,2828,2264,3514,4137,4668,7133,3335,7372,6681,8229,4996,5731,7521,8511,11919,11576,10702,11579,11739,10815,8117,6729,6225,5581,6290,8397,9521,8194,10540,9157,10560,10977,8072,6950,6199,9541,8666,8997,11660,11683,8921,4589,6504,7949,6116,6394,0,0
Chevrolet,Traverse,ICE,10151,9705,11103,11475,10275,8721,12604,10072,8857,9155,8684,9143,7014,9158,10747,12186,7230,8297,15173,8415,7922,10984,9194,10381,8218,10477,10657,9437,7389,10780,8626,11337,11943,11098,11231,12313,11627,11548,15023,10934,12938,11566,10918,11763,10227,10251,11874,17411,9345,11511,13367,10515,14869,12768,14181,15671,11264,9785,11320,12526,10540,12205,7350,5399,8297,8618,10352,10517,10734,12554,10887,18093,11084,11239,15714,17355,14398,13641,5365,623,4779,6646,9589,5817,7251,7827,8386,7703,6060,7079,8182,6836,10370,8515,7560,11196,8553,9763,13217,13842,12770,10536,11951,11104,9263,7350,6171,9035,6009,6265,5201,2192,10295,11500,9338,10728,8324,9209,13006,13768,7500,8762,12069,13015,12718,10715,11376,14744,12733,13096,0,0
Chevrolet,Trax (Tracker),ICE,1839,3821,4026,3451,5707,5971,6111,5985,6140,8175,6481,5323,3746,4814,5167,4510,5102,5796,9466,6997,8526,8678,8207,8007,5257,6606,6498,6509,6174,5887,6552,8171,8423,6054,6595,6563,6106,6169,8207,7834,9961,8386,7317,6148,7084,7817,7237,7324,7495,7719,9366,5847,7565,8378,13507,14709,9191,9781,10616,12642,10389,11509,6344,4503,8220,9743,9427,9670,10388,9714,7473,8919,4946,4848,7161,7598,7059,3435,3283,1712,1264,838,351,95,942,1777,3082,3236,2809,3707,2819,1996,1514,1860,1147,1708,2234,2181,2050,2941,8261,9719,10170,13783,13916,16728,14286,13113,11018,12267,14303,16312,17596,18967,19698,22888,16713,16597,15460,18870,17970,17747,23304,24208,20603,15761,18357,18302,13154,12489,0,0
Chevrolet,Volt,PHV,542,693,639,905,1618,1225,1313,1380,949,2035,1980,2114,996,1126,1865,1983,1901,1937,2406,2081,2031,2191,2531,3691,1611,1820,2132,1807,1817,1745,1518,1445,1453,1362,1702,1937,713,983,1782,1060,1406,1934,1649,1955,1825,1638,1658,1767,517,650,1353,301,432,413,283,265,326,159,141,70,10,8,5,2,0,37,1,2,2,0,0,4,0,2,3,0,2,9,0,0,0,0,0,0,0,0,0,0,0,0,0,0,0,0,0,0,0,0,0,0,0,0,0,0,0,0,0,0,0,0,0,0,0,0,0,0,0,0,0,0,0,0,0,0,0,0,0,0,0,0,0,0
Chrysler,Chrysler 200 Series,ICE,0,0,0,0,0,0,0,0,0,0,0,0,0,0,0,0,0,0,0,0,0,0,0,0,0,0,0,0,0,0,0,0,0,0,0,0,0,0,0,0,0,0,0,0,0,0,0,0,0,0,0,0,0,0,0,0,0,0,0,0,0,0,0,0,0,0,0,0,0,0,0,0,0,0,1,1,0,1,0,1,1,9,0,1,1,0,1,0,0,0,0,0,0,0,0,0,0,0,0,0,0,1,0,0,0,0,0,3,0,0,0,0,0,0,0,0,0,0,0,0,0,0,0,0,0,0,0,0,0,0,0,0
Chrysler,Chrysler 300 series,ICE,0,0,0,0,0,0,0,0,0,0,0,0,0,0,0,0,0,0,0,0,0,0,0,0,0,0,0,0,0,0,0,0,0,0,0,0,0,0,0,0,0,0,0,0,0,0,0,0,0,0,0,0,0,0,0,0,0,0,0,0,0,0,0,0,0,0,0,0,0,0,0,0,1228,2857,1309,1703,2766,1199,1114,1780,675,624,543,864,750,929,1066,1737,1264,1836,1173,1424,1578,933,651,746,842,871,1276,1276,1297,1635,1394,1836,732,707,625,678,0,0,0,0,0,0,0,0,0,0,0,0,0,0,0,0,0,0,0,0,0,0,0,0
Chrysler,Chrysler 300 series (Chrysler,ICE,0,0,0,0,0,0,0,0,0,0,0,0,0,0,0,0,0,0,0,0,0,0,0,0,0,0,0,0,0,0,0,0,0,0,0,0,0,0,0,0,0,0,0,0,0,0,0,0,0,0,0,0,0,0,0,0,0,0,0,0,0,0,0,0,0,0,0,0,0,0,0,0,0,0,0,0,0,0,0,0,0,0,0,0,0,0,0,0,0,0,0,0,0,0,0,0,0,0,0,0,0,0,0,0,0,0,0,0,480,505,708,576,732,690,377,371,230,254,210,162,0,0,0,0,0,0,0,0,0,0,0,0
Chrysler,N/A,ICE,0,0,0,0,0,0,0,0,0,0,0,0,0,0,0,0,0,0,0,0,0,0,0,0,0,0,0,0,0,0,0,0,0,0,0,0,0,0,0,0,0,0,0,0,0,0,0,0,0,0,0,0,0,0,0,0,0,0,0,0,0,0,0,0,0,0,0,0,0,0,0,0,0,0,0,0,0,0,0,0,0,0,0,0,0,0,0,0,0,0,0,0,0,0,0,0,0,0,0,0,0,0,0,0,0,0,0,0,0,0,0,0,0,0,0,0,0,403,413,450,0,0,0,0,0,0,0,0,0,0,0,0
Chrysler,N/A (Class 5),ICE,0,0,0,0,0,0,0,0,0,0,0,0,0,0,0,0,0,0,0,0,0,0,0,0,0,0,0,0,0,0,0,0,0,0,0,0,0,0,0,0,0,0,0,0,0,0,0,0,0,0,0,0,0,0,0,0,0,0,0,0,0,0,0,0,0,0,0,0,0,0,0,0,1666,1528,2267,2363,2197,2233,1602,1548,1916,2988,2223,2399,1264,2448,1913,1775,1350,1626,1865,1885,1683,1409,1632,1289,1653,1173,1536,1724,1841,1823,1256,1849,1786,1931,1956,2440,0,0,0,0,0,0,0,0,0,0,0,0,0,0,0,0,0,0,0,0,0,0,0,0
Chrysler,Pacifica,ICE,0,0,0,0,0,0,0,0,0,0,0,0,0,0,0,0,0,0,0,0,0,0,0,0,0,0,0,0,0,0,0,0,0,0,0,0,0,0,0,0,0,0,0,0,0,0,0,0,0,0,0,0,0,0,0,0,0,0,0,0,0,0,0,0,0,0,0,0,0,0,0,0,10016,10891,11785,6706,4235,1568,2378,6349,2704,11714,10596,13811,3663,9622,9617,11380,11196,4626,5019,4235,5098,6021,9267,4113,6194,7070,11173,12515,12110,11547,13001,11497,5806,1718,1059,1731,0,0,0,0,0,0,0,0,0,0,0,0,0,0,0,0,0,0,0,0,0,0,0,0
Chrysler,Pacifica,PHV,0,0,0,0,0,0,0,0,0,0,0,0,0,0,0,0,0,0,0,0,0,0,0,0,0,0,0,0,0,0,0,0,0,0,0,0,0,0,0,0,0,0,0,0,0,0,0,0,0,0,0,0,0,0,0,0,0,0,0,0,0,0,0,0,0,0,0,0,0,0,0,0,500,350,800,450,200,70,100,300,100,1000,800,900,300,700,2464,1700,1900,1295,1200,1100,787,850,1250,1221,1500,1500,1473,1706,1651,5406,2300,2000,3749,1200,1500,1148,0,0,0,0,0,0,0,0,0,0,0,0,0,0,0,0,0,0,0,0,0,0,0,0
Chrysler,Pacifica (Chrysler,ICE,0,0,0,0,0,0,0,0,0,0,0,0,0,0,0,0,0,0,0,0,0,0,0,0,0,0,0,0,0,0,0,0,0,0,0,0,0,0,0,0,0,0,0,0,0,0,0,0,0,0,0,0,0,0,0,0,0,0,0,0,0,0,0,0,0,0,0,0,0,0,0,0,0,0,0,0,0,0,0,0,0,0,0,0,0,0,0,0,0,0,0,0,0,0,0,0,0,0,0,0,0,0,0,0,0,0,0,0,4455,7679,11160,10585,9797,9528,5469,6773,5431,6725,7306,8480,0,0,0,0,0,0,0,0,0,0,0,0
Chrysler,Pacifica (Chrysler,PHV,0,0,0,0,0,0,0,0,0,0,0,0,0,0,0,0,0,0,0,0,0,0,0,0,0,0,0,0,0,0,0,0,0,0,0,0,0,0,0,0,0,0,0,0,0,0,0,0,0,0,0,0,0,0,0,0,0,0,0,0,0,0,0,0,0,0,0,0,0,0,0,0,0,0,0,0,0,0,0,0,0,0,0,0,0,0,0,0,0,0,0,0,0,0,0,0,0,0,0,0,0,0,0,0,0,0,0,0,2500,4500,2820,3000,2750,2108,1640,1082,1109,1466,1090,670,0,0,0,0,0,0,0,0,0,0,0,0
Chrysler,Town & Country,ICE,0,0,0,0,0,0,0,0,0,0,0,0,0,0,0,0,0,0,0,0,0,0,0,0,0,0,0,0,0,0,0,0,0,0,0,0,0,0,0,0,0,0,0,0,0,0,0,0,0,0,0,0,0,0,0,0,0,0,0,0,0,0,0,0,0,0,0,0,0,0,0,0,0,0,0,0,0,1,0,0,0,2,0,1,0,0,0,0,0,0,0,0,0,0,0,0,0,0,0,0,0,0,0,0,0,0,0,2,0,0,0,0,0,0,0,0,0,0,0,0,0,0,0,0,0,0,0,0,0,0,0,0
Chrysler (2021-),Chrysler 300 series (Chrysler (2009-)),ICE,0,0,0,0,0,0,0,0,0,0,0,0,0,0,0,0,0,0,0,0,0,0,0,0,0,0,0,0,0,0,0,0,0,0,0,0,0,0,0,0,0,0,0,0,0,0,0,0,0,0,0,0,0,0,0,0,0,0,0,0,0,0,0,0,0,0,0,0,0,0,0,0,0,0,0,0,0,0,0,0,0,0,0,0,0,0,0,0,0,0,0,0,0,0,0,0,0,0,0,0,0,0,0,0,0,0,0,0,0,0,0,0,0,0,0,0,0,0,0,0,117,104,120,67,43,37,27,24,20,4,0,0
Chrysler (2021-),Pacifica (Chrysler (2009-)),ICE,0,0,0,0,0,0,0,0,0,0,0,0,0,0,0,0,0,0,0,0,0,0,0,0,0,0,0,0,0,0,0,0,0,0,0,0,0,0,0,0,0,0,0,0,0,0,0,0,0,0,0,0,0,0,0,0,0,0,0,0,0,0,0,0,0,0,0,0,0,0,0,0,0,0,0,0,0,0,0,0,0,0,0,0,0,0,0,0,0,0,0,0,0,0,0,0,0,0,0,0,0,0,0,0,0,0,0,0,0,0,0,0,0,0,0,0,0,0,0,0,8223,8848,11390,6412,5247,3967,8223,6409,9947,11702,0,0
Chrysler (2021-),Pacifica (Chrysler (2009-)),PHV,0,0,0,0,0,0,0,0,0,0,0,0,0,0,0,0,0,0,0,0,0,0,0,0,0,0,0,0,0,0,0,0,0,0,0,0,0,0,0,0,0,0,0,0,0,0,0,0,0,0,0,0,0,0,0,0,0,0,0,0,0,0,0,0,0,0,0,0,0,0,0,0,0,0,0,0,0,0,0,0,0,0,0,0,0,0,0,0,0,0,0,0,0,0,0,0,0,0,0,0,0,0,0,0,0,0,0,0,0,0,0,0,0,0,0,0,0,0,0,0,900,1000,2048,900,800,600,1250,900,1300,1000,0,0
Chrysler (2021-),Town & Country (Chrysler (2009-)),ICE,0,0,0,0,0,0,0,0,0,0,0,0,0,0,0,0,0,0,0,0,0,0,0,0,0,0,0,0,0,0,0,0,0,0,0,0,0,0,0,0,0,0,0,0,0,0,0,0,0,0,0,0,0,0,0,0,0,0,0,0,0,0,0,0,0,0,0,0,0,0,0,0,0,0,0,0,0,0,0,0,0,0,0,0,0,0,0,0,0,0,0,0,0,0,0,0,0,0,0,0,0,0,0,0,0,0,0,0,0,0,0,0,0,0,0,0,0,0,0,0,0,0,0,0,0,0,1,0,0,0,0,0
Chrysler (2021-),Voyager,ICE,0,0,0,0,0,0,0,0,0,0,0,0,0,0,0,0,0,0,0,0,0,0,0,0,0,0,0,0,0,0,0,0,0,0,0,0,0,0,0,0,0,0,0,0,0,0,0,0,0,0,0,0,0,0,0,0,0,0,0,0,0,0,0,0,0,0,0,0,0,0,0,0,0,0,0,0,0,0,0,0,0,0,0,0,0,0,0,0,0,0,0,0,0,0,0,0,0,0,0,0,0,0,0,0,0,0,0,0,0,0,0,0,0,0,0,0,0,0,0,0,686,373,1260,1075,2199,1828,1160,1264,1964,1525,0,0
Dodge,Avenger,ICE,0,0,0,0,0,0,0,0,0,0,0,0,0,0,0,0,0,0,0,0,0,0,0,0,0,0,0,0,0,0,0,0,0,0,0,0,0,0,0,0,0,0,0,0,0,0,0,0,0,0,0,0,0,0,0,0,0,0,0,0,0,0,0,0,0,0,0,0,0,0,0,0,0,0,0,0,0,0,0,0,0,0,0,0,0,0,1,0,0,1,0,0,0,0,0,0,0,0,0,0,0,0,0,0,0,0,0,0,0,0,0,0,0,0,0,0,0,0,0,0,0,0,0,0,0,0,0,0,0,0,0,0
Dodge,Caravan,ICE,0,0,0,0,0,0,0,0,0,0,0,0,0,0,0,0,0,0,0,0,0,0,0,0,0,0,0,0,0,0,0,0,0,0,0,0,0,0,0,0,0,0,0,0,0,0,0,0,0,0,0,0,0,0,0,0,0,0,0,0,0,0,0,0,0,0,0,0,0,0,0,0,463,510,736,594,422,142,59,21,9,69,5,7,5,5,8,0,0,3,1,1,3,0,0,1,0,0,1,0,0,1,0,0,0,0,0,25,0,0,2,0,0,0,0,0,0,0,0,0,0,0,0,0,0,1,0,0,8,0,0,0
Dodge,Challenger,ICE,0,0,0,0,0,0,0,0,0,0,0,0,0,0,0,0,0,0,0,0,0,0,0,0,0,0,0,0,0,0,0,0,0,0,0,0,0,0,0,0,0,0,0,0,0,0,0,0,0,0,0,0,0,0,0,0,0,0,0,0,0,0,0,0,0,0,0,0,0,0,0,0,3789,5752,5555,4857,5323,4872,4899,4814,4281,3341,2960,3871,3287,3491,4346,4895,4629,5034,4667,5756,5989,4567,3910,4489,3361,3486,4524,4125,4580,4199,3984,3763,3328,2885,3444,3281,2516,3119,4102,3753,4442,3285,1411,1354,892,983,664,535,295,333,294,202,203,174,90,73,59,26,0,0
Dodge,Charger,EV,0,0,0,0,0,0,0,0,0,0,0,0,0,0,0,0,0,0,0,0,0,0,0,0,0,0,0,0,0,0,0,0,0,0,0,0,0,0,0,0,0,0,0,0,0,0,0,0,0,0,0,0,0,0,0,0,0,0,0,0,0,0,0,0,0,0,0,0,0,0,0,0,0,0,0,0,0,0,0,0,0,0,0,0,0,0,0,0,0,0,0,0,0,0,0,0,0,0,0,0,0,0,0,0,0,0,0,0,0,0,0,0,0,0,0,0,0,0,0,0,272,600,1075,822,825,705,522,926,1328,112,0,0
Dodge,Charger,ICE,0,0,0,0,0,0,0,0,0,0,0,0,0,0,0,0,0,0,0,0,0,0,0,0,0,0,0,0,0,0,0,0,0,0,0,0,0,0,0,0,0,0,0,0,0,0,0,0,0,0,0,0,0,0,0,0,0,0,0,0,0,0,0,0,0,0,0,0,0,0,0,0,4842,7080,7818,7123,8437,6803,6219,6774,6402,4886,5839,6166,3984,4744,6711,7950,6535,8535,8755,8390,7056,6296,6550,4568,6032,7669,8427,7501,9056,8047,5242,6365,5308,3616,5036,3621,2357,3102,5201,4876,6787,4553,2065,1800,1239,1265,824,685,362,322,368,201,201,173,72,66,100,72,0,0
Dodge,Dart,ICE,0,0,0,0,0,0,0,0,0,0,0,0,0,0,0,0,0,0,0,0,0,0,0,0,0,0,0,0,0,0,0,0,0,0,0,0,0,0,0,0,0,0,0,0,0,0,0,0,0,0,0,0,0,0,0,0,0,0,0,0,0,0,0,0,0,0,0,0,0,0,0,0,0,0,1,0,0,1,0,1,2,3,0,2,0,0,1,0,0,0,1,0,2,0,0,0,0,0,0,0,0,0,0,0,0,0,0,3,0,0,0,0,0,0,1,0,0,0,0,0,0,0,0,0,0,0,3,3,0,0,0,0
Dodge,Hornet,ICE,0,0,0,0,0,0,0,0,0,0,0,0,0,0,0,0,0,0,0,0,0,0,0,0,0,0,0,0,0,0,0,0,0,0,0,0,0,0,0,0,0,0,0,0,0,0,0,0,0,0,0,0,0,0,0,0,0,0,0,0,0,0,0,0,0,0,0,0,0,0,0,0,0,0,0,0,0,0,0,0,0,0,0,0,0,0,0,0,0,0,0,0,0,0,0,0,0,0,0,293,1252,1052,683,535,285,361,892,2520,3290,1947,782,180,314,922,780,637,735,924,1186,1087,955,770,283,330,237,22,43,197,699,249,0,0
Dodge,Hornet,PHV,0,0,0,0,0,0,0,0,0,0,0,0,0,0,0,0,0,0,0,0,0,0,0,0,0,0,0,0,0,0,0,0,0,0,0,0,0,0,0,0,0,0,0,0,0,0,0,0,0,0,0,0,0,0,0,0,0,0,0,0,0,0,0,0,0,0,0,0,0,0,0,0,0,0,0,0,0,0,0,0,0,0,0,0,0,0,0,0,0,0,0,0,0,0,0,0,0,0,0,0,0,0,0,0,250,200,250,741,800,600,0,800,1500,583,600,600,496,487,668,641,630,500,970,450,250,250,250,800,850,150,0,0
Dodge,Durango,ICE,0,0,0,0,0,0,0,0,0,0,0,0,0,0,0,0,0,0,0,0,0,0,0,0,0,0,0,0,0,0,0,0,0,0,0,0,0,0,0,0,0,0,0,0,0,0,0,0,0,0,0,0,0,0,0,0,0,0,0,0,0,0,0,0,0,0,0,0,0,0,0,0,5519,5797,9244,6877,6015,4963,6055,3199,5262,4018,4089,4897,5469,4514,4366,2283,1220,2587,4988,5759,8357,4449,4585,6856,5309,4379,7779,6828,7021,5793,4774,7121,4578,5314,4492,5808,4960,5788,4381,5072,6624,6096,4839,5771,3339,4007,3915,4565,3917,3684,6100,6970,7795,5933,5909,6946,7163,7278,0,0
Dodge,Journey,ICE,0,0,0,0,0,0,0,0,0,0,0,0,0,0,0,0,0,0,0,0,0,0,0,0,0,0,0,0,0,0,0,0,0,0,0,0,0,0,0,0,0,0,0,0,0,0,0,0,0,0,0,0,0,0,0,0,0,0,0,0,0,0,0,0,0,0,0,0,0,0,0,0,2126,1964,2790,2467,2124,1294,636,301,125,122,47,39,42,37,32,16,8,21,6,16,9,0,4,3,2,3,3,0,1,2,0,0,1,0,0,23,0,0,0,0,0,0,0,0,0,0,0,0,0,0,1,1,1,1,0,1,12,0,0,0
Dodge,Viper,ICE,0,0,0,0,0,0,0,0,0,0,0,0,0,0,0,0,0,0,0,0,0,0,0,0,0,0,0,0,0,0,0,0,0,0,0,0,0,0,0,0,0,0,0,0,0,0,0,0,0,0,0,0,0,0,0,0,0,0,0,0,0,0,0,0,0,0,0,0,0,0,0,0,0,1,1,0,0,0,0,0,0,1,0,1,0,0,0,0,0,1,0,0,0,0,0,0,0,0,0,0,0,0,0,0,0,0,0,2,0,0,1,0,0,0,0,0,0,0,0,0,0,0,0,0,0,0,0,0,0,0,0,0
Ford,Bronco,ICE,0,0,0,0,0,0,0,0,0,0,0,0,0,0,0,0,0,0,0,0,0,0,0,0,0,0,0,0,0,0,0,0,0,0,0,0,0,0,0,0,0,0,0,0,0,0,0,0,0,0,0,0,0,0,0,0,0,0,0,0,0,0,0,0,0,0,0,0,0,0,0,0,0,0,0,0,0,801,3277,2730,3396,7364,8287,9168,8101,5715,9757,13113,9475,8681,10621,10032,10892,10928,9330,10412,10170,12113,10147,9483,8211,8456,12755,10450,9683,4805,2911,6481,7427,8186,8453,8316,9679,8091,8902,10132,7762,9837,10320,12067,9056,9837,13702,14400,14629,10439,13798,13378,10682,11250,0,0
Ford,Bronco Sport,ICE,0,0,0,0,0,0,0,0,0,0,0,0,0,0,0,0,0,0,0,0,0,0,0,0,0,0,0,0,0,0,0,0,0,0,0,0,0,0,0,0,0,0,0,0,0,0,0,0,0,0,0,0,0,0,0,0,0,0,0,0,0,0,0,0,0,0,0,0,0,0,0,5098,8050,5526,9780,13856,14947,8355,2306,6698,11686,9201,11486,6278,6221,10285,12583,12928,9510,7022,7608,4555,9264,7372,5033,7166,9438,8908,11525,11526,10594,11152,12939,11301,8992,8306,9949,12846,9821,10707,11037,7677,9933,10579,13449,12349,8805,9382,9601,11361,9372,10030,13961,11886,14472,12717,10938,10925,8960,9907,0,0
Ford,C-MAX,HV,765,878,1054,1237,1892,1814,1225,1501,1247,912,815,837,637,880,1092,1621,1327,1486,1112,879,739,398,811,895,473,676,671,720,880,966,995,1009,820,1092,939,980,709,709,890,727,973,831,468,373,208,121,76,16,6,7,4,3,5,13,0,0,0,0,0,0,0,0,0,0,0,0,0,0,0,0,0,0,0,0,0,0,0,0,0,0,0,0,0,0,0,0,0,0,0,0,0,0,0,0,0,0,0,0,0,0,0,0,0,0,0,0,0,0,0,0,0,0,0,0,0,0,0,0,0,0,0,0,0,0,0,0,0,0,0,0,0,0
Ford,C-MAX,ICE,0,0,0,0,0,0,0,0,0,0,0,0,0,0,0,0,0,0,0,0,0,0,0,0,0,0,0,29,0,0,0,0,0,0,0,0,0,0,0,0,0,0,0,0,0,0,0,0,0,0,0,0,0,0,0,0,0,0,0,0,0,0,0,0,0,0,0,0,0,0,0,0,0,0,0,0,0,0,0,0,0,0,0,0,0,0,0,0,0,0,0,0,0,0,0,0,0,0,0,0,0,0,0,0,0,0,0,0,0,0,0,0,0,0,0,0,0,0,0,0,0,0,0,0,0,0,0,0,0,0,0,0
Ford,C-MAX,PHV,395,498,715,553,715,667,693,723,719,695,639,579,350,490,610,607,538,630,755,707,689,571,721,1289,473,639,662,720,950,936,844,705,683,569,523,436,234,142,105,57,18,6,4,4,12,0,0,0,0,0,0,0,0,0,0,0,0,0,0,0,0,0,0,0,0,0,0,0,0,0,0,0,0,0,0,0,0,0,0,0,0,0,0,0,0,0,0,0,0,0,0,0,0,0,0,0,0,0,0,0,0,0,0,0,0,0,0,0,0,0,0,0,0,0,0,0,0,0,0,0,0,0,0,0,0,0,0,0,0,0,0,0
Ford,Crown Victoria,ICE,678,714,940,1041,1007,756,793,603,914,845,702,772,455,900,920,826,766,824,839,883,753,792,848,666,551,672,611,708,906,733,643,724,571,584,616,675,700,585,585,658,828,637,0,0,0,0,0,0,0,0,0,0,0,0,0,0,0,0,0,0,0,0,0,0,0,0,0,0,0,0,0,0,0,0,0,0,0,0,0,0,0,0,0,0,0,0,0,0,0,0,0,0,0,0,0,0,0,0,0,0,0,0,0,0,0,0,0,0,0,0,0,0,0,0,0,0,0,0,0,0,0,0,0,0,0,0,0,0,0,0,0,0
Ford,EcoSport,ICE,0,0,0,0,0,0,0,0,0,0,0,0,0,0,0,0,0,0,0,0,0,0,0,0,0,0,0,0,0,0,0,0,0,0,0,0,500,2300,3296,5277,5481,6756,5354,4769,4577,4673,5893,5472,3363,4272,5244,5921,6178,9408,5443,6625,4203,4399,5043,4609,4263,5689,2971,6571,5802,4859,5880,6048,5117,4210,4318,4817,4382,3596,4900,4987,4919,3520,4240,2153,1797,1398,1775,2992,2235,3115,3076,4109,2732,2657,3225,2929,2108,1611,836,560,575,624,450,320,250,289,0,0,0,0,0,0,0,0,0,0,0,0,0,0,0,0,0,0,0,0,0,0,0,0,0,0,0,0,0,0
Ford,Edge,ICE,7581,6526,9405,13097,14399,12587,10020,11832,10262,10011,8137,10263,9533,12455,14005,11484,12384,11177,10512,11204,10322,8064,10757,12691,9091,11126,11730,12147,13752,13411,11156,10838,11476,11036,13180,13660,8519,10216,13919,11240,12332,11822,10150,11563,9177,10264,9787,15133,8856,9770,12294,8658,13624,11032,12077,14510,10073,10219,13917,13485,7269,12438,9892,4872,7480,8700,7956,9066,9189,10387,9096,12541,6837,6495,8818,8046,5077,4082,3349,5509,6738,9329,9489,11456,7355,7009,12048,11298,9202,4541,5334,5290,5546,5133,5816,6893,4969,6513,8800,11034,7685,7483,9633,6259,8325,11015,9939,14443,7402,13363,14392,7858,4808,3856,3981,2858,2894,2144,1661,1219,633,797,648,962,0,0,0,0,0,0,0,0
Ford,Escape,HV,0,0,0,0,0,0,0,0,0,0,0,0,0,0,0,0,0,0,0,0,0,0,0,0,0,0,0,0,0,0,0,0,0,0,0,0,0,0,0,0,0,0,0,0,0,0,0,0,0,0,0,0,0,0,0,0,0,0,0,1956,1942,2578,1711,1239,1608,1631,2096,2073,2286,2258,1954,2623,1781,2055,3063,3683,3574,1213,366,2471,2168,3185,2096,2668,2862,1664,2622,2548,1051,1259,887,2785,2447,446,269,231,116,87,134,1160,1881,1446,1396,1348,1298,1191,1240,1722,902,1218,1259,989,1814,1003,899,1431,1328,1687,1139,1277,947,1663,1819,1373,1813,1910,1788,1999,1044,1560,0,0
Ford,Escape,ICE,20054,20915,26303,25770,29248,24126,29253,28870,28473,24719,20807,27954,19219,23854,28521,23920,30861,29003,26260,28061,25065,23505,23012,25788,20588,27637,28113,25637,27830,27151,27716,23631,25575,23064,25101,26253,18947,21033,27370,21383,26993,28901,20630,24395,20398,20515,21516,20147,17649,21055,21998,20487,26834,25077,21943,23138,15620,16474,15789,13368,12192,15025,14669,7502,11563,13116,12161,13800,14525,13701,11479,14750,9403,9775,14857,11985,16334,7496,3733,7741,8616,9851,7136,7955,9813,9556,11647,11911,7143,7572,8708,9906,9206,8716,7640,8150,7325,6012,6408,15254,9189,12465,10056,10391,11568,10831,10031,11130,9626,11592,10650,10727,11590,9940,9175,11786,9702,10550,8566,10882,8580,11583,10474,10105,14054,11761,8455,9289,6423,7816,0,0
Ford,Escape,PHV,0,0,0,0,0,0,0,0,0,0,0,0,0,0,0,0,0,0,0,0,0,0,0,0,0,0,0,0,0,0,0,0,0,0,0,0,0,0,0,0,0,0,0,0,0,0,0,0,0,0,0,0,0,0,0,0,0,0,0,0,0,0,0,7,7,7,15,0,0,0,0,0,6,23,27,12,43,162,42,484,678,464,188,81,445,486,867,1043,705,726,259,581,612,804,984,819,437,348,282,719,663,913,961,693,1063,551,271,388,361,417,570,619,672,589,398,504,715,547,639,1096,375,712,1204,1425,1528,1263,973,1002,1166,1313,0,0
Ford,Expedition,ICE,2460,3277,3865,3082,4147,4032,2730,3401,3489,3924,2980,4056,2855,3984,3834,4521,5057,7507,5963,5725,6033,3893,5204,5259,4064,5906,5472,5116,5758,4801,3617,2819,2848,2074,3950,5458,3439,4358,5653,3976,5223,5285,3475,5485,3627,3623,4264,6253,6168,6407,9198,7961,7196,6639,6895,7087,4604,4632,10379,9256,6621,8041,5128,3099,4236,5220,5856,6110,7436,9014,7025,10052,5109,7228,9926,8880,8912,7453,5457,5355,5884,5648,4577,7559,4725,3076,1917,1995,4441,6693,6981,6534,5245,6118,5898,8384,5693,6899,6767,6255,6782,6970,4753,6923,5385,4704,4906,7359,5466,8379,7715,7883,7892,5972,4983,5675,4159,5267,5852,8792,4620,4389,4473,11116,11298,8884,7518,8724,5602,5452,0,0
Ford,Explorer,HV,0,0,0,0,0,0,0,0,0,0,0,0,0,0,0,0,0,0,0,0,0,0,0,0,0,0,0,0,0,0,0,0,0,0,0,0,0,0,0,0,0,0,0,0,0,0,0,0,0,0,0,0,0,0,0,0,0,0,0,393,453,715,931,749,498,440,763,761,849,979,941,791,662,642,961,1261,1156,1062,1099,633,780,847,693,657,267,288,725,575,493,764,722,867,1031,1004,759,786,806,900,965,746,473,680,439,515,700,747,339,294,316,131,119,66,53,53,256,389,424,794,570,832,866,744,668,606,618,699,583,643,570,462,0,0
Ford,Explorer,ICE,17036,18613,23058,18844,22304,22549,23381,23671,20715,20723,16690,21667,16614,22389,24412,23546,21790,20356,19192,20980,19146,18597,19628,21857,17650,21696,23424,22864,25632,24285,21529,20747,21207,19421,24110,28566,17989,20860,23955,20865,22676,22361,22782,24035,21347,21935,20473,22293,19310,21788,20824,12923,13679,13299,12008,10726,11220,17631,15460,17800,15838,20447,17926,12586,15679,14887,17365,18956,20366,20100,17907,25290,17433,20103,25443,25779,15356,8383,12252,7857,19312,19867,17575,20058,15988,9278,16190,20226,19101,19022,16951,18209,15546,14883,15681,18317,14811,18274,22305,17581,14058,12824,8225,8057,15773,15887,12174,19226,18519,19480,19900,19228,16675,10263,12631,16504,11792,16351,13729,15019,12639,14327,18070,20383,19886,15423,18254,19974,15976,17202,0,0
Ford,Fiesta,ICE,3454,3708,4948,5982,9426,7971,5491,5892,6996,3618,3422,3550,2560,3754,4549,4462,6150,4064,4092,4946,4230,3381,2847,3772,3575,3981,5488,3329,4181,4026,3582,4247,3730,3418,3035,3657,3775,3559,4964,3151,5110,4800,3928,3938,3293,5665,5238,4309,3886,4758,7299,6697,7701,7775,5705,5511,3501,2986,2380,1949,1410,966,347,165,159,110,75,42,18,11,51,0,0,0,0,0,0,0,0,0,0,0,0,0,0,0,0,0,0,0,0,0,0,0,0,0,0,0,0,0,0,0,0,0,0,0,0,0,0,0,0,0,0,0,0,0,0,0,0,0,0,0,0,0,0,0,0,0,0,0,0,0
Ford,Flex,ICE,1458,1318,1848,1937,2443,1591,1898,1303,1266,1409,1364,1735,1991,2334,2100,2003,1809,1598,1777,1828,1594,1066,1478,3090,1831,2455,1796,1545,1938,2018,1540,1895,1697,2042,1798,1834,1469,1921,1485,1240,1701,2328,1858,2023,2133,1165,1540,1445,1715,1641,2201,1447,2439,3320,1375,2350,1849,2366,2368,1413,1001,912,552,587,739,360,297,175,66,41,118,0,0,0,0,0,0,0,0,0,0,0,0,0,0,0,0,0,0,0,0,0,0,0,0,0,0,0,0,0,0,0,0,0,0,0,0,0,0,0,0,0,0,0,0,0,0,0,0,0,0,0,0,0,0,0,0,0,0,0,0,0
Ford,Focus,EV,85,145,140,124,165,152,135,176,145,126,93,96,66,81,110,81,54,54,58,75,82,73,66,101,56,228,407,125,132,110,148,131,131,115,0,113,70,70,137,83,88,50,46,7,4,0,1,1,0,0,0,0,0,0,0,0,0,0,0,0,0,0,0,0,0,0,0,0,0,0,0,0,0,0,0,0,0,0,0,0,0,0,0,0,0,0,0,0,0,0,0,0,0,0,0,0,0,0,0,0,0,0,0,0,0,0,0,0,0,0,0,0,0,0,0,0,0,0,0,0,0,0,0,0,0,0,0,0,0,0,0,0
Ford,Focus,ICE,18393,13874,20357,17976,23769,21899,16892,16145,13292,16297,11093,10909,12911,18539,18508,15902,17401,19437,13915,11697,11078,9295,9064,10141,9521,12463,14030,13072,17112,15465,16357,12719,11620,9980,13226,11124,6540,12229,16000,12918,16056,10860,8947,8971,7191,4936,4480,3660,7359,1718,1272,953,286,892,0,0,0,0,0,0,0,0,0,0,0,0,0,0,0,0,0,0,0,0,0,0,0,0,0,0,0,0,0,0,0,0,0,0,0,0,0,0,0,0,0,0,0,0,0,0,0,0,0,0,0,0,0,0,0,0,0,0,0,0,0,0,0,0,0,0,0,0,0,0,0,0,0,0,0,0,0,0
Ford,E-Series,ICE,3308,4396,6204,4802,4364,4809,3342,3823,3988,4036,3994,3722,2959,3873,5816,5530,3985,5232,4011,4716,4073,4592,4705,4753,3290,4016,4769,5199,5389,4951,3316,4894,4810,4265,4494,3911,5105,3604,5184,3981,3907,3724,3713,4020,3311,3901,4337,3149,2755,3936,4100,4731,3661,3168,2899,3395,3581,4910,3736,4191,3038,3789,3271,1397,1720,2685,2683,3306,3297,4469,3412,3934,3036,3956,3581,2549,2086,2127,2468,3437,3227,4078,2771,3806,2178,3024,1999,1805,1160,2371,2810,3978,2898,3692,2982,3253,2848,3514,4423,3183,2732,2820,4558,3613,2811,4218,4150,4087,3080,3543,3817,2892,3572,3364,2785,3364,3030,3755,3292,4284,2939,2968,3772,3699,3379,2707,3576,3531,3624,4591,0,0
Ford,F-Series,EV,0,0,0,0,0,0,0,0,0,0,0,0,0,0,0,0,0,0,0,0,0,0,0,0,0,0,0,0,0,0,0,0,0,0,0,0,0,0,0,0,0,0,0,0,0,0,0,0,0,0,0,0,0,0,0,0,0,0,0,0,0,0,0,0,0,0,0,0,0,0,0,0,0,0,0,0,0,0,0,0,0,0,0,76,63,43,148,4,201,1837,2173,2373,1918,2436,2062,2359,2264,1336,691,1335,1707,1424,1552,1018,933,3712,4393,3800,2258,2578,2907,2090,3260,2552,2822,2654,1686,1863,3643,5197,1907,2199,3081,1740,1902,2200,2831,3217,3957,1543,0,0
Ford,F-Series,HV,0,0,0,0,0,0,0,0,0,0,0,0,0,0,0,0,0,0,0,0,0,0,0,0,0,0,0,0,0,0,0,0,0,0,0,0,0,0,0,0,0,0,0,0,0,0,0,0,0,0,0,0,0,0,0,0,0,0,0,0,0,0,0,0,0,0,0,0,0,0,0,127,1347,1880,3949,3365,2852,3646,4498,3567,3537,6233,4767,4002,3322,2335,2130,2975,2836,4182,4364,2664,1351,2355,2913,4117,3499,3593,4018,4283,3818,5184,4336,3853,4122,3930,3964,5503,3160,3325,4588,8292,5766,8543,6976,6827,6326,7554,6309,6179,4368,4383,5956,7282,8434,8140,7761,6915,7536,7571,0,0
Ford,F-Series,ICE,54370,55236,67706,62827,61870,55171,66288,71332,69651,65500,65192,85211,51540,60697,73884,70774,67412,70937,65657,66946,67809,65542,72089,87512,57995,65956,81330,70657,76027,77895,69467,77007,82302,75974,72769,89385,58937,68243,87011,73104,84639,79204,70949,81839,75092,70438,72102,87772,61992,66122,86497,70006,84355,79426,73174,75464,65538,74549,72407,86996,58510,65404,62648,50323,65314,65188,70908,73954,76785,71593,52698,73970,53929,62598,80094,62937,43408,42027,47816,53754,59627,62026,55651,58418,47158,42874,42628,48538,46417,51654,56804,53246,43069,51614,50194,68600,49238,50066,55672,63977,65041,65747,62648,58416,53599,45867,44712,61538,39445,40665,39718,48995,55092,49215,53546,55935,46595,53496,52826,62977,46198,48685,57874,58419,64301,55253,58463,53883,49492,54119,0,0
Ford,GT,ICE,0,0,0,0,0,0,0,0,0,0,0,0,0,0,0,0,0,0,0,0,0,0,0,0,0,3,2,2,5,9,8,13,7,15,16,9,10,15,15,10,6,11,7,14,14,8,15,1,44,18,22,20,17,14,21,17,14,21,20,1,18,34,27,0,2,16,16,12,22,14,4,10,7,15,11,13,8,9,19,11,10,12,14,14,4,19,13,11,7,4,6,7,4,8,6,10,6,12,12,1,0,0,0,0,0,0,0,0,0,0,0,0,0,0,0,0,0,0,0,0,0,0,0,0,0,0,0,0,0,0,0,0
Ford,Maverick,HV,0,0,0,0,0,0,0,0,0,0,0,0,0,0,0,0,0,0,0,0,0,0,0,0,0,0,0,0,0,0,0,0,0,0,0,0,0,0,0,0,0,0,0,0,0,0,0,0,0,0,0,0,0,0,0,0,0,0,0,0,0,0,0,0,0,0,0,0,0,0,0,0,0,0,0,0,0,0,0,0,146,0,6,2159,3549,1882,4138,4597,3311,1667,2153,986,1747,4369,1692,1278,2789,4044,4298,3914,3651,4215,4099,4354,5075,6230,5963,3729,6092,6463,7105,6401,7687,6672,6777,5250,4534,5697,3594,2480,5185,6094,10135,10086,7961,6644,5790,6050,5571,5724,0,0
Ford,Maverick,ICE,0,0,0,0,0,0,0,0,0,0,0,0,0,0,0,0,0,0,0,0,0,0,0,0,0,0,0,0,0,0,0,0,0,0,0,0,0,0,0,0,0,0,0,0,0,0,0,0,0,0,0,0,0,0,0,0,0,0,0,0,0,0,0,0,0,0,0,0,0,0,0,0,0,0,0,0,0,0,0,0,360,4140,2576,3871,2964,2155,4557,4940,2778,2215,4567,2189,1407,4864,5765,4600,3483,3604,3260,2669,3314,3258,3528,3945,2930,3300,4416,3990,6351,6799,6251,5676,5929,5687,6164,5019,4139,5168,3305,1902,3545,4183,8873,10097,7547,5706,6232,5906,5299,5362,0,0
Ford,Ranger,ICE,0,0,0,0,0,0,0,0,0,0,0,0,0,0,0,0,0,0,0,0,0,0,0,0,0,0,0,0,0,0,0,0,0,0,0,0,0,0,0,0,0,0,0,0,0,0,0,0,2153,2899,4369,5748,7748,7384,7861,9818,8532,8251,10594,14214,6013,7213,7754,7547,10089,7372,8993,10113,9244,8779,8495,9874,6102,6954,11110,12801,14303,7101,5960,3271,5104,7218,7839,6992,5237,6126,6276,5110,5983,5108,3973,3988,4492,4009,2439,4264,2871,3962,4667,4201,4002,4415,4315,2069,1001,453,206,172,303,0,1615,4327,4703,4227,5386,5660,4458,5231,5039,5256,4502,4448,5963,7006,6319,4739,5974,5074,4253,7741,0,0
Ford,Fusion,HV,1782,2416,2534,1820,2440,1691,2157,2441,2002,2050,1388,1960,1373,1764,2057,2035,1716,2542,3519,3002,3776,4915,3372,3577,4856,4939,5865,4509,5671,5697,2191,4623,6326,5087,3541,4169,2519,5059,4646,3120,4597,4683,2737,2360,6872,5989,5831,5744,3510,6162,8457,6023,8005,7728,2533,1900,1352,1472,1081,1380,1038,1749,1682,683,922,1845,2264,1626,981,922,935,1125,534,537,629,460,398,167,40,31,17,13,12,11,0,0,0,0,0,0,0,0,0,0,0,0,0,0,0,0,0,0,0,0,0,0,0,0,0,0,0,0,0,0,0,0,0,0,0,0,0,0,0,0,0,0,0,0,0,0,0,0
Ford,Fusion,ICE,17486,19713,25673,22423,27899,22991,22096,24880,22132,20769,17119,22558,17923,22746,26380,17364,21420,22278,19147,14628,15142,12399,12371,14456,10053,10736,11892,11283,14932,11735,10992,11993,14164,11708,10629,12400,7193,10868,10675,9009,9916,10391,7563,8530,8526,9490,9690,9518,5948,6925,8940,8074,11976,10198,8644,9774,11277,9142,5766,11621,8882,12442,9989,5804,7048,7426,7811,8421,7095,5408,4751,6186,2062,1587,2235,1311,741,324,73,23,25,17,11,30,0,0,0,0,0,0,0,0,0,0,0,0,0,0,0,0,0,0,0,0,0,0,0,0,0,0,0,0,0,0,0,0,0,0,0,0,0,0,0,0,0,0,0,0,0,0,0,0
Ford,Fusion,PHV,426,603,837,711,986,727,852,949,808,849,944,1058,581,932,1238,1331,1453,1700,1341,1422,1652,1372,1817,1099,606,837,1002,905,1000,707,703,762,763,741,731,875,640,794,782,742,740,604,522,396,480,453,1131,790,557,573,611,753,1064,847,842,750,485,590,645,440,364,528,263,206,319,231,349,405,291,196,216,262,81,95,129,67,71,25,11,5,0,3,0,6,0,0,0,0,0,0,0,0,0,0,0,0,0,0,0,0,0,0,0,0,0,0,0,0,0,0,0,0,0,0,0,0,0,0,0,0,0,0,0,0,0,0,0,0,0,0,0,0
Ford,Mustang,ICE,8694,8454,12663,13144,13616,11719,8482,9997,9456,10096,7286,8742,7580,9993,12563,12726,10327,9776,9565,8299,6429,5414,6196,7064,5046,8298,9120,8063,7895,6186,6206,5535,5847,5236,6720,7714,4732,5800,8632,7125,8739,7400,5934,7487,5770,4924,4907,4392,5420,4025,7472,8020,7266,6339,5456,6644,4723,4928,6472,5724,4432,6761,6876,5302,5893,4522,4914,4630,4307,4399,4119,4935,4324,5653,7297,8000,4436,2240,4124,2263,2728,3076,3709,4564,5671,4700,3615,4377,3234,4647,3367,3533,3454,3848,3259,3861,4004,4959,5748,5141,3559,2060,1233,2036,6575,4270,4293,4727,3771,4115,5821,4657,5174,3906,3209,3164,2668,2688,2355,2475,2399,2792,4186,4922,5010,4242,4229,3235,1803,3845,0,0
Ford,Mustang Mach-E,EV,0,0,0,0,0,0,0,0,0,0,0,0,0,0,0,0,0,0,0,0,0,0,0,0,0,0,0,0,0,0,0,0,0,0,0,0,0,0,0,0,0,0,0,0,0,0,0,0,0,0,0,0,0,0,0,0,0,0,0,0,0,0,0,0,0,0,0,0,0,0,0,3,238,3739,2637,1951,1945,2465,2854,1448,1578,2848,3088,2349,2370,2001,2363,3805,5179,1957,4970,3120,2324,3055,3539,4775,2626,1783,998,1606,2917,4110,3937,5033,5872,2732,4294,4863,1295,2930,5364,4893,4255,3497,4592,5341,3459,3313,5938,6868,3529,3312,4766,2927,4724,2527,5308,7226,7643,2906,0,0
Ford,N/A (Class 4) (Ford),ICE,139,206,206,174,161,170,229,184,211,260,256,282,146,190,269,304,174,224,219,162,108,154,165,202,139,152,165,192,158,255,192,286,253,358,371,358,316,245,217,299,300,274,175,193,203,243,191,368,94,94,269,267,257,217,250,215,162,248,283,334,198,193,203,271,327,214,191,217,206,292,338,574,355,467,686,611,543,1063,567,546,791,606,663,779,461,648,473,363,381,538,622,675,735,705,628,672,511,246,352,492,711,816,661,987,747,810,1017,1012,703,844,1077,917,772,695,761,910,671,716,286,308,878,150,179,149,143,190,132,145,134,0,0,0
Ford,N/A (Class 5) (Ford),ICE,2889,2949,3504,3591,3773,3383,3477,3337,3711,5055,3561,5339,3749,3817,4256,4178,3301,3806,3427,3155,4111,3395,3520,4575,3238,3777,3520,4466,4192,4813,3392,4647,4742,4220,3909,4846,3556,3928,4828,4244,4601,4725,3946,4425,3988,4410,4063,4906,3549,3549,5073,4596,4761,4702,4081,4721,3459,4102,3826,5371,4484,4586,3939,3478,3882,4293,4083,4707,4468,5950,4641,6221,3909,3740,5485,4674,4844,4322,4161,4605,5066,4617,4553,4666,3931,3112,3528,2490,2949,3376,3521,4071,3418,3893,3090,3127,1931,1948,2021,3260,4270,4936,3800,4343,3634,3161,3423,4504,2908,4179,3850,3932,4304,3956,4526,4197,3136,3760,3797,4281,4365,3285,4430,3774,3641,2950,3228,2903,3403,0,0,0
Ford,N/A (Class 6) (Ford),ICE,1167,1078,1252,1058,1044,1138,970,873,855,1620,1488,2262,1594,1653,2638,1746,1743,1634,1545,1473,1569,1696,2061,2883,2086,1642,2283,1886,1101,1680,1299,1617,1263,1326,1236,1685,1199,1281,2168,1453,1962,1947,2005,1302,2106,1732,1607,1345,1116,1116,1820,2929,2556,2263,2672,1420,1161,2601,1285,1415,739,920,922,497,1015,831,1348,1392,1900,2320,2144,2685,1481,2072,2101,1162,1554,1064,1567,1422,1683,1929,1732,2188,1865,1310,1364,1586,1680,1860,1879,1564,1518,2308,2183,2340,1444,1405,1790,2333,2368,1252,1578,1470,1774,1547,1269,1279,882,1190,1411,1155,1186,1818,1262,1343,1260,999,1352,1975,1638,1278,1735,2158,2318,1795,1878,1966,1929,0,0,0
Ford,N/A (Class 7) (Ford),ICE,301,275,391,326,209,325,329,98,103,129,150,220,207,128,153,836,172,147,211,176,112,135,113,166,129,168,113,189,167,208,171,191,121,246,122,264,173,148,157,66,139,163,192,191,194,243,195,366,341,306,215,145,162,167,220,262,275,205,190,336,98,128,129,83,104,134,167,142,123,232,117,200,198,138,96,120,152,215,132,128,162,149,210,193,155,215,156,104,132,97,55,90,179,81,195,153,277,229,169,218,234,96,146,169,181,96,131,84,83,175,265,176,163,168,135,217,188,179,201,191,258,185,168,205,190,210,184,182,132,0,0,0
Ford,Taurus,ICE,2328,2685,3224,3375,3931,4493,4002,3447,3028,2803,2485,3250,3112,3807,4262,3539,2461,2514,2230,2531,2522,2287,1926,3435,2814,4008,4030,2710,3027,2932,2224,2179,2356,2097,2146,2719,2548,2530,2569,2214,2987,2692,2570,3036,2199,2556,2719,3475,2587,2652,2391,1367,1238,757,666,533,303,857,0,0,0,0,0,0,0,0,0,0,0,0,0,0,0,0,0,0,0,0,0,0,0,0,0,0,0,0,0,0,0,0,0,0,0,0,0,0,0,0,0,0,0,0,0,0,0,0,0,0,0,0,0,0,0,0,0,0,0,0,0,0,0,0,0,0,0,0,0,0,0,0,0,0
Ford,Transit,EV,0,0,0,0,0,0,0,0,0,0,0,0,0,0,0,0,0,0,0,0,0,0,0,0,0,0,0,0,0,0,0,0,0,0,0,0,0,0,0,0,0,0,0,0,0,0,0,0,0,0,0,0,0,0,0,0,0,0,0,0,0,0,0,0,0,0,0,0,0,0,0,0,0,0,0,0,0,0,0,0,0,0,0,0,138,52,528,857,874,559,526,404,449,770,654,689,357,404,407,558,820,366,791,889,937,387,271,1485,1121,860,910,1036,1451,923,828,949,1178,1088,1240,1026,230,1815,1711,192,97,129,90,228,112,260,0,0
Ford,Transit,ICE,6380,6750,9751,10913,11715,12134,8025,10263,10154,9361,9584,12547,9631,11496,14895,14381,13640,14437,11335,11993,10799,10202,7379,13056,7770,10346,12167,11500,13801,10826,3710,10172,13546,10290,10852,12380,7512,9666,13173,12015,15513,13533,10794,12725,11532,10757,9226,11348,7822,9372,14648,13415,15404,12446,12544,16925,14407,16807,8710,11368,11114,12626,13096,4387,5402,8155,11983,12780,14127,12403,9917,15566,7498,9189,10764,11445,8381,4436,8984,8163,9939,7862,4563,8521,4787,4498,7208,7710,7476,7141,6940,9826,8360,9893,9691,9352,9772,10804,10271,8848,10462,10977,12725,10752,7912,7755,8314,12745,13070,12550,11379,11376,14411,13077,10807,9703,8652,11341,11840,11922,7445,12062,11317,12148,15122,13789,13371,15432,13270,12886,0,0
Ford,Transit Connect,ICE,3689,2790,4866,3860,4576,4476,4723,3995,3852,5877,4237,5280,3411,3038,3619,3310,4390,4735,4890,3646,2714,2265,2721,4493,2098,2102,2760,2905,3144,3051,3499,3678,2362,1981,2920,3973,1914,2101,2623,2443,3249,3124,2414,2785,2565,2695,2822,3188,2948,2985,3007,3026,3727,4160,3955,4573,3009,3557,3067,3584,2828,2374,2363,1695,2543,2522,3963,3249,3704,2886,2993,3476,2015,2524,3084,3207,3430,2680,1712,585,384,1438,2682,2371,1252,2125,3980,2209,2532,2009,1812,2667,1597,1793,1438,1726,1165,1459,1199,2146,1270,1508,1095,1695,2587,995,1476,1455,1270,2004,1691,1113,847,502,371,983,0,0,0,0,0,0,0,0,0,0,0,0,0,0,0,0
GMC,Acadia,ICE,5898,7061,7410,8767,10498,9421,10671,9050,6647,6928,6776,7266,5385,6972,6214,7004,6407,6200,7462,6101,6795,8569,9168,12189,8899,8781,11432,10164,8835,7884,9722,9497,7564,9012,8649,10837,7444,10705,11751,6682,8727,5063,2848,4866,5771,6222,10437,8469,8875,8547,13778,9057,10810,8553,6392,7813,6133,5109,7605,6757,5516,6540,5630,4392,5376,5474,5953,5982,6296,6547,6126,8705,5652,5684,8620,7983,9694,8589,5429,1941,2087,1818,694,1722,1796,3763,3777,4384,5192,5754,5211,4362,4833,3756,5343,4843,4307,5684,5954,7070,10263,6872,5243,5347,4808,3984,3371,3419,2517,2630,2527,1632,3428,4948,5839,4858,3758,4463,5870,6708,3628,4250,5379,5967,5642,4505,3938,4396,4151,4537,0,0
GMC,Canyon,ICE,2205,2513,2434,2432,2901,2532,2654,2423,2332,2415,2236,3000,2270,2440,2867,3026,3361,3398,3532,3363,2949,2785,3410,4048,2059,2978,2490,2368,2477,2516,2761,2698,2922,2860,2510,3467,2171,2319,2723,2984,3537,3075,2560,3253,2612,3046,2661,2512,1893,1992,3069,3563,4432,3914,2283,2824,2330,1837,2214,2474,1498,1706,1279,1230,2051,1944,2167,2042,2266,2779,2579,3649,2368,2632,2144,580,1679,3088,2973,1850,656,1316,2151,2688,2129,1863,2168,2315,2548,2638,2974,2681,2095,2462,1941,2005,1788,1827,1401,1033,2179,3496,2690,2871,2066,852,703,1552,1575,845,3064,4015,3884,3452,3510,4109,2502,3873,3562,3824,2993,2756,3347,3184,3287,2772,3225,3460,2854,3064,0,0
GMC,Sierra,EV,0,0,0,0,0,0,0,0,0,0,0,0,0,0,0,0,0,0,0,0,0,0,0,0,0,0,0,0,0,0,0,0,0,0,0,0,0,0,0,0,0,0,0,0,0,0,0,0,0,0,0,0,0,0,0,0,0,0,0,0,0,0,0,0,0,0,0,0,0,0,0,0,0,0,0,0,0,0,0,0,0,0,0,0,0,0,0,0,0,0,0,0,0,0,0,0,0,0,0,0,0,0,0,0,0,0,0,0,0,0,0,0,0,0,0,73,314,294,445,662,323,381,545,506,514,504,737,904,1733,712,0,0
GMC,Sierra,HV,0,0,0,0,0,1,0,0,0,0,0,0,0,0,0,0,0,0,0,0,0,0,0,0,0,1,0,0,0,0,0,3128,2992,135,222,202,143,239,474,385,564,752,311,159,254,156,106,68,11,12,13,10,2,4,0,0,1,0,1,1,0,0,0,0,0,1,0,0,0,0,0,0,0,0,0,0,0,0,0,0,0,0,0,0,0,0,0,0,0,0,0,0,0,0,0,0,0,0,0,0,0,0,0,0,0,0,0,0,0,0,0,0,0,0,0,0,0,0,0,0,0,0,0,0,0,0,0,0,0,0,0,0
GMC,Sierra,ICE,12621,15157,17395,18082,18977,18617,19808,21241,19754,18521,16527,27438,14381,15202,21548,20531,17642,17162,22428,17478,18068,15050,18900,23290,13732,17617,18460,17400,16200,15743,19963,14126,15114,18760,17914,26234,11081,12923,16608,14341,17255,25566,17486,16339,16819,18661,19904,28417,11450,12645,16415,17866,19688,19287,20451,26454,19292,19538,20020,29162,15331,19820,17858,17901,20446,15476,20351,24509,22952,22365,20219,35787,19104,18459,25354,26986,25486,23023,22331,17233,13210,18413,17438,21887,16631,18679,21307,21224,21182,19915,14481,18013,17675,21667,20735,30013,22315,21786,23097,25339,24927,25544,23545,26733,22941,24569,27115,27826,18355,22142,28100,25873,26795,27520,26627,28276,25323,29295,30210,34430,21599,24275,31418,30322,31632,27163,28704,30820,25912,29148,0,0
GMC,Hummer Pickup,EV,0,0,0,0,0,0,0,0,0,0,0,0,0,0,0,0,0,0,0,0,0,0,0,0,0,0,0,0,0,0,0,0,0,0,0,0,0,0,0,0,0,0,0,0,0,0,0,0,0,0,0,0,0,0,0,0,0,0,0,0,0,0,0,0,0,0,0,0,0,0,0,0,0,0,0,0,0,0,0,0,0,0,0,1,3,21,75,96,35,141,185,125,101,69,0,3,1,0,1,6,9,30,101,334,439,378,276,171,95,73,217,301,404,393,407,578,559,585,635,687,411,438,605,605,685,557,650,660,1047,447,0,0
GMC,Hummer SUV,EV,0,0,0,0,0,0,0,0,0,0,0,0,0,0,0,0,0,0,0,0,0,0,0,0,0,0,0,0,0,0,0,0,0,0,0,0,0,0,0,0,0,0,0,0,0,0,0,0,0,0,0,0,0,0,0,0,0,0,0,0,0,0,0,0,0,0,0,0,0,0,0,0,0,0,0,0,0,0,0,0,0,0,0,0,0,0,0,0,0,0,0,0,0,0,0,0,0,0,0,0,0,2,3,127,163,320,404,479,331,425,527,575,643,613,742,1016,1003,1034,1046,1104,576,583,866,962,946,753,827,809,1253,588,0,0
GMC,Savana,ICE,1489,1999,1800,3438,2636,2577,981,744,728,1380,1439,2781,1500,1380,1244,3412,2341,1597,726,692,1004,760,1635,4316,1235,1843,3689,3629,2618,3726,2095,1868,3465,1845,1712,1954,700,1478,2619,2495,2348,2257,1736,1697,1382,809,785,1311,1065,1996,3505,2667,2673,4163,2264,1671,1086,756,680,1700,857,1071,2254,1330,879,775,1475,1871,1497,906,840,1353,1179,2024,2644,2743,1448,1253,700,733,782,905,1726,1607,576,1156,1253,1870,2399,2534,3045,2625,3011,3646,1921,1533,997,1901,1898,2113,2596,2560,2533,2780,1883,955,784,788,370,359,349,1206,2676,2519,2890,2453,1533,1729,1549,952,536,773,1266,2075,3210,2616,2744,1748,2301,908,0,0
GMC,Terrain,ICE,8844,10859,8030,8792,9674,8211,8813,9237,10935,9987,8999,9649,8835,8232,6891,7344,7513,8062,9375,6004,5656,6358,6215,7440,6241,8783,7831,8396,5527,5464,5721,9218,9116,5046,7598,6500,7130,10255,15579,9506,6278,6263,7462,8262,11704,9911,10891,10793,7901,6823,10640,8651,7893,8444,8621,9117,5320,8399,8845,10816,9662,9739,5891,4291,5085,4563,5589,6928,8796,9138,7222,9116,5426,5302,6189,4608,6129,5879,5649,3049,1203,309,312,3433,6494,7565,10885,8613,7579,6566,5952,5802,6163,7811,6386,6751,5341,5887,6700,7378,5985,6334,5438,5606,5959,4779,5517,6933,5514,7162,9188,8342,8850,10067,6269,5126,4769,5489,5106,6218,5242,4549,6157,5060,5541,5812,7556,7765,6668,6702,0,0
GMC,Yukon,HV,2,3,0,3,0,2,0,0,0,0,0,0,0,0,0,0,0,0,0,0,0,0,0,0,0,0,0,0,0,0,0,0,0,0,0,0,0,0,0,0,0,0,0,0,0,0,0,0,0,0,0,0,0,0,0,0,0,0,0,0,0,0,0,0,0,0,0,0,0,0,0,0,0,0,0,0,0,0,0,0,0,0,0,0,0,0,0,0,0,0,0,0,0,0,0,0,0,0,0,0,0,0,0,0,0,0,0,0,0,0,0,0,0,0,0,0,0,0,0,0,0,0,0,0,0,0,0,0,0,0,0,0
GMC,Yukon,ICE,2647,2793,2661,3155,3455,3283,3551,4493,3963,3525,3925,5271,2567,3024,3394,3324,3747,3972,4677,5324,5296,5677,6169,6276,3080,3707,3197,3030,2857,3656,4370,4439,3591,4158,4567,8531,2701,2936,3257,2935,4274,2997,2904,3928,5787,3787,4706,5906,2072,2422,2725,2741,3025,5570,3339,4880,3217,3232,4125,5162,3427,4111,1535,1389,2749,1678,2030,3480,4492,5847,4857,5370,4414,3623,3845,4886,5423,4051,4396,2801,3536,4961,4034,5395,4275,3460,4388,3414,2907,3889,4435,3812,4344,4486,4031,4779,4311,2623,3537,4951,3675,3845,3744,3606,4413,4043,3112,3638,2941,3680,4119,4525,4338,4042,3818,4188,3792,4369,5766,7125,4312,4480,4505,5384,5182,4393,4674,4019,3641,4744,0,0
GMC,Yukon XL,ICE,1965,2048,1977,2525,2516,2407,2299,2175,3027,2722,3137,4536,1995,2280,2427,2518,2384,2594,2937,3478,3500,3469,3616,5856,2078,2629,2849,2017,2612,2445,2780,2744,2565,2814,3105,6421,1688,1785,2635,3022,3633,2518,1594,2189,4494,2805,3476,4686,1478,2654,3596,2834,4108,1745,1950,2685,2666,2013,4098,2336,1960,1835,1198,1697,1725,1304,1012,961,2098,3304,3189,2192,2365,1704,2507,3193,3841,2463,2529,1793,2373,3110,2754,4245,3485,2488,3200,2472,2030,2358,2666,2912,3009,3341,3466,2657,3148,2588,3516,3674,3079,3045,2945,3007,3443,2968,2734,2626,2157,2504,2612,2919,2867,2758,2579,2690,2264,2735,3297,5227,2853,3173,4001,3668,3082,3157,2972,2645,2040,2905,0,0
Genesis,EQ900 (G90),ICE,0,0,0,0,0,0,0,0,0,0,0,0,0,0,0,0,0,0,0,0,10,92,301,379,468,327,408,316,397,337,305,319,369,378,368,406,370,277,337,242,236,154,117,136,115,104,72,80,155,176,159,129,158,162,161,198,242,289,194,216,227,289,168,94,161,208,132,184,96,139,139,235,121,136,158,164,167,116,127,108,169,203,181,171,187,145,97,82,48,21,22,80,104,103,150,133,105,111,140,120,113,114,108,119,92,68,125,130,202,100,140,75,95,85,112,118,90,178,150,158,119,122,100,116,119,130,152,171,131,152,0,0
Genesis,G70,ICE,0,0,0,0,0,0,0,0,0,0,0,0,0,0,0,0,0,0,0,0,0,0,0,0,0,0,0,0,0,0,0,0,0,0,0,0,0,0,0,0,0,0,0,0,1,51,128,229,596,819,816,844,1447,1193,905,1015,871,1021,1153,1222,716,841,517,551,870,897,883,950,899,826,683,803,532,563,769,801,1021,1103,987,996,947,1196,1122,681,681,895,1297,1264,1485,1140,1142,1103,945,687,956,1054,804,719,1057,1139,1156,1353,1310,1394,1751,982,684,897,986,686,1020,1035,931,838,850,1055,1137,1016,1548,1156,642,728,1005,803,773,1185,1120,1167,859,1062,0,0
Genesis,G80,EV,0,0,0,0,0,0,0,0,0,0,0,0,0,0,0,0,0,0,0,0,0,0,0,0,0,0,0,0,0,0,0,0,0,0,0,0,0,0,0,0,0,0,0,0,0,0,0,0,0,0,0,0,0,0,0,0,0,0,0,0,0,0,0,0,0,0,0,0,0,0,0,0,0,0,0,0,0,0,0,0,0,0,0,0,0,0,0,0,0,0,0,12,69,47,61,23,33,32,315,94,120,119,227,107,137,103,16,26,23,26,55,9,11,16,24,79,52,44,29,29,20,12,19,0,14,12,10,1,0,0,0,0
Genesis,G80,ICE,0,0,0,0,0,0,0,0,0,0,0,0,0,0,0,0,0,0,0,1497,1201,1109,1005,1354,1350,1255,1347,1083,1355,1276,1339,1484,1367,1408,1408,1542,1243,1086,1049,786,840,642,498,477,303,217,217,305,473,533,475,632,708,532,520,544,446,625,820,787,456,457,284,161,319,324,242,226,133,89,55,613,649,420,443,434,501,545,586,620,399,527,486,421,405,263,380,445,422,260,283,302,335,336,349,345,226,172,296,383,370,768,400,186,300,369,322,378,229,320,419,321,388,313,250,311,257,268,362,320,237,319,281,320,283,290,271,322,306,331,0,0
Genesis,GV60,EV,0,0,0,0,0,0,0,0,0,0,0,0,0,0,0,0,0,0,0,0,0,0,0,0,0,0,0,0,0,0,0,0,0,0,0,0,0,0,0,0,0,0,0,0,0,0,0,0,0,0,0,0,0,0,0,0,0,0,0,0,0,0,0,0,0,0,0,0,0,0,0,0,0,0,0,0,0,0,0,0,0,0,0,0,0,0,0,0,2,231,284,324,199,201,172,177,129,171,212,267,276,265,261,258,379,353,434,395,166,147,160,254,262,237,296,296,180,203,285,380,189,224,320,192,148,119,97,175,264,93,0,0
Genesis,GV70,EV,0,0,0,0,0,0,0,0,0,0,0,0,0,0,0,0,0,0,0,0,0,0,0,0,0,0,0,0,0,0,0,0,0,0,0,0,0,0,0,0,0,0,0,0,0,0,0,0,0,0,0,0,0,0,0,0,0,0,0,0,0,0,0,0,0,0,0,0,0,0,0,0,0,0,0,0,0,0,0,0,0,0,0,0,0,0,0,0,0,0,0,0,0,0,0,0,0,0,0,161,187,133,109,158,166,174,294,247,114,146,155,379,732,349,198,178,92,154,149,330,195,180,339,130,161,176,176,249,248,15,0,0
Genesis,GV70,ICE,0,0,0,0,0,0,0,0,0,0,0,0,0,0,0,0,0,0,0,0,0,0,0,0,0,0,0,0,0,0,0,0,0,0,0,0,0,0,0,0,0,0,0,0,0,0,0,0,0,0,0,0,0,0,0,0,0,0,0,0,0,0,0,0,0,0,0,0,0,0,0,0,0,0,0,0,0,576,1568,1525,1603,1869,1604,1988,1165,1357,1592,1797,1182,1220,1698,1657,1639,1544,1813,2477,1401,1762,2145,2219,2047,1745,2416,2293,1828,1885,2028,2590,1471,1760,1684,1496,1894,2001,2483,3005,2343,2594,3086,3127,1631,1929,2214,2374,2969,3022,2697,3210,3012,3032,0,0
Genesis,GV80,ICE,0,0,0,0,0,0,0,0,0,0,0,0,0,0,0,0,0,0,0,0,0,0,0,0,0,0,0,0,0,0,0,0,0,0,0,0,0,0,0,0,0,0,0,0,0,0,0,0,0,0,0,0,0,0,0,0,0,0,0,0,0,0,0,0,0,0,0,0,0,0,58,1459,1512,1283,1636,1895,2039,1714,1912,1726,1749,1505,1609,1738,1200,822,1237,1451,1261,1634,1774,1624,1616,1435,1504,1963,1207,1241,1491,1474,1336,1506,1499,1938,1991,1790,2084,2140,1078,1420,2270,1939,1604,1780,1981,2344,2386,2446,2394,2659,1604,1840,2474,2242,2256,1889,2164,2630,2037,2332,0,0
Honda,Accord,HV,805,832,948,1118,1463,1241,1481,1369,854,442,288,222,71,68,51,29,15,31,565,890,1160,1296,1879,3124,1711,1867,1843,1787,1976,1799,2007,2162,2278,1832,1586,1160,487,250,135,626,2591,2206,1589,1680,1972,2078,1769,1807,1388,1480,2097,2004,2451,2113,2054,2629,1721,1814,2129,1938,1240,1638,983,610,1461,1569,1993,2114,1902,1689,1261,1769,1276,1601,2411,2806,4153,3525,2604,1747,959,1269,2342,3891,3259,3858,4857,3928,2537,3506,2130,3133,3156,3354,3355,3449,1925,2275,7970,11228,11100,9899,9854,9312,9101,8179,7428,8052,5456,6267,7542,6380,7170,6468,7182,8355,6762,6282,6700,8673,5646,5376,7602,6867,7075,5766,6397,7553,6087,6394,0,0
Honda,Accord,ICE,20178,20772,25065,26128,30905,26232,33014,39560,32787,29679,25277,34833,20694,25717,30472,31497,31934,28775,31381,29225,26044,24255,25303,30749,17825,21588,24981,25151,31571,27992,28896,27857,27511,24908,21412,20955,17190,19503,24036,21125,25621,24520,23338,25045,23385,21700,21598,26820,17398,18774,23274,17235,21441,19780,22090,27929,18605,19875,19604,17744,13859,16578,12827,8241,15908,13840,15228,17053,18247,17496,14212,17740,12054,11692,17557,18229,22146,17257,13927,12829,11215,14117,12525,10544,7151,10113,12801,12860,8529,7023,5169,8486,7967,8397,10437,15157,12812,9234,8590,8069,8907,7836,8019,8349,7722,7167,6507,8412,6569,7850,8243,6023,6624,6129,6822,8184,6663,5330,4971,6078,4019,3530,4439,4410,6942,6293,6693,8142,6840,8002,0,0
Honda,Accord,PHV,28,12,5,5,5,4,1,2,0,0,1,1,0,0,0,0,0,0,0,0,0,0,0,0,0,0,0,0,0,0,0,0,0,0,0,0,0,0,0,0,0,0,0,0,0,0,0,0,0,0,0,0,0,0,0,0,0,0,0,0,0,0,0,0,0,0,0,0,0,0,0,0,0,0,0,0,0,0,0,0,0,0,0,0,0,0,0,0,0,0,0,0,0,0,0,0,0,0,0,0,0,0,0,0,0,0,0,0,0,0,0,0,0,0,0,0,0,0,0,0,0,0,0,0,0,0,0,0,0,0,0,0
Honda,CR-V,FCV,0,0,0,0,0,0,0,0,0,0,0,0,0,0,0,0,0,0,0,0,0,0,0,0,0,0,0,0,0,0,0,0,0,0,0,0,0,0,0,0,0,0,0,0,0,0,0,0,0,0,0,0,0,0,0,0,0,0,0,0,0,0,0,0,0,0,0,0,0,0,0,0,0,0,0,0,0,0,0,0,0,0,0,0,0,0,0,0,0,0,0,0,0,0,0,0,0,0,0,0,0,0,0,0,0,0,0,0,0,0,0,0,0,0,0,0,0,4,8,6,8,15,13,18,13,17,5,5,29,18,0,0
Honda,CR-V,HV,0,0,0,0,0,0,0,0,0,0,0,0,0,0,0,0,0,0,0,0,0,0,0,0,0,0,0,0,0,0,0,0,0,0,0,0,0,0,0,0,0,0,0,0,0,0,0,0,0,0,0,0,0,0,0,0,0,0,0,0,0,69,995,736,1336,1719,2210,2694,3218,3471,3179,4848,3564,4727,5900,6150,5435,3602,3833,5408,3799,5187,3648,4938,2366,2023,6932,5199,4560,4373,3344,3268,5417,4723,1966,3779,9551,9479,18136,18264,20986,16623,17899,16754,18328,16267,16603,18427,11548,14414,16688,14956,19130,16428,16904,19826,15760,16073,18889,22750,14865,17176,24755,21999,19414,15744,17485,18920,15275,16641,0,0
Honda,CR-V,ICE,23211,22298,27618,29452,32090,28349,31785,34771,29925,29032,25931,31185,19208,25250,26730,28913,29359,29615,36017,36517,31884,30306,25758,37778,29287,31898,32872,32671,32186,28342,31761,30960,30956,27773,32206,36983,24326,25852,31868,28323,35905,33306,32844,34610,30587,27825,31488,42079,29152,26304,31824,28344,30893,30427,33656,44235,25904,33344,33987,36098,26027,28199,15896,11465,27687,24769,28263,31697,30354,28944,22454,33272,22242,25522,31811,34629,36655,32962,27697,22520,13684,20206,17034,20118,11038,13209,23011,12801,12598,18492,18455,14813,16788,15794,17700,15506,10480,6647,12948,13512,12535,14536,15198,14237,16238,15130,14809,17870,14804,17617,19967,17276,18094,15282,17312,18701,13457,14749,15501,16647,12407,13267,20819,19466,18421,14144,14778,15198,13245,15037,0,0
Honda,CR-Z,HV,196,175,255,216,246,204,270,333,310,316,236,316,192,128,163,253,234,235,272,222,165,168,146,160,89,118,129,85,65,62,50,26,27,18,17,19,8,9,8,5,1,3,0,1,0,1,1,1,0,1,0,1,0,0,0,0,0,0,0,0,0,1,0,0,0,0,0,0,0,0,0,0,0,0,0,0,0,0,0,0,0,0,0,0,0,0,0,0,0,0,0,0,0,0,0,0,0,0,0,0,0,0,0,0,0,0,0,0,0,0,0,0,0,0,0,0,0,0,0,0,0,0,0,0,0,0,0,0,0,0,0,0
Honda,Civic,HV,320,358,351,386,458,391,463,590,613,455,239,263,161,143,166,92,83,62,60,50,38,14,15,12,16,8,15,8,4,5,2,0,2,2,1,2,0,2,0,0,0,4,0,0,0,0,0,0,0,0,0,0,0,0,0,0,0,0,0,0,0,1,0,0,0,0,0,0,0,1,0,0,0,0,0,0,0,0,0,0,0,0,0,0,0,0,0,0,0,0,0,0,0,0,0,0,0,0,0,0,0,0,0,0,0,0,0,0,0,0,0,0,0,0,0,2304,2794,4337,5962,6424,5499,6051,8642,8054,8423,7382,7845,8120,6030,6612,0,0
Honda,Civic,ICE,18379,20680,26634,27994,34014,28336,30676,31441,27665,27334,24811,32533,26580,27564,32689,35239,35313,31748,32892,32757,28146,26345,25288,31470,23079,27031,31505,31203,31985,30904,36681,36482,35450,30317,31180,31404,23749,25814,32584,28399,34349,31341,26311,27677,24806,22450,21890,26384,21553,22979,33653,28436,32800,29751,29167,34808,22337,23577,23676,22913,20054,25616,18273,13410,27244,23260,25188,25524,22371,21864,17372,21047,15475,15906,24522,28414,35962,32677,28318,19654,15647,13399,12927,20886,13599,14472,10444,14040,8147,9633,9243,7327,9381,11347,11390,14909,13313,14812,17423,16317,16110,15979,17154,17077,18696,17228,16837,19435,16449,20228,25252,22043,23987,21829,20185,20384,12967,12195,12405,12260,10674,12127,15983,15499,17386,12516,11199,13476,10319,11295,0,0
Honda,Clarity,EV/FCV/PHV,0,0,0,0,0,0,0,0,0,0,0,0,0,0,0,0,0,0,0,0,0,0,0,0,0,0,0,0,0,0,0,56,0,0,0,0,0,0,0,0,0,0,0,0,0,0,0,0,0,0,0,0,0,0,0,0,0,0,0,0,0,0,0,0,0,0,0,0,0,0,0,0,0,0,0,0,0,0,0,0,0,0,0,0,0,0,0,0,0,0,0,0,0,0,0,0,0,0,0,0,0,0,0,0,0,0,0,0,0,0,0,0,0,0,0,0,0,0,0,0,0,0,0,0,0,0,0,0,0,0,0,0
Honda,Clarity Electric,EV,0,0,0,0,0,0,0,0,0,0,0,0,0,0,0,0,0,0,0,0,0,0,0,0,0,0,0,0,0,0,34,0,52,34,464,527,203,104,48,7,37,126,112,29,59,68,69,86,78,68,63,90,76,32,23,38,21,38,38,11,24,14,2,0,1,1,2,0,1,0,0,0,0,0,0,0,1,0,0,0,0,0,1,0,0,0,0,0,0,0,0,0,0,0,0,0,0,0,0,0,0,0,0,0,0,0,0,0,0,0,0,0,0,0,0,0,0,0,0,0,0,0,0,0,0,0,0,0,0,0,0,0
Honda,Clarity Fuel Cell,FCV,0,0,0,0,0,0,0,0,0,0,0,0,0,0,0,0,0,0,0,0,0,0,0,8,42,27,23,34,119,49,82,0,14,0,0,0,56,249,121,156,30,4,3,1,2,0,1,1,1,0,2,11,16,56,51,47,35,27,44,30,31,42,20,10,18,13,21,8,18,23,14,12,27,46,14,25,14,15,15,13,24,28,30,31,28,41,83,48,3,2,0,0,0,0,0,0,0,0,0,0,0,0,0,0,0,0,0,0,0,0,0,0,0,0,0,0,0,0,0,0,0,0,0,0,0,0,0,0,0,0,0,0
Honda,Clarity Plug In,PHV,0,0,0,0,0,0,0,0,0,0,0,0,0,0,0,0,0,0,0,0,0,0,0,0,0,0,0,0,0,0,0,0,0,0,0,898,594,881,1061,1049,1639,1445,1500,1659,2139,2032,1833,2770,1192,1213,1351,978,814,1004,778,829,492,570,773,764,420,503,199,80,229,173,190,243,335,696,333,539,236,374,450,394,315,192,111,104,58,56,11,12,2,0,0,0,0,0,1,0,0,0,0,0,0,0,0,0,0,0,0,0,0,0,0,0,0,0,0,0,0,0,0,0,0,0,0,0,0,0,0,0,0,0,0,0,0,0,0,0
Honda,Crosstour,ICE,661,643,742,826,887,837,924,930,777,737,527,613,266,190,110,72,42,22,11,7,5,1,0,0,0,3,0,0,0,1,1,0,0,0,0,0,0,0,0,0,0,0,0,0,0,0,0,0,0,0,0,0,0,0,0,0,0,0,0,0,0,0,0,0,0,0,0,0,0,0,0,0,0,0,0,0,0,0,0,0,0,0,0,0,0,0,0,0,0,0,0,0,0,0,0,0,0,0,0,0,0,0,0,0,0,0,0,0,0,0,0,0,0,0,0,0,0,0,0,0,0,0,0,0,0,0,0,0,0,0,0,0
Honda,FCX Clarity,FCV,0,0,0,0,0,0,0,0,0,0,0,2,0,0,0,0,0,0,0,0,0,0,0,0,0,0,0,0,0,0,0,0,0,0,0,0,0,0,0,0,0,0,0,0,0,0,0,0,0,0,0,0,0,0,0,0,0,0,0,0,0,0,0,0,0,0,0,0,0,0,0,0,0,0,0,0,0,0,0,0,0,0,0,0,0,0,0,0,0,0,0,0,0,0,0,0,0,0,0,0,0,0,0,0,0,0,0,0,0,0,0,0,0,0,0,0,0,0,0,0,0,0,0,0,0,0,0,0,0,0,0,0
Honda,Fit (Jazz),EV,0,0,1,0,-1,0,0,0,0,1,0,0,0,0,0,0,0,0,0,0,0,0,0,0,0,0,0,0,0,0,0,0,0,0,0,0,0,0,0,0,0,0,0,0,0,0,0,0,0,0,0,0,0,0,0,0,0,0,0,0,0,0,0,0,0,0,0,0,0,0,0,0,0,0,0,0,0,0,0,0,0,0,0,0,0,0,0,0,0,0,0,0,0,0,0,0,0,0,0,0,0,0,0,0,0,0,0,0,0,0,0,0,0,0,0,0,0,0,0,0,0,0,0,0,0,0,0,0,0,0,0,0
Honda,Fit (Jazz),ICE,5802,5652,6639,6529,6343,4669,4332,2901,1279,1362,3018,4197,3095,3647,4771,5132,5706,5034,5432,5370,5068,4641,4309,4425,3078,3764,5060,4871,5105,4444,4804,4850,4073,3172,2799,3434,2937,3834,4520,3987,4976,4810,3818,2545,1507,920,678,768,1405,1745,3238,3247,3918,3603,3378,4027,2707,2800,2737,2609,2534,2853,1792,1187,2598,2923,3571,3814,3116,3082,2313,2705,1954,1724,2387,1717,729,162,15,5,2,0,0,0,0,0,0,0,0,0,0,0,0,0,0,0,0,0,0,0,0,0,0,0,0,0,0,0,0,0,0,0,0,0,0,0,0,0,0,0,0,0,0,0,0,0,0,0,0,0,0,0
Honda,HR-V,ICE,0,0,0,0,6381,7760,5909,4567,4608,4502,3505,4737,4177,4940,6398,6969,7392,6567,7394,7580,6853,6596,8141,9034,5689,6354,7653,8527,9533,8872,9779,9603,8024,6304,6153,7543,6259,6791,7753,7322,8773,8657,9085,9361,5978,4961,4241,6313,5974,7093,8582,7272,8565,7693,7877,9730,7528,10130,9461,9199,7457,8114,3843,2906,7063,7512,8402,8942,7560,7421,6379,8428,6369,8181,11625,13005,15242,14019,13832,10836,12289,11667,10193,9832,13487,13340,15341,13785,11250,5813,4322,6782,8435,7520,9027,6314,8013,8371,10120,8970,9300,9136,8919,11404,12801,11696,10642,12834,11956,12116,13990,13371,13720,11110,11928,15711,10903,11512,12594,12557,11817,13484,15643,13912,13258,10996,11715,13663,10870,11129,0,0
Honda,Pilot,ICE,12315,12629,11937,11222,11760,9093,9584,10202,10238,12913,10975,13344,8561,9572,10593,11370,11248,10830,10350,9269,9206,8677,9024,12072,7180,8099,9945,9746,9976,9409,9985,9568,10295,10285,14189,18602,11619,12056,14158,11891,13573,12782,13026,15332,15464,13479,10537,15698,8682,10990,13411,11399,12517,11579,11874,14381,9262,9529,10260,11250,7765,9688,6445,6562,12227,12128,12036,12508,10643,11631,9126,13054,8602,10689,12160,13915,16480,14714,14506,11371,12230,9480,7629,11286,6998,8163,8828,7994,8713,5739,10615,8690,8212,8843,7781,8991,6950,7271,10483,9949,10439,10691,9962,10089,6563,8223,9113,10565,7687,9684,12680,11882,12561,11789,12109,14093,10630,11927,12652,13551,8849,10204,13589,12157,11220,9175,9910,10791,8712,9845,0,0
Honda,Insight,HV,223,211,209,183,139,126,113,85,64,53,30,22,19,0,2,9,9,9,5,9,1,0,3,1,1,0,0,1,0,0,1,0,0,0,0,0,0,0,0,0,0,274,1972,2212,1844,2140,1833,2235,1762,1587,2151,2028,2653,2367,2218,2477,1541,1614,1579,1709,1433,1613,857,511,1127,1423,1922,1886,1472,1375,1080,1233,960,1217,1682,1871,1980,2157,2054,2370,1976,1939,746,479,556,546,763,861,1850,1146,1175,379,263,84,5,0,0,0,0,0,1,0,0,0,0,0,0,0,0,0,0,0,0,0,0,0,0,0,0,0,0,0,0,0,0,0,0,0,0,0,0,0
Honda,Odyssey,ICE,7870,8076,11142,11092,12835,11621,12851,13423,9924,8746,8356,11800,7221,8994,11224,13047,12212,11963,11228,9992,8954,7622,7978,10411,6500,6800,7727,6984,8999,11146,10134,8709,8310,7301,7823,9874,6100,7034,9873,8464,9861,9923,9269,9887,8878,8403,8123,10512,5828,6658,8811,7482,9519,9202,9111,10190,7457,7872,8249,8734,5622,6494,4274,3933,7648,7946,7286,8644,7844,8001,7016,8701,5336,5537,9193,9022,10071,8397,6831,7363,5691,2704,2394,3586,2700,3537,4973,3704,3074,2721,3178,3141,3964,4864,3755,8004,5609,6262,8031,7314,7011,5239,5240,5940,5713,5500,5919,6960,4556,5590,7247,7325,7628,6911,6950,7136,5905,6041,6644,8360,5046,6774,10282,9677,8712,9542,8821,6690,5416,5448,0,0
Honda,Passport,ICE,0,0,0,0,0,0,0,0,0,0,0,0,0,0,0,0,0,0,0,0,0,0,0,0,0,0,0,0,0,0,0,0,0,0,0,0,0,0,0,0,0,0,0,0,0,0,0,0,0,1848,2840,2907,3434,3385,3511,4182,2890,3649,3636,3677,2846,3109,1878,1594,3536,3060,3291,4070,4281,4102,3456,4344,3010,3686,4914,5239,5092,4753,4594,4681,6045,3719,2791,4609,3690,3314,3470,3410,3762,2456,3510,3524,3474,3617,3476,3602,3212,3839,4368,4255,4420,3710,3280,2713,3550,3411,3173,3571,2199,2596,2960,2744,3150,2644,2553,2828,2041,2549,2908,3355,2643,3497,5558,5457,5480,4433,4762,5173,4447,4717,0,0
Honda,Prologue,EV,0,0,0,0,0,0,0,0,0,0,0,0,0,0,0,0,0,0,0,0,0,0,0,0,0,0,0,0,0,0,0,0,0,0,0,0,0,0,0,0,0,0,0,0,0,0,0,0,0,0,0,0,0,0,0,0,0,0,0,0,0,0,0,0,0,0,0,0,0,0,0,0,0,0,0,0,0,0,0,0,0,0,0,0,0,0,0,0,0,0,0,0,0,0,0,0,0,0,0,0,0,0,0,0,0,0,0,0,0,0,0,93,612,830,3458,5401,3785,4130,6823,7885,3744,2933,2884,1847,2110,2799,6318,9347,4571,806,0,0
Honda,Ridgeline,ICE,214,136,77,43,26,7,6,4,2,0,3,2,2,-1,0,1,0,2472,3518,3437,3318,3371,3464,4085,2681,3265,3778,3186,2956,2730,2586,2610,2784,2709,2610,2854,2106,2209,2690,2459,2894,2630,2488,2792,2536,2501,2420,2867,1962,2186,2804,2654,2888,2761,2749,3302,2327,2647,3297,3757,3083,3210,1832,1460,2553,2367,2771,3081,2755,3401,2528,3127,2616,3873,6081,4607,4387,2806,2355,1463,2684,3257,3410,3816,3358,2479,3352,3640,4008,2960,4020,4381,4114,3866,2888,3696,3161,4649,5108,4903,4931,4678,4175,3910,4053,4133,3894,4406,3350,3979,3967,3949,1712,2965,4148,5030,3934,4370,3963,4054,2866,3254,4831,4274,4289,4767,4999,4555,3550,4086,0,0
Hyundai,Accent (Verna),ICE,4438,4867,7494,8208,4428,6541,4276,4733,3640,5102,5041,2718,5050,4897,7879,12933,5432,3139,7046,8329,7495,6498,6909,4159,7062,3352,4349,6951,5773,5028,2115,2632,7379,5485,3624,5205,2429,2080,2909,2816,2471,2120,1873,2586,2536,1483,1957,3830,1825,1790,3166,2834,2659,2632,1830,1577,1702,1706,1596,2311,1565,2046,1196,736,1512,1239,1538,1135,1348,1129,972,1559,1036,1448,1788,2711,2162,959,1852,1067,1813,2863,1071,844,507,744,1446,1372,1273,2088,3910,2174,1785,1683,687,154,16,12,2,0,0,0,1,0,0,0,0,0,0,0,0,0,0,0,0,0,0,0,0,0,0,0,0,0,0,0,0,0,0,0,0,0
Hyundai,Avante (Elantra),HV,0,0,0,0,0,0,0,0,0,0,0,0,0,0,0,0,0,0,0,0,0,0,0,0,0,0,0,0,0,0,0,0,0,0,0,0,0,0,0,0,0,0,0,0,0,0,0,0,0,0,0,0,0,0,0,0,0,0,0,0,0,0,0,0,0,0,0,0,0,0,0,0,0,0,348,521,1087,913,805,351,718,623,247,201,267,640,1377,1030,862,622,1929,2650,1738,1530,2058,2102,1800,1789,1882,1615,2173,2034,1817,1781,1780,1767,1346,1280,986,1390,1779,1666,2126,2055,2054,1835,1281,1307,1128,957,710,851,1510,1545,1848,1744,2439,4581,5103,0,0,0
Hyundai,Avante (Elantra),ICE,12240,15708,28794,21911,23432,26613,22135,22405,20724,15868,17634,14242,9885,11973,17505,12361,22168,22414,20629,20733,19382,15917,15796,19556,13185,15954,25063,16346,16407,13297,13287,15127,14401,14733,19060,21350,14017,15724,17323,14044,20762,17858,13753,15475,19923,18312,18148,15076,9942,10304,15866,16586,15733,16540,11579,14305,14614,13583,17322,18720,7874,10441,7430,7536,7608,7561,9283,9135,8235,11428,8095,10849,7242,6253,12250,13837,17734,13872,12298,10591,7286,7824,4429,4992,4814,6146,8828,9639,6869,7750,10092,11588,9023,7000,8982,9641,6855,8582,11565,11621,13432,11390,10081,9481,7625,7689,7467,7297,5914,7042,9749,8436,11185,9961,11710,12544,9905,10844,10216,10628,8156,9312,12951,11580,13893,10668,9915,10701,8705,10224,0,0
Hyundai,Azera,ICE,584,757,616,915,432,349,414,291,281,243,299,358,409,438,508,510,368,340,385,398,419,359,424,384,278,294,380,273,326,241,233,349,237,162,146,141,125,110,141,228,8,0,14,0,1,0,-1,2,0,0,0,0,0,0,0,0,0,0,0,0,0,0,0,0,0,0,0,0,0,0,0,0,0,0,0,0,0,0,0,0,0,0,0,0,0,0,0,0,0,0,0,0,0,0,0,0,0,0,0,0,0,0,0,0,0,0,0,0,0,0,0,0,0,0,0,0,0,0,0,0,0,0,0,0,0,0,0,0,0,0,0,0
Hyundai,Equus,ICE,220,207,214,178,170,170,174,185,212,203,198,201,171,286,160,164,123,131,119,83,60,30,26,8,5,4,7,0,1,2,0,0,1,0,0,0,0,0,0,0,0,0,0,0,0,0,0,0,0,0,0,0,0,0,0,0,0,0,0,0,0,0,0,0,0,0,0,0,0,0,0,0,0,0,0,0,0,0,0,0,0,0,0,0,0,0,0,0,0,0,0,0,0,0,0,0,0,0,0,0,0,0,0,0,0,0,0,0,0,0,0,0,0,0,0,0,0,0,0,0,0,0,0,0,0,0,0,0,0,0,0,0
Hyundai,Hyundai Genesis,ICE,2573,2793,3064,3159,3168,2513,2474,2440,2239,2020,1837,3094,1907,2976,3762,3374,2970,2395,2117,1317,845,581,560,426,186,302,210,116,76,66,47,125,4,0,2,0,0,0,0,0,0,0,0,0,0,0,0,0,0,0,0,0,0,0,0,0,0,0,0,0,0,0,0,0,0,0,0,0,0,0,0,0,0,0,0,0,0,0,0,0,0,0,0,0,0,0,0,0,0,0,0,0,0,0,0,0,0,0,0,0,0,0,0,0,0,0,0,0,0,0,0,0,0,0,0,0,0,0,0,0,0,0,0,0,0,0,0,0,0,0,0,0
Hyundai,IONIQ 5,EV,0,0,0,0,0,0,0,0,0,0,0,0,0,0,0,0,0,0,0,0,0,0,0,0,0,0,0,0,0,0,0,0,0,0,0,0,0,0,0,0,0,0,0,0,0,0,0,0,0,0,0,0,0,0,0,0,0,0,0,0,0,0,0,0,0,0,0,0,0,0,0,0,0,0,0,0,0,0,0,0,0,0,0,153,989,2555,2700,2677,1918,2853,1978,1516,1306,1579,1191,1720,1548,2074,2114,2323,2446,3136,4135,3572,3958,2979,2372,3261,1465,1996,3361,3702,4449,3755,3416,4838,3336,4498,4989,4595,2250,2442,3919,3411,3898,3172,5818,7773,8408,1642,0,0
Hyundai,IONIQ 6,EV,0,0,0,0,0,0,0,0,0,0,0,0,0,0,0,0,0,0,0,0,0,0,0,0,0,0,0,0,0,0,0,0,0,0,0,0,0,0,0,0,0,0,0,0,0,0,0,0,0,0,0,0,0,0,0,0,0,0,0,0,0,0,0,0,0,0,0,0,0,0,0,0,0,0,0,0,0,0,0,0,0,0,0,0,0,0,0,0,0,0,0,0,0,0,0,0,0,0,222,890,971,1162,1745,1663,1665,1239,1386,2056,760,902,1984,1253,1099,914,778,808,599,837,1121,1209,871,1012,1435,1106,1197,701,949,1047,814,398,0,0
Hyundai,Ioniq,EV,0,0,0,0,0,0,0,0,0,0,0,0,0,0,0,0,0,0,0,0,0,0,0,0,0,0,0,19,75,58,43,66,36,28,23,79,49,3,60,41,32,47,48,33,20,30,55,56,62,57,80,65,94,74,73,140,110,647,199,40,5,87,60,23,54,61,81,96,130,144,268,526,130,156,159,189,201,187,263,185,125,92,59,20,3,1,0,1,0,0,0,0,0,0,0,0,0,0,0,0,0,0,0,0,0,0,0,0,0,0,0,0,0,0,0,0,0,0,0,0,0,0,0,0,0,0,0,0,0,0,0,0
Hyundai,Ioniq,HV,0,0,0,0,0,0,0,0,0,0,0,0,0,0,0,0,0,0,0,0,0,0,0,0,0,1,327,1297,1752,1348,1209,1093,1101,870,939,829,902,975,1391,1568,1257,1316,1004,862,817,902,827,943,754,852,1084,1055,1265,1329,2576,1741,1183,1879,1013,826,454,779,391,306,424,662,1503,536,751,827,583,1182,621,907,1573,979,1600,2836,921,576,1434,1156,953,1079,1117,968,686,85,11,0,4,1,0,1,2,0,0,0,0,0,0,0,0,0,0,0,0,0,0,0,0,0,0,0,0,0,0,0,0,0,0,0,0,0,0,0,0,0,0,0,0,0
Hyundai,Ioniq,PHV,0,0,0,0,0,0,0,0,0,0,0,0,0,0,0,0,0,0,0,0,0,0,0,0,0,0,0,0,0,0,0,0,0,0,0,0,22,178,218,180,217,143,146,50,27,189,192,276,139,123,159,91,112,204,242,271,211,243,283,298,819,615,312,93,148,145,242,247,215,231,239,331,186,195,198,196,373,421,435,299,211,373,335,262,295,300,174,18,3,0,2,0,0,0,0,0,0,0,0,0,0,0,0,0,0,0,0,0,0,0,0,0,0,0,0,0,0,0,0,0,0,0,0,0,0,0,0,0,0,0,0,0
Hyundai,Ioniq 9,EV,0,0,0,0,0,0,0,0,0,0,0,0,0,0,0,0,0,0,0,0,0,0,0,0,0,0,0,0,0,0,0,0,0,0,0,0,0,0,0,0,0,0,0,0,0,0,0,0,0,0,0,0,0,0,0,0,0,0,0,0,0,0,0,0,0,0,0,0,0,0,0,0,0,0,0,0,0,0,0,0,0,0,0,0,0,0,0,0,0,0,0,0,0,0,0,0,0,0,0,0,0,0,0,0,0,0,0,0,0,0,0,0,0,0,0,0,0,0,0,0,0,0,0,0,302,711,1073,1016,1075,317,0,0
Hyundai,Kona,EV,0,0,0,0,0,0,0,0,0,0,0,0,0,0,0,0,0,0,0,0,0,0,0,0,0,0,0,0,0,0,0,0,0,0,0,0,0,0,0,0,0,0,0,0,0,0,0,0,0,20,299,365,319,325,287,417,269,320,448,434,265,335,166,116,202,199,308,287,260,230,320,333,258,521,777,715,1199,876,1004,848,1458,917,269,94,108,64,480,398,262,433,391,191,473,402,550,779,469,546,713,1014,936,1470,831,1439,828,485,1,134,642,627,770,568,621,382,170,247,219,292,299,296,206,299,487,376,388,226,308,329,243,0,0,0
Hyundai,Kona,ICE,0,0,0,0,0,0,0,0,0,0,0,0,0,0,0,0,0,0,0,0,0,0,0,0,0,0,0,0,0,0,0,0,0,0,0,0,0,199,2360,3315,5079,4240,4173,4772,4327,4330,5976,8319,5696,5666,6716,4789,6878,6016,6090,5968,5018,5194,5548,6244,3943,6757,3708,2998,6334,5744,6769,7711,6711,6310,8231,8016,4975,6440,9639,9552,8532,7512,7572,4734,4316,7523,5133,5205,4784,4527,5573,5087,5403,5668,3862,3197,4779,5378,5012,6193,5357,5534,6601,5817,4677,4791,5292,4338,5865,7442,6990,7546,5935,6397,8683,7705,7687,6522,6543,5865,4925,5393,5834,5550,4159,5330,6537,7538,7391,6891,5981,6754,3835,4969,0,0
Hyundai,Nexo,FCV,0,0,0,0,0,0,0,0,0,0,0,0,0,0,0,0,0,0,0,0,0,0,0,0,0,0,0,0,0,0,0,0,0,0,0,0,0,0,0,0,0,0,0,0,0,0,0,8,35,5,20,19,19,21,21,34,23,17,38,15,16,28,7,3,10,12,16,25,21,37,20,13,23,25,30,18,16,22,53,43,52,63,48,37,28,25,113,47,9,49,29,18,27,30,8,25,16,28,21,16,16,8,34,18,16,23,20,25,23,11,17,13,6,7,2,8,2,4,0,1,0,0,0,1,0,1,0,0,1,2,0,0
Hyundai,Other/Adjustment,ICE,0,0,0,0,0,0,0,0,0,0,0,0,0,0,0,0,0,0,0,0,0,0,0,0,4,0,0,0,0,0,0,0,0,0,0,0,-1,0,2,0,0,0,0,0,0,0,0,0,0,0,0,0,0,0,0,0,0,0,0,0,0,0,0,0,0,0,0,0,0,0,0,0,0,0,0,0,0,0,0,0,0,0,0,0,0,0,0,0,0,0,0,0,0,0,0,0,0,0,0,0,0,0,0,0,0,0,0,0,0,0,0,0,0,0,0,0,0,0,0,0,0,0,0,0,0,0,0,0,0,0,0,0
Hyundai,Palisade,ICE,0,0,0,0,0,0,0,0,0,0,0,0,0,0,0,0,0,0,0,0,0,0,0,0,0,0,0,0,0,0,0,0,0,0,0,0,0,0,0,0,0,0,0,0,0,0,0,0,0,0,0,0,0,383,4464,5115,3495,4357,5268,5654,5432,6967,3934,3331,7866,8169,8404,7983,7741,7519,6436,8123,5669,6354,9184,8278,8051,5965,5505,7705,7962,8670,6314,6882,6334,7408,7283,8351,7395,6866,5121,8220,6778,5775,5763,7394,6684,6742,6176,6959,7013,5873,5752,6107,7551,7071,9185,14396,7638,7832,9785,9142,10147,9203,8635,11208,8202,8983,8982,10298,6687,7806,11742,10502,11207,9253,13235,15560,6790,9549,0,0
Hyundai,Santa Cruz,ICE,0,0,0,0,0,0,0,0,0,0,0,0,0,0,0,0,0,0,0,0,0,0,0,0,0,0,0,0,0,0,0,0,0,0,0,0,0,0,0,0,0,0,0,0,0,0,0,0,0,0,0,0,0,0,0,0,0,0,0,0,0,0,0,0,0,0,0,0,0,0,0,0,0,0,0,0,0,0,81,1252,1660,1848,2201,3000,2820,2630,2950,3150,3151,3502,2801,2899,2900,3010,3180,3487,2614,2868,3825,3590,3526,3627,2903,3079,3051,2555,2396,2641,2487,2568,3362,2956,3603,2969,2615,2486,2125,2427,2393,2042,1786,1938,2924,2494,3031,2048,2311,2313,1788,1719,0,0
Hyundai,Santa Fe,HV,0,0,0,0,0,0,0,0,0,0,0,0,0,0,0,0,0,0,0,0,0,0,0,0,0,0,0,0,0,0,0,0,0,0,0,0,0,0,0,0,0,0,0,0,0,0,0,0,0,0,0,0,0,0,0,0,0,0,0,0,0,0,0,0,0,0,0,0,0,0,0,0,0,0,23,419,1121,1091,1317,759,644,469,491,511,410,631,682,495,429,457,542,869,718,767,704,1257,1195,1395,1521,1779,1571,1737,1651,1496,1415,1387,2362,2185,1024,1106,706,1999,3394,3304,2884,3290,2640,3279,3862,4082,2667,3256,4657,4460,4557,4584,7465,6784,3881,0,0,0
Hyundai,Santa Fe,ICE,7749,8762,9895,10054,7832,10446,11655,11255,10752,11060,9156,9518,5139,5532,6546,7150,14732,18345,14336,15176,11350,11311,10786,10862,7889,8767,11446,9480,9844,12586,12749,11474,11420,13024,11346,13146,7677,9474,11401,9400,10707,10526,8275,11347,10162,7728,8994,11347,7832,9922,10929,10746,13807,14335,9644,10828,8276,10964,9740,10350,7148,7152,6358,5602,9549,8376,9296,9129,8566,9072,8765,12500,8714,8318,11515,10051,11747,10111,11449,6448,5821,5878,5743,7711,6677,7128,8954,10249,9827,9916,8602,8359,8418,9949,10191,10421,5985,6332,11517,8886,8114,9539,8591,9799,10575,8007,10777,9336,4561,7988,10002,7641,7544,6496,6105,6862,5278,6364,8514,9227,5629,6306,8886,7957,6473,5646,6663,6056,6233,11800,0,0
Hyundai,Santa Fe,PHV,0,0,0,0,0,0,0,0,0,0,0,0,0,0,0,0,0,0,0,0,0,0,0,0,0,0,0,0,0,0,0,0,0,0,0,0,0,0,0,0,0,0,0,0,0,0,0,0,0,0,0,0,0,0,0,0,0,0,0,0,0,0,0,0,0,0,0,0,0,0,0,0,0,0,0,0,0,0,0,0,108,693,443,476,267,345,488,330,292,318,388,282,56,90,60,21,117,266,198,288,354,348,370,437,686,306,358,694,436,145,126,88,59,3,0,0,0,1,0,0,0,0,0,0,0,0,0,0,0,0,0,0
Hyundai,Sonata,HV,672,1605,1793,2481,2943,2334,1837,1647,1185,1342,931,1138,964,1588,1884,1788,2513,1242,1301,1146,1815,1479,1867,1374,1113,1471,1082,1115,848,741,739,762,866,523,535,543,381,328,562,393,471,509,536,289,165,224,201,169,202,211,0,329,258,417,266,292,253,283,237,177,103,104,64,59,71,94,284,376,369,527,608,895,590,675,1205,1709,2030,1487,1448,791,1051,736,353,471,345,486,257,622,704,470,257,490,642,638,616,630,714,716,1071,1151,1235,1146,1138,1109,1024,754,651,928,709,802,1267,1755,2307,1809,1708,1458,1314,1603,1748,1626,1006,1045,1789,1668,1677,1347,1674,1658,1765,0,0,0
Hyundai,Sonata,ICE,11691,12382,16547,15433,15075,12865,22080,20171,14939,14729,15801,21682,14070,15682,26619,13173,13116,10412,18984,13492,13257,13243,13221,12178,6631,12897,14000,14879,11532,8631,9709,9904,8848,6962,7356,7862,5594,6318,10458,9185,10190,9495,8934,9161,7569,7038,7969,8536,6004,6239,8827,8282,8289,7928,6674,7869,5740,5751,5643,6870,5362,6009,3865,3346,5741,5278,6500,7529,7611,7018,7619,7164,4429,5527,8127,8507,11457,8451,9211,7486,6273,4825,3254,3043,2646,2551,1459,1440,4349,4266,4376,4343,5535,6158,5600,6251,4159,3591,4239,3538,3086,2688,2071,2288,2377,1706,1670,2294,2412,3577,4397,3593,4393,4126,4047,4495,4261,4697,5223,6016,3751,4289,3917,4344,4405,3748,2739,3135,1957,4306,0,0
Hyundai,Sonata,PHV,0,0,0,0,0,0,0,0,0,0,0,0,175,200,275,250,250,200,350,250,275,250,275,250,150,250,275,300,225,175,200,200,175,110,91,103,52,54,78,38,67,62,78,7,1,3,3,0,6,31,0,23,52,34,36,70,36,28,51,58,36,31,28,23,40,35,50,60,58,25,15,0,1,0,3,0,0,0,0,0,2,0,0,0,0,0,0,0,0,0,0,0,0,0,0,0,0,0,0,0,0,0,0,0,0,0,0,0,0,0,0,0,0,0,0,0,0,0,0,0,0,0,0,0,0,0,0,0,0,0,0,0
Hyundai,Tucson (ix35),FCV,0,0,0,0,0,0,0,0,0,0,0,0,0,0,0,0,0,0,0,0,0,0,0,0,2,5,2,5,4,2,1,0,3,3,0,1,1,1,0,15,19,0,0,0,0,0,0,0,0,0,0,0,0,0,0,0,0,0,0,0,0,0,0,0,0,0,0,0,0,0,0,0,0,0,0,0,0,0,0,0,0,0,0,0,0,0,0,0,0,0,0,0,0,0,0,0,0,0,0,0,0,0,0,0,0,0,0,0,0,0,0,0,0,0,0,0,0,0,0,0,0,0,0,0,0,0,0,0,0,0,0,0
Hyundai,Tucson (ix35),HV,0,0,0,0,0,0,0,0,0,0,0,0,0,0,0,0,0,0,0,0,0,0,0,0,0,0,0,0,0,0,0,0,0,0,0,0,0,0,0,0,0,0,0,0,0,0,0,0,0,0,0,0,0,0,0,0,0,0,0,0,0,0,0,0,0,0,0,0,0,0,0,0,0,0,20,273,2887,1919,1622,1965,2607,1831,1964,2602,3348,2619,2223,1476,1636,2424,2432,2070,1661,2321,2316,4208,2801,2474,3385,2967,3189,3322,2464,2921,3237,2636,2298,3069,2426,3190,5000,4263,4925,4264,5156,5751,4917,6321,7513,7142,4587,5041,7112,6500,5366,4125,5023,5585,4708,0,0,0
Hyundai,Tucson (ix35),ICE,3036,3869,4222,4020,3881,3606,3908,6609,7925,7298,6906,8311,5218,7336,7830,7718,7369,7193,7728,7608,7333,8088,7616,8676,5746,6417,8983,9947,10596,9998,11256,9757,10115,8728,11532,11632,7637,8437,11806,12888,12972,16173,11360,11559,10646,11493,11908,15384,7444,9411,11976,8682,15616,12825,12629,13985,10293,11288,12008,11224,8068,9594,6073,8438,15552,10216,10922,11632,10644,10898,9739,11881,7980,9423,15724,16628,15961,12702,9861,9186,7276,7527,9074,10969,9487,10128,11051,12910,12362,12964,11421,12018,11252,12524,13664,14338,9171,11429,16368,15370,14378,13906,14458,12778,14967,12406,18585,15414,8115,12323,12813,11097,12012,8930,10434,14540,11508,13039,12052,12379,9983,10881,15881,15030,14081,11811,11142,12136,12655,23036,0,0
Hyundai,Tucson (ix35),PHV,0,0,0,0,0,0,0,0,0,0,0,0,0,0,0,0,0,0,0,0,0,0,0,0,0,0,0,0,0,0,0,0,0,0,0,0,0,0,0,0,0,0,0,0,0,0,0,0,0,0,0,0,0,0,0,0,0,0,0,0,0,0,0,0,0,0,0,0,0,0,0,0,0,0,0,0,0,0,0,0,13,377,287,271,250,181,368,230,154,260,425,217,58,221,79,11,56,128,358,339,471,479,612,543,609,596,499,941,575,486,581,325,434,387,545,573,377,469,613,651,455,395,638,524,458,442,241,233,206,0,0,0
Hyundai,Veloster,ICE,1302,1555,2380,1650,2249,2065,2060,2276,2118,2140,2204,2246,2023,2101,2342,2792,1965,1700,2008,1986,3168,3548,3721,2699,2438,1724,1386,923,800,721,831,1018,685,596,781,755,744,851,1445,924,728,767,943,788,746,921,853,1161,855,981,2055,1554,1020,1139,929,1125,728,834,917,712,665,842,575,541,858,806,861,836,601,443,296,267,193,222,272,322,244,108,140,146,93,218,83,71,86,171,205,279,191,197,174,281,209,83,25,19,3,1,1,1,0,0,0,0,0,0,0,0,0,0,0,0,0,0,0,0,0,0,0,0,0,0,0,0,0,0,0,0,0,0,0,0
Hyundai,Venue,ICE,0,0,0,0,0,0,0,0,0,0,0,0,0,0,0,0,0,0,0,0,0,0,0,0,0,0,0,0,0,0,0,0,0,0,0,0,0,0,0,0,0,0,0,0,0,0,0,0,0,0,0,0,0,0,0,0,0,0,290,787,989,1226,951,817,1650,1538,1620,1644,1529,1557,2965,2639,1347,1869,2568,2618,3615,3033,2663,1768,2877,2255,1594,2446,2290,2176,2083,1782,2332,1988,1895,2952,2107,1465,2617,3407,2441,2537,3625,2648,2413,2695,2581,2197,1732,1757,1716,1667,1435,1959,2538,2401,2494,2544,2400,2470,1602,1444,1521,1799,1600,1829,2634,2467,4349,2584,2567,2862,2836,2156,0,0
Infiniti,Q40,ICE,1029,1643,1722,1371,1164,748,407,264,155,33,38,31,10,16,22,4,2,4,1,0,0,0,0,0,0,0,0,0,0,0,0,0,0,0,0,0,0,0,0,0,0,0,0,0,0,0,0,0,0,0,0,0,0,0,0,0,0,0,0,0,0,0,0,0,0,0,0,0,0,0,0,0,0,0,0,0,0,0,0,0,0,0,0,0,0,0,0,0,0,0,0,0,0,0,0,0,0,0,0,0,0,0,0,0,0,0,0,0,0,0,0,0,0,0,0,0,0,0,0,0,0,0,0,0,0,0,0,0,0,0,0,0
Infiniti,Q50,HV,297,365,390,299,342,347,381,384,356,381,189,281,175,202,335,147,95,94,112,150,174,148,134,232,128,138,152,102,135,32,26,25,33,0,43,56,27,39,51,19,29,26,24,26,21,21,28,37,22,22,0,0,19,20,19,19,16,21,20,22,16,0,1,0,0,0,0,0,0,0,0,0,0,0,0,0,0,0,0,0,0,0,0,0,0,0,0,0,0,0,0,0,0,0,0,0,0,0,0,0,0,0,0,0,0,0,0,0,0,0,0,0,0,0,0,0,0,0,0,0,0,0,0,0,0,0,0,0,0,0,0,0
Infiniti,Q50,ICE,2669,3284,3511,2692,3081,3123,3426,3455,3201,3430,3593,4397,2739,3162,5255,3523,2272,2255,2693,3595,4185,3541,3227,5562,3078,3306,3648,2457,3235,3192,2570,2516,3303,2791,4246,5527,2685,3865,5034,1861,2916,2605,2373,2525,2054,2053,2791,3653,2227,2208,3785,2174,1838,2022,1876,1869,1619,2079,1947,2143,1605,2345,1608,957,1323,1363,1536,1288,1044,1027,807,1613,1207,1116,1979,1326,1424,1430,1143,859,900,833,767,912,795,819,815,572,422,294,183,129,201,216,116,219,287,391,688,628,581,620,571,637,619,430,385,364,412,469,516,495,458,489,456,458,385,381,503,406,179,123,104,39,33,22,13,11,4,1,0,0
Infiniti,Q60 (G Coupe),ICE,466,346,368,379,367,366,319,311,258,273,206,290,132,172,105,94,103,79,62,169,497,725,814,1018,732,810,1829,744,972,851,765,690,763,909,817,869,612,855,1136,650,848,591,755,674,835,809,590,662,406,327,571,425,314,359,396,384,336,595,500,430,302,348,277,239,255,276,255,184,150,120,141,245,237,180,269,268,328,244,256,198,222,210,139,177,242,256,270,266,203,166,122,64,52,39,64,103,104,150,120,131,114,103,75,85,54,58,22,44,19,11,7,6,3,2,1,1,1,0,0,1,0,0,0,0,0,0,0,0,0,0,0,0
Infiniti,Q70 (M),HV,19,14,22,15,14,12,11,13,12,14,14,16,10,10,12,11,10,10,10,9,8,9,7,12,5,4,11,4,5,4,4,4,5,4,4,4,4,4,7,3,4,4,3,3,4,3,4,3,2,3,0,3,2,2,2,2,1,2,1,0,0,0,0,0,0,0,0,0,0,1,0,1,0,0,0,0,0,0,0,0,0,0,0,0,0,0,0,0,0,0,0,0,0,0,0,0,0,0,0,0,0,0,0,0,0,0,0,0,0,0,0,0,0,0,0,0,0,0,0,0,0,0,0,0,0,0,0,0,0,0,0,0
Infiniti,Q70 (M),ICE,608,693,1061,748,677,601,561,613,610,668,663,770,482,484,565,536,505,512,497,430,394,442,339,568,471,410,1061,439,454,415,371,396,545,374,376,402,382,446,648,269,386,360,276,303,370,299,368,326,233,266,458,342,201,181,170,180,148,152,111,90,60,23,32,4,1,9,0,2,4,0,0,2,0,0,0,0,0,0,0,0,0,0,0,0,0,0,0,0,0,1,0,0,0,0,0,0,0,0,0,0,0,0,0,0,0,0,0,0,0,0,0,0,0,0,0,0,0,0,0,0,0,0,0,0,0,0,0,0,0,0,0,0
Infiniti,QX30,ICE,0,0,0,0,0,0,0,0,0,0,0,0,0,0,0,0,0,0,0,74,249,723,473,740,1158,2414,2960,1208,927,726,729,806,1053,671,611,830,813,775,1227,671,672,656,603,662,560,399,416,647,455,574,548,232,350,290,274,208,94,102,52,50,19,33,60,5,7,9,7,3,3,0,0,2,0,0,1,0,0,0,0,0,0,0,0,0,0,0,0,0,0,0,0,0,0,0,0,0,0,0,0,0,0,0,0,0,0,0,0,0,0,0,0,0,0,0,0,0,0,0,0,0,0,0,0,0,0,0,0,0,0,0,0,0
Infiniti,QX50,ICE,188,177,217,185,248,417,182,241,263,989,908,1453,994,1396,1512,1401,1632,1689,1360,1200,1215,1106,1442,2026,1206,1388,1724,1197,1230,1210,1190,1370,1628,1307,1622,1785,1051,1120,1913,1413,1859,1710,1609,2449,2767,3160,3009,3329,822,1122,1639,1513,1829,1799,1701,1833,1352,1468,1723,1815,1314,1587,1269,915,1816,2168,2338,1832,1330,1785,1611,2920,1609,1990,2826,2851,2832,1861,1394,899,949,653,700,851,1442,1083,925,692,528,892,1042,1062,882,798,838,921,826,638,866,884,835,669,699,925,811,968,806,1014,731,904,934,859,944,784,967,1029,725,931,973,941,644,596,826,679,427,397,536,502,387,288,0,0
Infiniti,QX55,ICE,0,0,0,0,0,0,0,0,0,0,0,0,0,0,0,0,0,0,0,0,0,0,0,0,0,0,0,0,0,0,0,0,0,0,0,0,0,0,0,0,0,0,0,0,0,0,0,0,0,0,0,0,0,0,0,0,0,0,0,0,0,0,0,0,0,0,0,0,0,0,0,0,0,0,0,0,461,561,538,562,635,494,381,480,283,283,433,646,517,312,333,399,437,387,469,607,432,430,503,425,414,447,472,521,426,467,337,544,313,472,310,267,275,217,251,337,294,316,347,322,278,267,305,230,167,134,190,186,174,154,0,0
Infiniti,QX60,HV,129,179,195,170,188,180,226,240,231,220,149,249,119,137,195,66,85,88,74,65,63,59,64,99,44,53,76,56,69,0,0,0,0,0,0,0,0,0,0,0,0,0,0,0,0,0,0,0,0,0,0,0,0,0,0,0,0,0,0,0,0,0,0,0,0,0,0,0,0,0,0,0,0,0,0,0,0,0,0,0,0,0,0,0,0,0,0,0,0,0,0,0,0,0,0,0,0,0,0,0,0,0,0,0,0,0,0,0,0,0,0,0,0,0,0,0,0,0,0,0,0,0,0,0,0,0,0,0,0,0,0,0
Infiniti,QX60,ICE,2448,2806,3048,2659,2953,2823,3534,3755,3614,3449,3587,4738,2253,2593,3710,3245,4189,4292,3627,3203,3063,2870,3132,4829,2145,2605,3745,2748,3380,3358,3505,3697,3879,3227,3759,4098,3029,3880,5115,3052,3718,3382,2920,2870,3829,3392,5151,7032,4188,4117,4525,2773,4100,3133,2859,3495,2431,3604,3824,4113,4447,3423,1191,736,1115,1259,1698,1807,1829,1568,1500,2307,920,1050,1345,566,345,80,37,19,12,2,237,1216,596,263,1677,1441,1167,637,1156,1733,1660,2012,1597,2634,2124,2368,2647,2355,2657,2719,2506,2452,2596,2126,2017,2816,1841,2100,2392,2276,2396,2409,2277,2689,1975,2235,2392,2826,1722,1726,2331,2514,2780,2033,2388,2624,3123,3049,0,0
Infiniti,QX70,ICE,557,569,575,436,382,372,310,273,476,480,610,697,436,712,661,364,511,490,242,283,363,371,742,1086,842,986,1077,506,683,678,620,454,321,151,268,292,202,147,221,102,69,65,53,66,10,7,8,4,4,0,2,0,0,0,0,0,0,0,0,0,0,0,0,0,0,0,0,0,0,0,0,0,0,0,0,0,0,0,0,0,0,0,0,0,0,0,0,0,0,0,0,0,0,0,0,0,0,0,0,0,0,0,0,0,0,0,0,0,0,0,0,0,0,0,0,0,0,0,0,0,0,0,0,0,0,0,0,0,0,0,0,0
Infiniti,QX80 (QX56),ICE,1248,1583,1416,1025,1058,996,1076,1086,1044,1206,1737,2171,1164,1487,1403,1041,1424,1545,1267,1261,1202,1214,1738,2026,1749,1623,1983,1336,1424,1805,1060,1028,1215,862,1280,2516,1830,1689,2080,920,1124,1299,1131,1218,2086,1737,1721,2372,1943,1968,1878,1029,1760,2033,1363,1195,1034,1123,1207,2580,1730,2345,1523,1366,1548,724,706,658,693,1550,1200,2082,1391,1002,1949,1019,1220,1050,890,556,597,1177,939,782,366,226,472,632,548,623,546,741,499,614,855,1084,721,1030,1432,859,1069,1019,718,1021,1356,1063,1110,1298,801,757,915,974,740,529,515,1119,1060,967,821,1141,1028,1422,1614,1055,1004,813,853,1068,1092,999,0,0
Jaguar (2008-),E-Pace,ICE,0,0,0,0,0,0,0,0,0,0,0,0,0,0,0,0,0,0,0,0,0,0,0,0,0,0,0,0,0,0,0,0,0,0,0,0,82,146,249,252,342,355,327,647,408,465,479,727,447,490,563,314,378,357,295,256,319,297,442,624,314,528,410,146,249,258,248,336,331,340,216,241,268,190,281,233,297,279,213,111,98,65,100,181,137,176,178,166,94,17,30,23,11,9,8,9,14,14,1,1,1,36,36,36,29,21,21,25,31,28,28,21,23,30,30,34,34,13,25,24,18,18,41,0,8,29,16,3,13,0,0,0
Jaguar (2008-),F-Pace,ICE,0,0,0,0,0,0,0,0,0,0,0,0,0,0,0,0,666,1123,1609,1222,809,1240,1525,1822,1458,1596,2187,1377,1440,1501,1748,1681,1356,1444,1450,1708,1186,1002,1755,1059,1157,1093,808,1124,904,1437,1632,1595,1465,1345,1730,1038,903,828,862,1169,1021,1325,1787,2018,1174,1522,1314,435,743,804,566,826,727,696,496,517,411,587,1107,1026,1032,882,672,510,431,286,134,259,195,278,458,311,211,447,523,467,839,783,653,791,659,667,524,439,495,398,348,376,530,468,426,416,426,398,664,554,575,362,384,338,294,346,462,221,700,222,438,265,408,380,229,219,351,323,0,0
Jaguar (2008-),F-Type,ICE,301,422,335,274,369,451,425,436,354,400,432,430,333,365,426,295,281,306,354,386,273,393,269,388,330,344,492,406,409,327,232,247,279,275,376,391,310,224,207,148,155,175,129,202,189,186,146,197,282,280,176,177,171,169,238,158,152,133,187,156,182,162,168,70,104,117,123,154,134,137,151,149,122,164,336,200,217,160,122,65,73,49,47,89,67,91,150,108,71,114,169,136,97,108,83,105,94,95,71,61,67,116,101,110,78,86,70,64,76,71,192,121,148,78,165,158,108,89,119,38,89,7,47,39,44,0,9,6,28,9,0,0
Jaguar (2008-),I-Pace,EV,0,0,0,0,0,0,0,0,0,0,0,0,0,0,0,0,0,0,0,0,0,0,0,0,0,0,0,0,0,0,0,0,0,0,0,0,0,0,0,0,0,0,0,0,0,5,165,223,210,186,212,237,228,236,213,160,160,306,270,176,147,154,147,53,90,496,312,140,95,169,85,70,73,68,119,50,58,114,87,8,61,41,23,60,45,56,59,48,29,45,59,50,-2,7,2,5,3,3,24,20,23,17,23,20,28,28,24,26,90,88,118,82,94,654,63,53,43,41,67,22,42,43,48,6,16,76,22,3,26,7,0,0
Jaguar (2008-),XE (Jaguar (2008-)),ICE,0,0,0,0,0,0,0,0,0,0,0,0,0,0,0,0,598,633,641,901,829,941,951,1162,693,993,1336,742,764,638,744,661,836,525,639,707,592,434,609,299,376,353,253,220,245,306,574,443,406,777,658,217,186,164,178,239,218,180,132,196,157,198,173,77,115,166,130,165,147,181,115,88,59,55,44,30,22,2,2,4,1,1,3,0,0,0,0,0,0,0,0,0,0,0,0,0,0,0,0,0,0,0,0,0,0,0,0,0,0,0,0,0,0,0,0,0,0,0,0,0,0,0,0,0,0,0,0,0,0,0,0,0
Jaguar (2008-),XF (Jaguar (2008-)),ICE,644,703,825,484,488,446,470,321,266,273,454,559,726,790,1266,506,392,397,533,483,415,310,361,486,290,317,678,401,298,271,232,289,568,469,383,345,203,188,249,161,218,264,244,198,148,171,111,153,96,278,212,71,50,64,118,72,73,44,63,46,60,68,62,27,40,88,83,57,37,87,58,40,42,77,113,139,144,113,86,44,44,29,7,41,31,182,253,190,122,18,35,25,5,10,6,9,16,16,97,74,88,88,66,78,77,72,64,66,99,90,146,117,124,88,63,55,42,15,18,17,0,14,24,29,15,27,12,26,33,10,0,0
Jaguar (2008-),XJ Series (Jaguar (2008-)),ICE,275,243,434,278,317,309,336,371,357,305,179,207,292,356,441,285,227,284,261,306,336,335,275,436,168,234,260,304,202,209,210,223,257,178,213,263,231,191,191,100,118,113,119,78,146,78,90,124,172,109,128,93,105,74,116,74,59,65,77,95,134,107,118,49,73,235,194,57,27,38,20,14,8,0,2,1,2,3,2,1,0,0,0,0,0,0,0,0,0,0,0,0,0,0,0,0,0,0,0,0,0,0,0,0,0,0,0,0,0,0,0,0,0,0,0,0,0,0,0,0,0,0,0,0,0,0,0,0,0,0,0,0
Jaguar (2008-),XK (Jaguar (2008-)),ICE,46,42,66,43,30,11,11,15,18,10,0,1,1,1,0,1,0,0,0,0,0,0,0,0,0,0,0,0,0,0,0,0,0,0,0,0,0,0,0,0,0,0,0,0,0,0,0,0,0,0,0,0,0,0,0,0,0,0,0,0,0,0,0,0,0,0,0,0,0,0,0,0,0,0,0,0,0,0,0,0,0,0,0,0,0,0,0,0,0,0,0,0,0,0,0,0,0,0,0,0,0,0,0,0,0,0,0,0,0,0,0,0,0,0,0,0,0,0,0,0,0,0,0,0,0,0,0,0,0,0,0,0
Jeep,Cherokee,ICE,0,0,0,0,0,0,0,0,0,0,0,0,0,0,0,0,0,0,0,0,0,0,0,0,0,0,0,0,0,0,0,0,0,0,0,0,0,0,0,0,0,0,0,0,0,0,0,0,0,0,0,0,0,0,0,0,0,0,0,0,0,0,0,0,0,0,0,0,0,0,0,0,10998,12220,14705,12671,11333,5231,3855,3395,4342,1862,2762,5752,4356,2935,2788,2774,2973,3531,3717,4050,3728,2983,2857,3630,3585,6215,3413,2277,2289,1440,1289,1300,1209,542,480,570,404,376,416,314,414,241,187,155,93,95,87,57,51,53,52,43,34,24,26,99,55,12,0,0
Jeep,Compass,ICE,0,0,0,0,0,0,0,0,0,0,0,0,0,0,0,0,0,0,0,0,0,0,0,0,0,0,0,0,0,0,0,0,0,0,0,0,0,0,0,0,0,0,0,0,0,0,0,0,0,0,0,0,0,0,0,0,0,0,0,0,0,0,0,0,0,0,0,0,0,0,0,0,6838,5856,7265,5244,5688,3263,2825,7963,13087,1386,5272,10955,10748,7964,5696,5408,7508,9011,7212,7114,6305,7178,6210,5821,5521,8628,9060,8074,11394,8615,6855,7167,6246,8786,5834,9993,8606,10146,8895,6754,7831,7610,7505,16064,11063,9271,7340,10612,8935,10191,12604,7820,6884,8400,14298,6606,7182,7737,0,0
Jeep,Grand Cherokee,ICE,0,0,0,0,0,0,0,0,0,0,0,0,0,0,0,0,0,0,0,0,0,0,0,0,0,0,0,0,0,0,0,0,0,0,0,0,0,0,0,0,0,0,0,0,0,0,0,0,0,0,0,0,0,0,0,0,0,0,0,0,0,0,0,0,0,0,0,0,0,0,0,0,15388,17673,22137,17771,21630,13325,29660,25436,26707,26801,21484,26432,23693,25000,26424,23266,18918,14568,10996,10369,13411,14838,14049,18500,14766,15709,16405,18167,21078,20448,16663,16770,15160,12532,14553,22259,10504,12736,16555,13654,13780,15302,14373,19205,15091,17036,15431,19431,13296,13988,14794,15128,12859,11177,13030,13835,13188,13992,0,0
Jeep,Grand Cherokee,PHV,0,0,0,0,0,0,0,0,0,0,0,0,0,0,0,0,0,0,0,0,0,0,0,0,0,0,0,0,0,0,0,0,0,0,0,0,0,0,0,0,0,0,0,0,0,0,0,0,0,0,0,0,0,0,0,0,0,0,0,0,0,0,0,0,0,0,0,0,0,0,0,0,0,0,0,0,0,0,0,0,0,0,0,0,0,0,0,0,500,2000,1500,1500,400,500,600,2313,2200,2500,2922,2700,3200,4861,2900,2800,3622,2600,2800,6979,4500,5400,4760,4000,4100,1460,2000,2500,1019,1059,1003,1249,840,900,4647,4500,3500,4039,4700,4800,5000,4100,0,0
Jeep,Grand Wagoneer,ICE,0,0,0,0,0,0,0,0,0,0,0,0,0,0,0,0,0,0,0,0,0,0,0,0,0,0,0,0,0,0,0,0,0,0,0,0,0,0,0,0,0,0,0,0,0,0,0,0,0,0,0,0,0,0,0,0,0,0,0,0,0,0,0,0,0,0,0,0,0,0,0,0,0,0,0,0,0,0,0,0,12,158,942,1563,1070,986,1113,1223,1453,1256,878,839,636,806,640,836,565,748,731,948,1103,1173,1083,951,833,721,586,1176,762,923,1865,1251,1453,1301,1244,782,604,589,537,648,508,703,638,489,384,434,588,321,394,407,0,0
Jeep,Gladiator,ICE,0,0,0,0,0,0,0,0,0,0,0,0,0,0,0,0,0,0,0,0,0,0,0,0,0,0,0,0,0,0,0,0,0,0,0,0,0,0,0,0,0,0,0,0,0,0,0,0,0,0,0,0,0,0,0,0,0,0,0,0,0,0,0,0,0,0,0,0,0,0,0,0,5230,5485,8107,8992,11504,9466,9564,7250,5860,7220,5426,5608,5579,5769,6564,6785,6862,7198,7598,7115,6798,6271,4813,6503,5414,3589,4572,4482,4139,5130,4832,3498,5872,4459,4317,4884,4733,3908,4348,3224,2813,4452,2677,3585,2930,3974,2851,2628,4457,3651,3949,4546,4496,4301,4015,4679,4419,6966,0,0
Jeep,N/A,ICE,0,0,0,0,0,0,0,0,0,0,0,0,0,0,0,0,0,0,0,0,0,0,0,0,0,0,0,0,0,0,0,0,0,0,0,0,0,0,0,0,0,0,0,0,0,0,0,0,0,0,0,0,0,0,0,0,0,0,0,0,0,0,0,0,0,0,0,0,0,0,0,0,0,0,0,0,0,0,0,0,0,0,0,0,0,0,0,0,0,0,0,0,0,0,0,0,0,0,0,0,0,0,0,0,0,0,0,0,0,0,0,0,0,0,0,0,0,0,0,0,0,0,0,0,0,0,0,0,15,0,0,0
Jeep,Patriot,ICE,0,0,0,0,0,0,0,0,0,0,0,0,0,0,0,0,0,0,0,0,0,0,0,0,0,0,0,0,0,0,0,0,0,0,0,0,0,0,0,0,0,0,0,0,0,0,0,0,0,0,0,0,0,0,0,0,0,0,0,0,0,0,0,0,0,0,0,0,0,0,0,0,0,0,0,0,1,3,0,2,1,8,0,1,0,0,0,0,0,2,0,0,2,0,0,0,0,0,0,0,0,0,0,0,0,0,0,1,0,0,0,0,0,0,0,0,0,0,0,0,0,0,0,1,0,0,0,0,0,0,0,0
Jeep,Renegade,ICE,0,0,0,0,0,0,0,0,0,0,0,0,0,0,0,0,0,0,0,0,0,0,0,0,0,0,0,0,0,0,0,0,0,0,0,0,0,0,0,0,0,0,0,0,0,0,0,0,0,0,0,0,0,0,0,0,0,0,0,0,0,0,0,0,0,0,0,0,0,0,0,0,4405,5234,6358,5280,5608,4409,4452,3664,2547,2275,1630,1275,2171,4130,3689,2956,2011,2296,2457,2315,1751,1647,1230,896,881,1546,1702,1600,1905,1515,1961,2295,2156,2969,3344,4137,2040,1137,2586,480,600,483,69,119,262,268,224,172,117,130,123,105,72,43,41,37,26,14,0,0
Jeep,Wagoneer,ICE,0,0,0,0,0,0,0,0,0,0,0,0,0,0,0,0,0,0,0,0,0,0,0,0,0,0,0,0,0,0,0,0,0,0,0,0,0,0,0,0,0,0,0,0,0,0,0,0,0,0,0,0,0,0,0,0,0,0,0,0,0,0,0,0,0,0,0,0,0,0,0,0,0,0,0,0,0,0,0,0,21,1189,1664,2475,1904,2233,2918,3382,3508,3330,4404,4450,4147,2392,1889,1662,1497,1723,2340,2658,2402,3015,2992,2297,1959,1839,3292,3135,1833,6252,5046,3214,7211,6309,3468,2380,1658,2117,1726,1953,1396,1641,2363,2475,2458,3283,5576,5932,5089,2752,0,0
Jeep,Wagoneer S,EV,0,0,0,0,0,0,0,0,0,0,0,0,0,0,0,0,0,0,0,0,0,0,0,0,0,0,0,0,0,0,0,0,0,0,0,0,0,0,0,0,0,0,0,0,0,0,0,0,0,0,0,0,0,0,0,0,0,0,0,0,0,0,0,0,0,0,0,0,0,0,0,0,0,0,0,0,0,0,0,0,0,0,0,0,0,0,0,0,0,0,0,0,0,0,0,0,0,0,0,0,0,0,0,0,0,0,0,0,0,0,0,0,0,0,0,20,36,70,28,35,123,1119,1353,1380,1321,967,1117,1389,1657,129,0,0
Jeep,Wrangler,ICE,0,0,0,0,0,0,0,0,0,0,0,0,0,0,0,0,0,0,0,0,0,0,0,0,0,0,0,0,0,0,0,0,0,0,0,0,0,0,0,0,0,0,0,0,0,0,0,0,0,0,0,0,0,0,0,0,0,0,0,0,0,0,0,0,0,0,0,0,0,0,0,0,14609,15967,19070,23932,25270,19818,11572,8672,10799,11658,9645,9597,10953,13690,13712,15308,14141,14836,16033,10591,9857,7543,5448,7771,6827,9499,9153,10278,10915,8529,8539,9541,6767,5097,4456,7751,3809,4816,9793,6048,7223,7901,6913,8236,6859,8703,7604,10354,6963,7252,13876,12154,12214,10330,8661,10538,10251,9184,0,0
Jeep,Wrangler,PHV,0,0,0,0,0,0,0,0,0,0,0,0,0,0,0,0,0,0,0,0,0,0,0,0,0,0,0,0,0,0,0,0,0,0,0,0,0,0,0,0,0,0,0,0,0,0,0,0,0,0,0,0,0,0,0,0,0,0,0,0,0,0,0,0,0,0,0,0,0,0,0,0,0,0,0,0,0,0,6000,5500,3500,3000,2500,3500,2250,1800,3146,2800,3000,3861,3500,3400,4278,5000,4600,3891,3000,3600,5892,6000,6700,4249,5200,5800,6062,3300,3000,6426,5700,6500,7690,5500,7100,5124,4500,5500,3866,3866,3049,4509,2900,3200,3770,4500,4500,3971,4000,4400,4600,3000,0,0
Kia,Cadenza,ICE,383,640,783,598,526,359,410,322,859,1018,847,598,374,585,593,533,468,203,335,272,390,289,268,428,316,372,437,500,528,502,523,491,774,1021,889,896,760,652,767,510,344,268,200,249,201,207,151,198,151,113,147,117,105,130,75,126,92,153,184,237,197,192,96,50,70,65,100,53,99,115,99,129,55,46,54,25,13,32,8,1,15,0,0,0,0,0,0,0,1,0,0,0,0,0,0,0,0,0,0,0,0,0,0,0,0,0,0,0,0,0,0,0,0,0,0,0,0,0,0,0,0,0,0,0,0,0,0,0,0,0,0,0
Kia,Carnival (Sedona),HV,0,0,0,0,0,0,0,0,0,0,0,0,0,0,0,0,0,0,0,0,0,0,0,0,0,0,0,0,0,0,0,0,0,0,0,0,0,0,0,0,0,0,0,0,0,0,0,0,0,0,0,0,0,0,0,0,0,0,0,0,0,0,0,0,0,0,0,0,0,0,0,0,0,0,0,0,0,0,0,0,0,0,0,0,0,0,0,0,0,0,0,0,0,0,0,0,0,0,0,0,0,0,0,0,0,0,0,0,0,0,0,0,0,0,0,0,902,1856,2243,2260,1772,2070,3545,3177,3022,2455,2795,2917,2285,0,0,0
Kia,Carnival (Sedona),ICE,1670,2362,3638,3394,4110,5434,3672,2545,3039,2332,2243,2316,2002,3988,4241,2896,5170,5823,5037,5147,3051,2366,2515,2028,1538,2111,2769,3019,3561,2030,1710,1613,1569,1277,1289,1329,1042,1235,1514,1485,2525,2587,1567,1851,1050,1010,936,1126,1348,1144,1367,1067,1460,1392,1356,1532,910,1341,1463,1551,1012,1416,1180,705,1482,1219,1036,1036,1045,1029,797,1233,510,573,1467,2383,3742,3184,3782,2475,2782,1892,1252,1113,1059,1328,1664,1074,1800,3313,2241,1967,1614,1291,1129,1226,1662,2460,3009,3029,3231,4431,5285,5428,4638,3507,3404,3603,3013,3074,3451,3588,4151,3806,4557,5060,3125,3053,2682,2905,1893,2370,2924,3228,3953,2743,3133,3605,3318,6605,0,0
Kia,EV6,EV,0,0,0,0,0,0,0,0,0,0,0,0,0,0,0,0,0,0,0,0,0,0,0,0,0,0,0,0,0,0,0,0,0,0,0,0,0,0,0,0,0,0,0,0,0,0,0,0,0,0,0,0,0,0,0,0,0,0,0,0,0,0,0,0,0,0,0,0,0,0,0,0,0,0,0,0,0,0,0,0,0,0,0,0,0,2125,3156,2632,2088,2567,1716,1840,1440,1186,641,1107,1110,1294,988,1241,2237,1458,1937,2449,2084,1542,1290,1249,1213,1309,1537,2051,2660,2171,1547,1885,1612,1732,1887,2111,1542,1275,921,656,801,680,1290,1796,2116,508,0,0
Kia,EV9,EV,0,0,0,0,0,0,0,0,0,0,0,0,0,0,0,0,0,0,0,0,0,0,0,0,0,0,0,0,0,0,0,0,0,0,0,0,0,0,0,0,0,0,0,0,0,0,0,0,0,0,0,0,0,0,0,0,0,0,0,0,0,0,0,0,0,0,0,0,0,0,0,0,0,0,0,0,0,0,0,0,0,0,0,0,0,0,0,0,0,0,0,0,0,0,0,0,0,0,0,0,0,0,0,0,0,0,5,1113,1408,1318,1281,1572,2187,1905,1815,2388,2096,1941,2155,1951,1232,1360,1164,232,37,913,1737,2679,3094,666,0,0
Kia,K4,ICE,0,0,0,0,0,0,0,0,0,0,0,0,0,0,0,0,0,0,0,0,0,0,0,0,0,0,0,0,0,0,0,0,0,0,0,0,0,0,0,0,0,0,0,0,0,0,0,0,0,0,0,0,0,0,0,0,0,0,0,0,0,0,0,0,0,0,0,0,0,0,0,0,0,0,0,0,0,0,0,0,0,0,0,0,0,0,0,0,0,0,0,0,0,0,0,0,0,0,0,0,0,0,0,0,0,0,0,0,0,0,0,0,0,0,0,45,2866,7901,9005,11911,11616,11669,13719,13097,13870,11564,11188,12091,8829,9955,0,0
Kia,K5,ICE,0,0,0,0,0,0,0,0,0,0,0,0,0,0,0,0,0,0,0,0,0,0,0,0,0,0,0,0,0,0,0,0,0,0,0,0,0,0,0,0,0,0,0,0,0,0,0,0,0,0,0,0,0,0,0,0,0,0,0,0,0,0,0,0,0,0,1268,3631,5763,7528,7437,6029,5443,6217,8699,9623,12446,8621,9228,7260,5817,7427,5938,5505,5794,6558,5470,5554,6013,5922,6440,6428,5383,4863,4520,3352,3368,5146,5774,5035,5502,6072,6215,6480,6002,5200,5112,4866,3288,2291,1174,333,1950,3771,4713,6058,4898,5818,6378,5639,4357,4991,6399,6248,6957,5613,5879,6847,5290,7631,0,0
Kia,K9 (K900/Quoris),ICE,119,62,88,140,133,168,480,386,329,229,228,162,68,83,95,77,54,62,61,53,68,81,52,80,34,31,43,39,46,58,35,35,31,23,45,35,22,32,37,40,22,22,28,27,30,17,22,55,26,36,40,43,29,35,31,39,32,17,32,30,26,23,16,12,25,23,25,34,25,41,22,33,20,14,22,7,4,3,2,0,11,2,0,0,0,0,0,0,0,0,0,0,0,0,0,0,0,0,0,0,0,0,0,0,0,0,0,0,0,0,0,0,0,0,0,0,0,0,0,0,0,0,0,0,0,0,0,0,0,0,0,0
Kia,Kia Forte,ICE,6422,5549,7537,7183,8584,7907,7868,6862,5388,5198,5010,5411,5329,8187,10406,9740,9910,9170,10303,8307,8256,8013,8111,7560,6267,8506,10289,10496,11801,11387,12022,10693,10631,9219,8363,7922,6688,7662,9381,9199,11261,10209,7546,6472,6470,9537,9756,7709,5955,6953,8466,7336,10366,9337,9172,9420,6280,6980,7709,7635,6248,8513,7598,4222,6603,6260,7410,8414,7643,8107,6860,7119,7021,7370,10459,12504,13323,11482,12423,9258,9186,7523,6741,8639,5748,8141,9609,9798,9211,9299,10016,11838,8404,8942,9725,7693,8190,10445,11891,11182,10023,10330,11004,11333,10737,9393,9849,9576,8977,11229,13417,12360,13132,11358,10448,12772,7400,4957,2000,0,0,0,0,0,0,0,0,0,0,0,0,0
Kia,NIRO,EV,0,0,0,0,0,0,0,0,0,0,0,0,0,0,0,0,0,0,0,0,0,0,0,0,0,0,0,0,0,0,0,0,0,0,0,0,0,0,0,0,0,0,0,0,0,0,0,0,0,41,0,0,302,192,175,253,213,327,394,619,236,425,145,68,157,158,205,234,263,307,240,410,257,319,431,531,721,635,804,967,1162,1104,703,1083,1003,1180,1360,498,1188,1045,597,195,46,84,454,559,1098,974,616,824,932,1092,333,1621,785,786,1120,1169,836,1301,1209,1422,2350,1662,1012,906,318,284,319,394,242,338,580,569,651,481,659,1037,1007,0,0,0
Kia,NIRO,HV,0,0,0,0,0,0,0,0,0,0,0,0,0,0,0,0,0,0,0,0,0,0,0,0,42,2143,2704,2939,2660,2188,2763,2677,2554,1935,2235,2397,1630,1826,2251,2220,2590,2439,1999,2258,2444,1753,1481,1615,1449,1677,1300,1566,1930,1699,1471,1681,1213,1261,1377,1291,1139,1331,1215,649,1031,862,894,1518,1155,936,702,848,818,737,1017,1153,1765,1584,1519,923,1305,1164,927,991,939,1433,1973,1803,1865,532,39,14,144,3013,2486,2597,2196,1915,1650,1801,2084,1800,1639,1860,1656,1378,1027,1090,1027,1065,1464,1371,1542,1450,1358,1400,971,1017,1059,1145,812,992,1542,1513,1430,1287,1880,1774,1135,0,0,0
Kia,NIRO,HV/EV/PHV,0,0,0,0,0,0,0,0,0,0,0,0,0,0,0,0,0,0,0,0,0,0,0,0,0,0,0,0,0,0,0,0,0,0,0,0,0,0,0,0,0,0,0,0,0,0,0,0,0,0,0,0,0,0,0,0,0,0,0,0,0,0,0,0,0,0,0,0,0,0,0,0,0,0,0,0,0,0,0,0,0,0,0,0,0,0,0,0,0,0,0,0,0,0,0,0,0,0,0,0,0,0,0,0,0,0,0,0,0,0,0,0,0,0,0,0,0,0,0,0,0,0,0,0,0,0,0,0,0,2698,0,0
Kia,NIRO,PHV,0,0,0,0,0,0,0,0,0,0,0,0,0,0,0,0,0,0,0,0,0,0,0,0,0,0,0,0,0,0,0,0,0,0,0,0,155,246,227,120,218,281,311,440,445,411,481,391,257,313,309,273,325,309,289,418,307,395,467,374,195,195,94,57,130,165,208,239,264,281,202,276,187,240,305,306,397,414,325,150,99,459,316,374,312,395,631,722,641,146,7,2,1,69,354,417,419,489,470,374,318,273,1140,415,311,244,219,182,199,145,229,238,323,269,304,363,398,245,246,253,148,155,309,268,273,198,212,313,304,0,0,0
Kia,Optima,HV,844,856,805,892,1046,897,873,1167,1136,1262,844,870,469,386,436,483,570,483,768,654,591,482,423,397,279,257,245,228,220,289,265,294,396,705,1404,1007,492,399,343,269,283,218,178,268,129,142,145,126,77,78,52,68,27,39,53,71,50,52,73,86,57,63,32,21,36,27,23,16,8,8,14,2,2,0,2,2,1,0,1,0,6,0,0,0,0,0,0,0,0,0,0,0,0,0,0,0,0,0,0,0,0,0,0,0,0,0,0,0,0,0,0,0,0,0,0,0,0,0,0,0,0,0,0,0,0,0,0,0,0,0,0,0
Kia,Optima,ICE,8550,10728,14680,12774,15303,12591,11765,12813,10583,13119,12204,12812,7944,9244,11289,10741,10325,8697,9012,8816,8419,9492,11907,12175,7530,8574,9889,10417,10484,10885,7538,6596,9358,6614,6537,5940,4620,5900,7511,7865,9986,8322,10687,10748,10809,7084,6480,7651,5768,7129,9539,8333,8267,11034,8657,9159,7139,7175,6464,7028,6100,5674,8362,6866,5803,5690,4922,3278,999,237,76,22,13,1,16,0,11,20,3,3,32,0,0,0,0,0,0,0,1,0,0,0,0,0,0,0,0,0,0,0,0,0,0,0,0,0,0,0,0,0,0,0,0,0,0,0,0,0,0,0,0,0,0,0,0,0,0,0,0,0,0,0
Kia,Optima,PHV,0,0,0,0,0,0,0,0,0,0,0,0,0,0,0,0,0,0,0,0,0,0,0,0,40,61,70,86,85,78,130,182,228,235,213,134,86,103,156,142,98,83,54,58,38,54,44,32,8,5,12,10,6,17,22,29,17,21,31,27,20,23,14,7,15,15,4,13,13,10,14,0,1,0,0,1,1,0,1,0,1,0,0,0,0,0,0,0,0,0,0,0,0,0,0,0,0,0,0,0,0,0,0,0,0,0,0,0,0,0,0,0,0,0,0,0,0,0,0,0,0,0,0,0,0,0,0,0,0,0,0,0
Kia,Rio,ICE,1572,1943,2483,2802,3615,2420,2227,1734,1480,1571,898,997,1430,1461,2475,2523,2241,5238,3331,3325,2141,1826,1440,1269,986,840,1246,1463,1187,963,1587,1643,2037,1657,1533,1618,1339,1539,2147,1964,2181,1901,1844,2367,2009,2405,1671,1608,1608,1822,2414,2082,2482,2038,2266,2752,1722,1939,1692,2144,1628,3082,2135,1436,1760,1706,2056,2097,2143,2104,1728,2052,1733,2191,2894,2879,3386,3590,3297,1777,2148,2310,2357,2800,1633,2045,2829,2215,3210,2986,1992,1923,1447,1767,2591,2358,2184,2385,2439,2792,2216,2180,2358,2546,2096,2544,1785,1279,929,648,246,83,8,2,1,0,0,0,0,0,0,0,0,0,0,0,0,0,0,0,0,0
Kia,SELTOS,ICE,0,0,0,0,0,0,0,0,0,0,0,0,0,0,0,0,0,0,0,0,0,0,0,0,0,0,0,0,0,0,0,0,0,0,0,0,0,0,0,0,0,0,0,0,0,0,0,0,0,0,0,0,0,0,0,0,0,0,0,0,94,2798,2160,1839,3551,3636,4504,5314,5613,5542,5122,6107,4992,5297,6497,6471,5360,3568,4412,2822,2933,3274,2689,3053,2191,3981,4947,3702,2752,2193,3790,4604,4022,4473,4095,4961,3994,3744,6156,5428,7449,5652,5251,4649,4736,4355,4214,4425,4000,4766,6017,5672,6460,5871,5481,6033,3877,4266,3778,3737,2840,3707,4828,4051,5254,4259,4917,5574,4635,5622,0,0
Kia,Sorento (KX7),HV,0,0,0,0,0,0,0,0,0,0,0,0,0,0,0,0,0,0,0,0,0,0,0,0,0,0,0,0,0,0,0,0,0,0,0,0,0,0,0,0,0,0,0,0,0,0,0,0,0,0,0,0,0,0,0,0,0,0,0,0,0,0,0,0,0,0,0,0,0,0,0,177,298,284,577,953,1076,830,823,455,371,452,392,562,826,843,1091,892,717,574,980,949,713,1482,1322,1134,1077,1357,1628,2180,2247,2042,2092,2120,1826,1222,1201,1156,1100,1087,956,659,819,1125,1516,1780,1373,1555,1739,1921,1312,1453,1975,1670,1392,1077,1284,1497,1144,0,0,0
Kia,Sorento (KX7),ICE,7543,8518,10842,9808,10743,8967,9749,10211,9380,8593,9023,12872,6695,8101,9897,10353,11914,12118,9854,8533,8137,7651,9698,11782,6179,6845,7751,9317,10413,9751,9734,8934,8389,6478,8153,7740,6123,7236,8027,8915,10370,12089,11982,11995,8955,6560,7092,8502,6726,7701,9507,7473,8356,7570,8256,9160,7766,8533,7899,7319,5470,6875,5710,4286,7262,8193,8008,7809,6879,5832,2938,5238,5004,5446,8115,9087,10068,6575,4927,3625,3632,4786,5757,5367,5035,4270,4576,5025,5830,7041,7654,7283,6467,5607,5727,6067,5048,5394,5009,4547,5219,5565,6119,5619,5879,4887,5353,6302,4740,6091,7577,7822,7847,5711,5469,6566,4908,5917,6526,7029,5244,5940,8139,7613,7313,5686,6343,6659,5003,6698,0,0
Kia,Sorento (KX7),PHV,0,0,0,0,0,0,0,0,0,0,0,0,0,0,0,0,0,0,0,0,0,0,0,0,0,0,0,0,0,0,0,0,0,0,0,0,0,0,0,0,0,0,0,0,0,0,0,0,0,0,0,0,0,0,0,0,0,0,0,0,0,0,0,0,0,0,0,0,0,0,0,0,0,0,0,0,0,0,0,0,109,957,696,561,284,427,571,226,299,518,839,500,170,231,155,81,143,261,249,238,298,305,358,408,398,279,318,281,180,247,266,187,160,89,221,389,291,369,440,482,315,306,433,376,388,287,338,470,355,0,0,0
Kia,Soul,EV,69,48,63,73,108,109,59,93,105,109,83,96,81,60,79,139,120,134,179,153,217,190,179,197,117,152,171,167,129,100,145,300,255,210,207,204,115,163,157,152,133,57,32,33,25,63,67,22,5,2,2,4,1,2,2,0,0,0,1,1,0,0,0,0,0,1,1,0,3,0,0,0,0,2,0,1,0,0,0,0,15,0,0,0,0,0,0,0,1,0,0,0,0,0,0,0,0,0,0,0,0,0,0,0,0,0,0,0,0,0,0,0,0,0,0,0,0,0,0,0,0,0,0,0,0,0,0,0,0,0,0,0
Kia,Soul,ICE,8073,9917,12668,11345,13778,11735,13916,17015,13509,12137,9962,12063,9110,11782,11964,11378,13586,12095,12978,12100,11668,12846,12303,12230,7675,7550,8255,9015,10392,9393,12816,13851,10244,9044,7914,7406,5823,6468,8692,8673,9789,9810,8171,9080,10515,7888,8675,10106,7096,8590,9858,10427,10712,8884,7356,8701,5985,6761,6712,6931,5530,5816,5367,3565,6324,7438,7621,6968,6697,6318,4767,5446,5377,4913,6899,6769,7716,7103,7838,7536,6176,6289,4505,3987,3890,5059,5175,4414,4115,4954,5322,6402,5113,4782,4050,4543,4844,5233,6907,6590,5971,5202,5123,4911,5290,4192,3601,3399,3271,3897,5284,5708,5740,4565,3428,4185,4016,4622,4031,3650,3554,4006,3717,5069,5043,4737,4665,5548,4069,3991,0,0
Kia,Sportage,HV,0,0,0,0,0,0,0,0,0,0,0,0,0,0,0,0,0,0,0,0,0,0,0,0,0,0,0,0,0,0,0,0,0,0,0,0,0,0,0,0,0,0,0,0,0,0,0,0,0,0,0,0,0,0,0,0,0,0,0,0,0,0,0,0,0,0,0,0,0,0,0,0,0,0,0,0,0,0,0,0,0,0,0,0,0,0,0,15,2417,3158,2278,2413,1616,1974,1562,2650,1508,1829,3269,4250,3324,2795,738,2752,2036,2008,2246,2111,2248,2274,2926,2396,2703,2799,2529,2937,2217,2459,2476,2562,1882,2198,3469,3242,3243,2782,3915,6085,5084,0,0,0
Kia,Sportage,ICE,3054,3407,5184,4273,4487,3550,5292,5749,4012,4476,4211,6044,4803,5860,6804,7645,8568,8549,8111,6888,6282,5741,5608,6207,4623,5231,5560,5672,7001,8519,7135,6014,6002,5979,5503,5585,5712,5867,7880,7653,7901,6706,7007,6538,7008,6626,6927,6998,5963,6768,6467,6077,8011,6789,8573,9593,6863,7623,8125,8426,6741,7934,5382,3964,7576,8021,7945,7672,7165,6989,7039,7915,5913,7033,9471,8094,11035,11828,10626,8182,6596,5459,4330,6034,5993,2689,7778,11365,7946,10995,9707,10216,10610,9618,8901,10315,6960,7963,8880,8286,8736,10333,8246,8755,8821,8472,8214,8522,7390,9427,11619,10524,11690,9556,8988,10652,7984,10023,10346,11434,8550,9910,11972,11671,12598,8733,9010,9941,8083,16057,0,0
Kia,Sportage,PHV,0,0,0,0,0,0,0,0,0,0,0,0,0,0,0,0,0,0,0,0,0,0,0,0,0,0,0,0,0,0,0,0,0,0,0,0,0,0,0,0,0,0,0,0,0,0,0,0,0,0,0,0,0,0,0,0,0,0,0,0,0,0,0,0,0,0,0,0,0,0,0,0,0,0,0,0,0,0,0,0,0,0,0,0,0,0,0,0,0,0,0,357,186,285,91,110,134,325,816,890,802,789,2869,773,705,573,550,500,356,380,666,819,1119,961,1111,1525,962,1199,1229,1431,925,964,1431,1265,1222,1115,1467,1997,1348,0,0,0
Kia,Stinger,ICE,0,0,0,0,0,0,0,0,0,0,0,0,0,0,0,0,0,0,0,0,0,0,0,0,0,0,0,0,0,0,0,0,0,0,17,826,1021,1344,1555,1378,1761,1579,1506,1480,1375,1345,1173,1289,939,1034,1254,939,1410,1345,1092,1422,981,1354,1057,1034,743,1063,754,871,1393,1527,1427,1101,913,1013,847,904,695,742,1007,1193,1457,1404,1419,1228,1232,1274,948,918,991,1090,1026,895,448,713,513,513,454,430,342,394,466,622,958,963,903,642,464,237,117,49,20,11,0,0,1,0,0,0,0,0,0,0,0,0,0,0,0,0,0,0,0,0,0,0,0,0
Kia,Telluride,ICE,0,0,0,0,0,0,0,0,0,0,0,0,0,0,0,0,0,0,0,0,0,0,0,0,0,0,0,0,0,0,0,0,0,0,0,0,0,0,0,0,0,0,0,0,0,0,0,0,0,0,5080,5570,6273,5989,4559,6374,5049,6075,6824,6496,4919,6754,5153,3087,2599,2864,4822,7588,8829,9697,8993,9824,6626,6637,8591,8195,7776,7613,8661,7347,9278,7695,7767,7519,6790,7618,7668,8233,7398,9186,8318,8645,8440,8179,8558,10858,7582,9023,10585,8555,10005,9534,9759,9791,9147,8533,8810,9441,6916,8510,10152,8949,10315,8858,9082,10273,8699,9694,11568,12488,8771,9599,11473,10860,11560,9239,10411,12177,8408,8571,0,0
Land Rover,Defender,ICE,0,0,0,0,0,0,0,0,0,0,0,0,0,0,0,0,0,0,0,0,0,0,0,0,0,0,0,0,0,0,0,0,0,0,0,0,0,0,0,0,0,0,0,0,0,0,0,0,0,0,0,0,0,0,0,0,0,0,0,0,0,0,0,0,0,606,218,368,817,1997,1449,2389,1581,1437,1994,1267,994,1238,1076,818,1214,1234,1242,1303,907,1445,1008,953,640,1300,1424,1223,1526,1594,1344,1991,1735,1437,1922,1586,1624,1996,2303,2254,2833,2519,2238,3611,2122,2660,2575,2494,2592,2148,2949,2608,2276,2211,3025,3307,2917,2652,2740,1940,3066,2489,1918,2018,2201,1923,0,0
Land Rover,Discovery Sport,ICE,0,0,0,147,440,312,481,881,1140,1356,1180,1674,1040,1324,2002,894,630,1054,1163,1038,1201,1099,1139,1659,1369,1137,1722,928,904,1014,1272,1211,1173,782,1209,1466,1260,691,1182,759,932,921,765,793,813,1159,1248,1512,912,1283,1332,919,1013,908,789,541,841,1058,1238,1503,735,1043,692,347,623,464,467,858,743,629,583,643,860,742,925,673,679,462,401,457,447,454,457,520,362,809,637,504,372,368,462,373,613,672,554,831,296,245,219,215,201,325,265,309,181,216,166,290,121,163,179,179,183,223,155,133,119,248,334,370,371,340,362,230,363,238,175,185,176,165,0,0
Land Rover,LR2,ICE,36,10,11,6,2,4,2,1,2,0,2,1,0,1,1,1,0,0,0,0,0,0,0,0,0,0,0,0,0,0,0,0,0,0,0,0,0,0,0,0,0,0,0,0,0,0,0,0,0,0,0,0,0,0,0,0,0,0,0,0,0,0,0,0,0,0,0,0,0,0,0,0,0,0,0,0,0,0,0,0,0,0,0,0,0,0,0,0,0,0,0,0,0,0,0,0,0,0,0,0,0,0,0,0,0,0,0,0,0,0,0,0,0,0,0,0,0,0,0,0,0,0,0,0,0,0,0,0,0,0,0,0
Land Rover,LR4,ICE,609,615,841,777,780,737,693,468,400,869,927,1315,846,1047,1569,987,900,951,940,960,933,756,503,380,127,68,183,31,146,845,848,813,777,703,819,1038,667,829,1036,611,704,780,833,864,829,938,714,1037,819,1039,1185,572,589,548,597,560,509,451,1081,1234,926,745,650,284,509,508,414,427,470,375,251,300,155,107,139,369,493,447,388,297,362,368,370,226,157,132,89,83,56,50,112,73,199,126,140,180,186,154,218,200,194,347,389,386,299,319,258,438,323,339,437,383,419,277,253,249,195,172,250,308,293,287,407,183,279,260,200,236,223,243,0,0
Land Rover,Range Rover,ICE,1481,1358,1996,1542,1516,1273,1000,1058,1361,1803,1598,1835,1475,1538,1792,1145,1044,1125,1164,1236,1006,1223,1242,2165,1833,1688,1991,1437,1272,1382,1414,1409,1178,1084,1106,1075,824,1662,2503,1650,1452,1347,1088,1534,1503,1642,1594,2231,1651,1539,1798,1577,1448,1209,1307,1435,1539,1553,1694,1872,1395,1514,1132,532,952,1213,1095,819,1118,1377,1262,1849,1210,1011,1548,1162,1431,1308,1136,755,1060,1077,1084,1541,1072,729,314,578,292,279,346,284,1584,1717,1423,2128,2113,1750,2231,1885,1907,1432,1504,1539,1018,1067,872,1470,1448,2169,2150,1964,2057,1428,1953,1660,1548,1505,1936,2828,1743,2043,2983,1861,2919,2551,2020,2108,2224,2041,0,0
Land Rover,Range Rover,PHV,0,0,0,0,0,0,0,0,0,0,0,0,0,0,0,0,0,0,0,0,0,0,0,0,0,0,0,0,0,0,0,0,0,0,0,0,0,0,0,0,0,0,0,0,0,0,0,0,0,0,0,0,0,0,0,0,0,0,73,136,61,54,45,21,39,50,45,34,46,57,52,91,50,42,64,48,59,54,47,23,32,33,33,47,33,22,9,17,8,8,3,2,15,17,14,21,43,35,45,38,38,29,30,31,20,21,17,30,35,44,50,70,108,75,86,82,78,76,81,188,323,343,229,237,239,173,187,192,167,212,0,0
Land Rover,Range Rover Evoque,ICE,1403,1107,1284,1081,970,801,1497,1430,1319,1265,1056,1370,933,823,862,528,813,949,1036,1130,965,874,890,1273,916,1030,1818,1030,858,925,934,1001,755,547,910,1255,1161,500,934,478,573,616,635,688,634,775,1329,1594,646,708,698,867,1010,999,876,1014,1069,907,1363,1372,1156,1673,1100,491,880,751,602,708,665,705,695,936,878,672,942,767,647,541,470,266,306,311,313,462,321,681,684,496,385,439,548,443,499,622,483,749,321,266,294,348,297,312,276,308,189,229,175,307,363,424,533,490,523,437,475,376,406,381,446,536,663,561,544,326,497,341,317,280,315,240,0,0
Land Rover,Range Rover Sport,ICE,1752,1827,2646,1758,1674,1516,1338,1387,1633,1906,1776,2246,1361,1684,2507,1633,1563,1626,1772,1667,1532,1580,1885,2802,1918,1824,2251,1785,1813,1594,1447,1473,1280,1034,1282,1452,1012,1585,3330,1915,2098,1955,1634,1914,1878,2014,2259,2688,2004,2148,2317,1986,1922,1755,1748,1716,2288,2584,2389,2713,1779,2014,1475,685,1230,1760,1513,998,1373,1862,1761,2626,1792,1465,2367,1464,1376,1436,1248,816,980,996,1002,1379,960,970,1847,1022,966,445,759,541,72,328,173,339,1096,908,703,722,661,1147,991,1121,1071,1028,878,1446,1245,1759,1669,1424,1559,1799,1590,1574,1239,1301,1866,2232,1551,1490,2352,1443,2217,1854,1424,1641,1658,1321,0,0
Land Rover,Range Rover Sport,PHV,0,0,0,0,0,0,0,0,0,0,0,0,0,0,0,0,0,0,0,0,0,0,0,0,0,0,0,0,0,0,0,0,0,0,0,0,0,0,0,0,0,0,0,0,0,0,0,0,0,0,0,0,0,0,0,0,0,0,85,113,76,76,59,29,51,73,63,41,57,77,73,135,74,61,98,60,57,59,51,34,40,41,41,57,40,40,76,42,9,4,7,5,0,3,1,3,57,47,37,38,34,60,52,58,56,54,46,76,78,92,100,120,135,156,150,98,79,87,88,127,164,177,177,194,190,142,154,158,161,155,0,0
Land Rover,Range Rover Velar,ICE,0,0,0,0,0,0,0,0,0,0,0,0,0,0,0,0,0,0,0,0,0,0,0,0,0,0,0,0,0,0,0,413,1244,1327,1475,1694,1522,1561,1987,1035,1344,1363,1254,1386,1309,1318,1403,1555,1353,1434,2162,1244,1355,1174,1139,1306,1242,1540,1591,1547,1142,1474,1017,476,852,1151,877,931,1085,1305,1193,1487,649,597,933,1262,1550,1427,1240,997,900,915,921,313,218,445,691,430,366,635,646,575,966,1316,984,1559,578,479,691,719,653,506,495,525,511,527,434,729,420,555,723,661,708,525,687,602,537,518,697,787,636,589,502,359,557,434,311,331,427,355,0,0
Lexus,CT,HV,1005,978,1416,1170,1436,1118,1374,1504,1131,1077,984,1464,622,762,972,577,797,785,849,819,638,564,550,968,393,458,841,794,825,615,442,204,91,10,8,9,3,0,1,0,0,0,0,0,0,0,0,0,0,0,0,0,0,0,0,0,0,0,0,0,0,0,0,0,0,0,0,0,0,0,0,0,0,0,0,0,0,0,0,0,0,0,0,0,0,0,0,0,0,0,0,0,0,0,0,0,0,0,0,0,0,0,0,0,0,0,0,0,0,0,0,0,0,0,0,0,0,0,0,0,0,0,0,0,0,0,0,0,0,0,0,0
Lexus,ES,HV,746,758,1076,789,911,711,891,1281,907,895,833,1443,622,633,894,700,735,646,705,692,497,353,434,734,242,330,448,356,467,481,598,636,424,355,508,549,258,219,388,334,389,402,467,418,824,616,488,447,471,575,844,606,754,732,835,961,613,730,898,1054,668,636,513,213,404,566,611,836,1000,1236,1014,1081,593,769,1090,825,338,1207,1658,1250,978,1035,1136,1024,955,1018,1149,1329,1253,1177,1165,1059,1264,1020,1009,1140,614,543,941,1127,1169,1192,1117,1070,1315,1130,1109,1179,896,1045,1413,1346,1464,1465,1879,2077,1394,1820,1866,1816,803,1103,1618,1461,1895,1629,1891,1799,1472,0,0,0
Lexus,ES,ICE,3334,3434,4697,3912,4642,4031,4549,6005,4288,4531,3892,6413,2778,3193,4898,3742,4638,4414,4792,5148,4046,3837,3663,5505,1929,2379,4178,3044,3761,4185,6043,5768,3806,3010,3403,4498,2382,2466,3550,2884,3439,3190,4084,4268,4382,3915,3734,4938,2673,2749,4078,2893,3987,3618,4125,4675,2707,3140,3647,3971,2310,2707,2413,1246,2518,2815,3246,3531,3551,2871,3325,3981,2058,2106,3576,2355,4496,3379,2989,2580,1806,2443,2572,3143,1907,2297,2725,2741,2953,2374,2710,2091,2205,2028,1988,2255,1680,2202,2752,2447,2286,2419,2009,1984,2127,1898,2197,2694,1261,1470,2386,2266,2465,2081,1851,2046,1479,2065,2116,3189,1470,1802,2402,1916,1622,1460,1611,2098,1736,3362,0,0
Lexus,GS,HV,8,10,9,12,8,7,11,4,7,7,5,3,5,5,8,16,7,3,12,3,4,0,1,6,6,5,5,3,4,12,3,3,5,0,1,3,4,4,2,3,5,7,2,6,2,0,0,3,3,1,0,1,1,0,1,0,0,0,0,0,0,0,0,0,0,0,0,0,0,0,0,0,0,0,0,0,0,0,0,0,0,0,0,0,0,0,0,0,0,0,0,0,0,0,0,0,0,0,0,0,0,0,0,0,0,0,0,0,0,0,0,0,0,0,0,0,0,0,0,0,0,0,0,0,0,0,0,0,0,0,0,0
Lexus,GS,ICE,1671,1841,2365,1699,1876,1636,1690,1791,1588,1280,2169,3420,1293,1162,1516,985,1104,1348,1206,1225,1062,1388,1200,1319,416,531,732,594,611,634,649,686,661,558,738,913,471,530,752,648,667,595,468,543,449,387,472,584,295,262,394,300,260,214,304,342,193,222,321,265,227,230,167,128,258,293,280,335,246,204,115,77,30,13,9,11,4,3,4,0,1,0,0,1,0,0,0,0,0,2,0,0,0,0,0,0,0,0,1,0,0,1,0,0,0,0,0,0,0,0,0,0,0,0,0,0,0,0,0,0,0,0,0,0,0,0,0,0,0,0,0,0
Lexus,GX,ICE,1803,1653,2024,1950,2182,2079,2337,2221,1611,2223,2011,3118,1608,1650,1961,1974,1859,2098,1918,2493,1984,1822,2307,3474,1418,1527,2569,1792,1851,1740,2075,3336,3035,2090,2432,3325,1589,1773,2329,1812,2018,2149,2374,2773,2280,1936,2369,3322,1508,1630,2291,1786,1809,1947,2094,2604,1707,2161,3188,3220,1839,2033,1250,1177,2449,2568,2202,2610,2449,2769,2894,4279,1969,2332,3376,2533,2870,2326,2702,2960,2791,3598,2035,3017,2855,2285,2115,2175,1934,2592,2670,2994,2846,2272,2470,2828,2162,1825,2402,2186,2223,2545,2356,2759,3053,2876,3394,4256,1512,1763,583,1732,1883,1668,4153,4590,3022,3230,3310,3468,3181,2136,3922,3959,3267,2428,3417,3332,2602,3287,0,0
Lexus,IS,ICE,3375,3383,4488,4008,4345,3821,4280,4537,3152,2950,3063,5028,2178,2961,3679,2654,2879,2748,3461,3525,2678,2523,3571,4432,1423,1684,2597,2154,2367,2103,2443,2445,2059,1972,2458,2777,1447,1524,2312,1816,2180,2017,2068,2231,1798,1511,1830,2193,1075,1115,1694,1385,1533,1560,1331,1363,844,843,1006,1171,742,1083,887,601,975,804,907,1193,1529,1386,1226,2267,1576,1922,2530,2508,2780,2077,2732,2361,1674,366,83,1389,1662,1160,1640,2205,2268,1976,1968,1747,1705,1553,1599,1922,3020,1724,2038,2086,1840,1827,2018,2066,1970,1715,1582,2090,1284,1496,2227,1715,1866,1561,1460,1614,1168,1529,1568,1458,1275,1365,2139,1984,1785,1310,1519,1862,1429,1504,0,0
Lexus,LC,HV,0,0,0,0,0,0,0,0,0,0,0,0,0,0,0,0,0,0,0,0,0,0,0,0,0,0,0,0,29,16,6,15,16,15,9,12,4,13,13,10,11,11,12,5,4,3,8,8,3,0,4,5,6,0,2,2,3,7,2,3,1,0,4,0,1,1,0,0,3,1,0,2,2,0,0,0,0,3,1,2,0,0,0,1,2,0,0,0,3,3,0,0,2,0,1,1,1,3,3,2,1,0,5,1,2,0,2,4,1,1,2,1,2,1,2,3,1,1,2,1,1,3,0,1,1,1,0,2,0,0,0,0
Lexus,LC,ICE,0,0,0,0,0,0,0,0,0,0,0,0,0,0,0,0,0,0,0,0,0,0,0,0,0,0,0,0,390,407,307,276,233,204,271,278,172,115,205,169,143,150,154,205,152,137,131,144,87,89,137,117,131,89,94,82,77,84,84,111,97,85,53,33,75,65,86,102,136,161,192,226,216,197,239,303,324,291,313,234,247,172,82,155,146,141,153,142,134,109,61,26,71,100,110,177,190,155,163,129,130,130,150,157,191,144,122,150,133,155,201,160,175,134,105,116,101,47,48,71,184,182,149,102,102,64,78,84,50,94,0,0
Lexus,LFA,ICE,2,1,1,0,0,1,1,1,1,0,0,1,1,2,2,0,0,1,0,0,0,0,0,0,0,0,0,0,0,0,1,0,1,1,0,0,0,1,0,0,1,0,0,0,0,0,0,0,3,0,0,0,0,0,0,0,0,0,0,0,0,0,2,0,0,0,0,0,1,0,0,0,0,0,0,0,0,1,0,0,0,0,0,0,0,0,0,0,0,0,0,0,0,0,0,0,0,0,0,0,0,0,0,0,0,0,0,0,0,0,0,0,0,0,0,0,0,0,0,0,0,0,0,0,0,0,0,0,0,0,0,0
Lexus,LS,HV,5,7,7,5,7,1,5,3,3,1,0,3,3,2,4,5,2,1,2,11,6,0,2,2,0,0,0,0,0,0,0,0,0,0,0,0,0,0,41,40,43,40,28,22,17,19,22,22,10,8,15,20,20,19,16,10,8,22,19,20,17,13,7,2,9,7,0,4,4,2,0,0,0,0,1,2,8,13,15,12,3,9,5,7,3,0,2,2,2,3,4,9,14,10,12,8,8,3,12,17,9,8,8,7,6,0,8,8,10,11,14,9,10,3,8,9,3,4,4,9,6,7,5,2,3,1,3,2,5,0,0,0
Lexus,LS,ICE,661,499,669,604,608,628,626,529,403,506,534,851,394,372,465,392,710,528,431,446,339,352,438,607,280,294,370,294,317,300,402,413,432,328,358,306,116,548,967,959,865,749,684,901,651,816,880,871,498,431,442,454,442,338,380,499,338,446,510,563,355,240,0,116,218,273,251,286,312,478,334,520,386,336,414,378,381,332,353,354,324,152,78,176,203,199,182,231,150,271,242,225,247,218,224,215,165,154,234,192,234,175,173,178,142,160,145,173,192,223,233,176,192,141,154,171,147,144,147,149,137,130,135,109,90,66,87,67,39,49,0,0
Lexus,LX,HV,0,0,0,0,0,0,0,0,0,0,0,0,0,0,0,0,0,0,0,0,0,0,0,0,0,0,0,0,0,0,0,0,0,0,0,0,0,0,0,0,0,0,0,0,0,0,0,0,0,0,0,0,0,0,0,0,0,0,0,0,0,0,0,0,0,0,0,0,0,0,0,0,0,0,0,0,0,0,0,0,0,0,0,0,0,0,0,0,0,0,0,0,0,0,0,0,0,0,0,0,0,0,0,0,0,0,0,0,0,0,0,0,0,0,0,0,0,0,0,0,5,103,209,318,280,243,275,293,261,0,0,0
Lexus,LX,ICE,293,291,291,270,299,223,219,206,172,216,512,892,585,527,424,442,293,306,326,403,386,565,614,836,534,445,512,404,404,398,373,446,535,609,600,744,364,385,528,385,524,396,370,404,379,377,429,212,251,411,552,404,369,322,333,444,247,391,432,562,355,276,215,162,372,434,319,429,314,411,387,838,492,430,418,403,338,208,183,111,225,158,86,511,215,146,197,361,395,483,368,413,131,151,345,438,159,430,987,747,626,501,538,542,748,597,519,585,526,612,559,526,573,519,490,541,466,624,640,754,371,492,524,449,399,287,306,321,294,615,0,0
Lexus,NX,HV,163,164,225,210,250,203,234,206,170,188,196,364,245,236,251,222,229,183,228,224,233,188,241,362,179,184,276,181,228,215,282,237,189,190,431,731,458,518,735,604,762,826,738,921,664,656,813,1367,686,724,891,711,726,620,705,909,630,766,1051,1230,576,676,493,227,668,948,886,903,646,896,1025,1434,821,926,1205,952,1077,1100,1203,1230,869,610,128,473,555,347,1665,809,793,739,1023,1657,1102,1607,1640,2005,1688,1036,1043,826,975,1650,1407,1591,2088,2893,3083,3157,2097,2444,2249,1947,2118,2317,2151,2376,1786,2376,2436,2832,2515,2506,2625,2481,2655,2668,2798,2665,2089,0,0,0
Lexus,NX,ICE,2649,2502,3408,3211,3764,3300,4103,4242,2943,3211,3088,4770,2888,3473,4282,3593,3802,3886,4461,5183,4496,4086,4879,7013,2785,3330,5343,4139,4781,4382,5124,5280,4852,4350,4973,6679,3747,3745,5124,3904,4213,4036,3915,4723,3880,3524,4809,7397,3296,3436,4742,3530,3886,3628,3718,4229,3007,3500,5369,6725,3153,3807,2604,1812,4186,3575,3633,3960,3176,4573,4943,6984,3153,3114,5243,4215,5293,4967,5913,5726,3537,3392,2283,1066,2377,2273,2290,1786,1987,2274,2682,2086,2405,3673,4036,3825,3069,3121,4317,4347,5037,4324,3775,3416,3864,3316,3912,4868,2317,2700,3904,2684,2920,3807,3785,4183,2864,3673,3765,4456,2310,2071,3309,3922,3782,3179,3570,3639,2814,5552,0,0
Lexus,NX,PHV,0,0,0,0,0,0,0,0,0,0,0,0,0,0,0,0,0,0,0,0,0,0,0,0,0,0,0,0,0,0,0,0,0,0,0,0,0,0,0,0,0,0,0,0,0,0,0,0,0,0,0,0,0,0,0,0,0,0,0,0,0,0,0,0,0,0,0,0,0,0,0,0,0,0,0,0,0,0,0,0,0,0,0,18,197,168,237,158,326,634,616,201,264,230,239,258,191,290,473,406,470,447,509,521,476,486,452,554,387,450,571,511,556,660,640,707,384,298,305,832,748,765,1143,674,520,380,476,663,289,0,0,0
Lexus,RC,ICE,847,984,1201,1226,1343,1129,1232,1337,1159,1333,1282,1711,755,920,1194,813,823,787,977,1065,827,1081,881,1042,447,495,619,522,517,499,522,665,737,828,826,686,161,186,271,369,434,328,259,327,258,211,213,341,262,279,422,353,412,381,437,482,334,351,450,428,300,300,157,158,301,321,333,376,393,400,355,414,214,196,367,313,316,296,357,419,242,119,53,95,155,139,167,197,171,321,246,285,269,199,274,207,120,121,139,148,135,179,141,163,168,142,128,169,122,143,145,185,201,145,151,166,112,153,156,175,147,119,186,135,124,94,93,85,97,91,0,0
Lexus,RX,HV,521,494,641,492,551,486,530,599,443,514,958,1493,790,752,886,899,719,684,684,574,387,535,666,985,443,507,713,615,747,655,806,852,835,675,753,967,583,668,965,832,1359,1392,1492,1650,1493,1416,1627,2179,900,1019,1522,1130,1392,1242,1334,1622,956,1451,1641,1907,1161,1334,886,413,869,968,1328,1555,1640,1307,1157,1786,1507,1569,2046,1495,1097,1072,1666,1599,1871,1988,1606,1812,1327,1352,1708,1293,1014,1376,1927,1571,2064,1919,852,1003,2808,2716,2315,3572,3883,3018,2567,1817,2372,2389,2934,3204,2807,3271,4325,3196,3475,3213,3177,3511,3130,4026,4127,4618,2887,3565,4183,4289,3465,2452,2467,2657,2915,0,0,0
Lexus,RX,ICE,6048,5996,8536,6318,7449,6747,7734,9021,7316,7504,9813,10406,6166,6440,8762,7868,8085,7361,7838,9127,8218,7509,9603,13897,5077,6169,8732,7224,8102,7753,8826,9539,8285,7699,9349,12984,6155,6570,8849,6873,8338,7462,8288,9225,7364,7192,8621,11043,4608,6035,9445,6392,7390,6986,7913,10078,6206,7820,9885,12162,6248,6290,4928,2840,5617,5259,7739,9533,7643,8654,9542,12362,5856,6071,10892,8865,8129,8045,10009,6318,6518,7523,8095,9671,6512,7584,8312,8248,7717,7326,7412,6914,6642,6054,2927,2766,5222,5789,7375,7194,6502,7256,6629,6369,6365,5988,7138,8762,4206,4902,5880,5588,6077,6231,5912,6533,5088,6545,6710,7840,3449,3385,5210,6250,4971,5333,6175,6686,5355,9572,0,0
Lexus,RX,PHV,0,0,0,0,0,0,0,0,0,0,0,0,0,0,0,0,0,0,0,0,0,0,0,0,0,0,0,0,0,0,0,0,0,0,0,0,0,0,0,0,0,0,0,0,0,0,0,0,0,0,0,0,0,0,0,0,0,0,0,0,0,0,0,0,0,0,0,0,0,0,0,0,0,0,0,0,0,0,0,0,0,0,0,0,0,0,0,0,0,0,0,0,0,0,0,0,0,0,0,0,0,0,0,0,0,0,0,282,318,370,394,273,297,132,315,348,372,425,435,569,451,527,1059,666,423,323,355,517,412,0,0,0
Lexus,RZ,EV,0,0,0,0,0,0,0,0,0,0,0,0,0,0,0,0,0,0,0,0,0,0,0,0,0,0,0,0,0,0,0,0,0,0,0,0,0,0,0,0,0,0,0,0,0,0,0,0,0,0,0,0,0,0,0,0,0,0,0,0,0,0,0,0,0,0,0,0,0,0,0,0,0,0,0,0,0,0,0,0,0,0,0,0,0,0,0,0,0,0,0,0,0,0,0,0,0,0,185,291,343,298,496,454,444,766,1135,1025,344,401,858,1363,1483,1190,1054,1165,523,454,465,397,263,486,705,651,911,763,800,674,86,19,0,0
Lexus,TX,HV,0,0,0,0,0,0,0,0,0,0,0,0,0,0,0,0,0,0,0,0,0,0,0,0,0,0,0,0,0,0,0,0,0,0,0,0,0,0,0,0,0,0,0,0,0,0,0,0,0,0,0,0,0,0,0,0,0,0,0,0,0,0,0,0,0,0,0,0,0,0,0,0,0,0,0,0,0,0,0,0,0,0,0,0,0,0,0,0,0,0,0,0,0,0,0,0,0,0,0,0,0,0,0,0,0,206,445,489,430,501,593,762,829,431,0,0,0,311,318,634,383,661,884,694,714,1028,1012,1077,858,0,0,0
Lexus,TX,ICE,0,0,0,0,0,0,0,0,0,0,0,0,0,0,0,0,0,0,0,0,0,0,0,0,0,0,0,0,0,0,0,0,0,0,0,0,0,0,0,0,0,0,0,0,0,0,0,0,0,0,0,0,0,0,0,0,0,0,0,0,0,0,0,0,0,0,0,0,0,0,0,0,0,0,0,0,0,0,0,0,0,0,0,0,0,0,0,0,0,0,0,0,0,0,0,0,0,0,0,0,0,0,0,0,0,1240,2521,3245,2436,2840,2988,3472,3776,1884,0,0,0,1573,1612,2758,1527,2823,3630,4091,4669,3616,3665,4048,3477,5100,0,0
Lexus,TX,PHV,0,0,0,0,0,0,0,0,0,0,0,0,0,0,0,0,0,0,0,0,0,0,0,0,0,0,0,0,0,0,0,0,0,0,0,0,0,0,0,0,0,0,0,0,0,0,0,0,0,0,0,0,0,0,0,0,0,0,0,0,0,0,0,0,0,0,0,0,0,0,0,0,0,0,0,0,0,0,0,0,0,0,0,0,0,0,0,0,0,0,0,0,0,0,0,0,0,0,0,0,0,0,0,0,0,0,0,0,46,54,68,81,89,42,0,0,0,24,25,70,18,49,70,92,113,85,77,102,83,0,0,0
Lexus,UX,HV,0,0,0,0,0,0,0,0,0,0,0,0,0,0,0,0,0,0,0,0,0,0,0,0,0,0,0,0,0,0,0,0,0,0,0,0,0,0,0,0,0,0,0,0,0,0,0,66,345,749,889,583,700,636,685,865,565,628,869,1089,717,801,605,391,848,1209,1297,1047,1140,1125,1272,1370,802,838,1323,1098,1509,952,1297,1511,899,771,493,1142,900,668,922,279,314,202,247,437,541,627,712,1060,906,1063,1279,1422,1128,1060,883,887,802,858,742,883,703,820,1178,936,1017,718,526,581,402,518,530,948,753,784,988,928,884,664,777,695,426,425,0,0
Lexus,UX,ICE,0,0,0,0,0,0,0,0,0,0,0,0,0,0,0,0,0,0,0,0,0,0,0,0,0,0,0,0,0,0,0,0,0,0,0,0,0,0,0,0,0,0,0,0,0,0,0,387,446,609,887,690,720,715,718,764,425,581,721,844,774,581,360,201,419,443,439,422,423,355,223,500,272,297,461,617,726,629,459,362,225,145,252,501,320,286,547,641,522,328,370,288,38,9,3,0,0,0,0,0,0,0,0,0,0,0,0,0,0,0,0,0,0,0,0,0,0,0,0,0,0,0,0,0,0,0,0,0,0,0,0,0
Lexus,N/A,ICE,0,0,0,0,0,0,0,0,0,0,0,0,0,0,0,0,0,0,0,0,0,0,0,0,0,0,0,0,0,0,0,0,0,0,0,0,0,0,0,0,0,0,0,0,0,0,0,0,0,0,0,0,0,0,0,0,0,0,0,0,0,0,0,0,0,0,0,0,0,0,0,0,0,0,0,0,0,0,0,0,0,0,0,0,0,0,0,0,0,0,0,0,0,0,0,0,0,0,0,0,0,0,0,0,0,0,0,0,0,0,0,0,0,0,0,0,1,0,0,0,0,0,0,0,0,0,0,0,0,0,0,0
Lexus,Other/Adjustment,ICE,0,0,0,0,0,0,0,0,0,0,0,0,0,0,0,0,0,0,0,0,0,0,0,0,0,0,0,0,0,0,0,0,0,0,0,0,0,0,0,0,0,0,0,0,0,0,0,0,0,0,0,0,0,0,0,0,0,0,0,0,0,0,0,0,0,0,0,0,0,0,0,0,0,0,0,0,0,0,0,0,0,0,0,0,0,0,0,0,0,0,0,0,0,0,0,0,0,0,0,0,0,0,0,0,0,0,0,0,0,0,0,0,0,0,0,0,0,-3281,3281,0,0,0,0,0,0,0,0,0,0,0,0,0
Lincoln,Aviator,ICE,0,0,0,0,0,0,0,0,0,0,0,0,0,0,0,0,0,0,0,0,0,0,0,0,0,0,0,0,0,0,0,0,0,0,0,0,0,0,0,0,0,0,0,0,0,0,0,0,0,0,0,0,0,0,261,479,1159,1585,2029,2732,2038,1922,1452,872,1362,1505,1908,1851,1957,1955,1709,2706,1718,1368,2183,2490,1611,748,934,654,1579,1863,1462,1413,1287,1759,1733,2248,1757,1336,1711,1497,1854,1703,1567,1621,1089,1719,1955,1567,763,237,160,55,1148,1510,1103,2410,1751,1842,2334,1949,1837,1627,357,2522,2551,2595,2443,2670,1434,1357,1978,2795,2749,1708,1470,1415,1504,2241,0,0
Lincoln,Aviator,PHV,0,0,0,0,0,0,0,0,0,0,0,0,0,0,0,0,0,0,0,0,0,0,0,0,0,0,0,0,0,0,0,0,0,0,0,0,0,0,0,0,0,0,0,0,0,0,0,0,0,0,0,0,0,0,0,0,0,0,0,78,102,56,96,96,92,89,108,143,151,229,233,448,221,247,349,354,316,251,192,112,147,271,214,227,29,76,83,154,326,162,216,234,234,273,85,32,85,102,286,334,72,4,4,2,94,401,232,219,108,84,131,81,96,74,12,74,27,34,36,0,0,0,0,0,0,0,0,0,0,0,0,0
Lincoln,Continental,ICE,0,0,0,0,0,0,0,0,0,0,0,0,0,0,0,0,0,0,0,0,775,1222,1419,1845,1167,1079,963,1003,1061,973,958,816,857,996,923,1216,815,758,832,867,660,546,573,626,657,578,676,1170,590,305,460,379,507,604,734,663,499,589,529,727,541,527,495,348,320,344,465,419,413,501,378,511,263,231,274,258,171,76,84,24,14,16,13,36,0,0,0,0,0,0,0,0,0,0,0,0,0,0,0,0,0,0,0,0,0,0,0,0,0,0,0,0,0,0,0,0,0,0,0,0,0,0,0,0,0,0,0,0,0,0,0,0
Lincoln,Corsair,ICE,0,0,0,0,0,0,0,0,0,0,0,0,0,0,0,0,0,0,0,0,0,0,0,0,0,0,0,0,0,0,0,0,0,0,0,0,0,0,0,0,0,0,0,0,0,0,0,0,0,0,0,0,0,0,0,0,0,0,0,0,1882,2286,1502,1167,2021,2275,1918,2444,2682,2988,2240,2755,2019,2116,2977,2820,2346,1220,599,854,1941,2337,1373,1779,1996,2033,2466,2634,1912,2037,1886,1933,1905,2300,2056,2305,1533,1278,937,726,1862,2587,2347,2609,2387,2248,1961,2377,1838,1899,2105,2033,2071,1732,2193,2012,1774,2152,1712,2328,1334,1526,1980,1867,2051,1737,1591,1905,1607,1820,0,0
Lincoln,Corsair,PHV,0,0,0,0,0,0,0,0,0,0,0,0,0,0,0,0,0,0,0,0,0,0,0,0,0,0,0,0,0,0,0,0,0,0,0,0,0,0,0,0,0,0,0,0,0,0,0,0,0,0,0,0,0,0,0,0,0,0,0,0,0,0,0,0,0,0,0,0,0,65,2,0,0,0,2,1,2,4,0,5,99,198,50,48,124,157,168,221,172,118,99,183,233,290,208,232,84,83,108,126,157,150,212,180,117,105,99,111,218,85,141,204,281,242,257,315,336,536,435,614,349,395,656,367,432,402,461,621,525,377,0,0
Lincoln,MKC,ICE,1602,1558,2070,1866,2289,1947,2455,2411,2039,1982,1805,2566,1436,1746,1956,2822,2162,1989,2138,2451,2086,1916,2065,2795,1668,1959,2284,2726,2524,2304,2129,2343,2456,2114,2037,2504,1197,1550,2149,1859,2677,2857,2300,2423,2258,1934,2263,2774,1644,1879,2264,1729,2166,2061,2031,2480,2012,2230,2498,2821,0,0,0,0,0,0,0,0,0,0,0,0,0,0,0,0,0,0,0,0,0,0,0,0,0,0,0,0,0,0,0,0,0,0,0,0,0,0,0,0,0,0,0,0,0,0,0,0,0,0,0,0,0,0,0,0,0,0,0,0,0,0,0,0,0,0,0,0,0,0,0,0
Lincoln,MKS,ICE,645,559,838,649,613,525,544,552,503,458,520,471,538,599,781,662,452,413,313,325,239,325,89,215,20,17,22,21,12,16,9,36,0,0,0,0,0,0,0,0,0,0,0,0,0,0,0,0,0,0,0,0,0,0,0,0,0,0,0,0,0,0,0,0,0,0,0,0,0,0,0,0,0,0,0,0,0,0,0,0,0,0,0,0,0,0,0,0,0,0,0,0,0,0,0,0,0,0,0,0,0,0,0,0,0,0,0,0,0,0,0,0,0,0,0,0,0,0,0,0,0,0,0,0,0,0,0,0,0,0,0,0
Lincoln,MKT,ICE,268,216,373,428,442,376,591,285,430,456,425,406,505,234,390,472,298,259,259,273,254,248,187,649,260,287,221,240,382,287,226,227,280,248,161,186,123,137,252,271,246,213,211,200,131,160,109,271,327,427,488,434,418,394,301,229,95,99,88,88,52,38,19,4,5,11,6,9,8,12,6,159,0,0,0,0,0,0,0,0,0,0,0,0,0,0,0,0,0,0,0,0,0,0,0,0,0,0,0,0,0,0,0,0,0,0,0,0,0,0,0,0,0,0,0,0,0,0,0,0,0,0,0,0,0,0,0,0,0,0,0,0
Lincoln,MKX,ICE,1358,1135,1475,1357,1488,1936,2519,1763,2136,2189,1883,2960,2052,2375,2771,2631,2794,2466,2656,2643,2322,2279,2451,3527,2928,2390,2688,2339,2682,2475,2422,2371,2457,2684,2619,2976,1811,1812,2605,2263,2535,2444,2043,2394,1979,2170,1892,2018,1507,1383,1208,1518,443,0,0,0,0,0,0,0,0,0,0,0,0,0,0,0,0,0,0,0,0,0,0,0,0,0,0,0,0,0,0,0,0,0,0,0,0,0,0,0,0,0,0,0,0,0,0,0,0,0,0,0,0,0,0,0,0,0,0,0,0,0,0,0,0,0,0,0,0,0,0,0,0,0,0,0,0,0,0,0
Lincoln,MKZ,HV,468,480,717,810,1005,700,725,713,596,646,676,867,491,585,608,613,805,766,681,541,460,450,552,667,467,570,605,509,588,428,435,548,435,405,446,495,213,286,359,346,446,416,394,428,508,304,296,411,302,317,404,1062,535,472,340,486,411,289,252,277,260,310,147,115,205,210,183,226,217,121,103,177,59,49,40,18,7,1,1,0,0,0,2,0,0,0,0,0,0,0,0,0,0,0,0,0,0,0,0,0,0,0,0,0,0,0,0,0,0,0,0,0,0,0,0,0,0,0,0,0,0,0,0,0,0,0,0,0,0,0,0,0
Lincoln,MKZ,ICE,1362,1354,2125,2105,2291,1843,1917,1858,1894,1760,1649,2340,1455,1543,1872,1516,2445,1994,2287,2213,1987,2031,1989,1983,1623,1504,1874,2149,2213,1812,1964,1612,1608,1806,1493,1798,963,1094,1444,1346,1354,1408,1186,1352,1378,1313,1144,1463,916,1082,1266,352,1167,1086,1050,1164,1233,1170,970,1122,933,1126,706,502,895,1058,1061,1083,896,670,480,834,366,349,375,249,94,26,13,12,6,5,6,3,0,0,0,0,0,0,0,0,0,0,0,0,0,0,0,0,0,0,0,0,0,0,0,0,0,0,0,0,0,0,0,0,0,0,0,0,0,0,0,0,0,0,0,0,0,0,0,0
Lincoln,Nautilus,HV,0,0,0,0,0,0,0,0,0,0,0,0,0,0,0,0,0,0,0,0,0,0,0,0,0,0,0,0,0,0,0,0,0,0,0,0,0,0,0,0,0,0,0,0,0,0,0,0,0,0,0,0,0,0,0,0,0,0,0,0,0,0,0,0,0,0,0,0,0,0,0,0,0,0,0,0,0,0,0,0,0,0,0,0,0,0,0,0,0,0,0,0,0,0,0,0,0,0,0,0,0,0,0,0,0,0,0,0,0,322,1306,1345,1262,1018,1250,1604,1192,1375,1629,2029,1205,1366,1983,2192,1933,1340,1457,1543,1179,491,0,0
Lincoln,Nautilus,ICE,0,0,0,0,0,0,0,0,0,0,0,0,0,0,0,0,0,0,0,0,0,0,0,0,0,0,0,0,0,0,0,0,0,0,0,0,0,0,0,0,0,0,0,0,0,0,1261,1346,1004,922,1811,1012,2508,2706,2520,3105,2337,2425,2590,2712,1760,2145,1340,987,1951,2098,1876,1924,1971,2123,1874,2693,1740,1589,2043,2609,2104,1342,1416,2667,2666,2458,2340,1469,1384,1523,2182,2995,2329,1442,1739,1745,1458,1330,1027,1481,1608,1735,2162,2489,2076,2286,2438,2123,1980,1318,1620,2499,2034,3074,2495,1537,1559,1552,1847,1729,1177,1477,1663,2068,1220,1116,1774,1649,1565,1190,1283,1271,971,1547,0,0
Lincoln,Navigator,ICE,916,862,1097,919,1046,999,785,1054,1082,994,960,1250,700,957,1311,1060,851,922,764,797,674,598,677,1110,652,938,897,704,826,980,732,755,709,656,1230,1444,1288,1063,1711,1566,1837,1650,1191,1522,1257,1115,1566,2073,1425,1411,1633,1500,1441,1446,1442,1607,1296,1393,1928,2134,1247,1420,1159,779,901,1069,1105,1155,1375,1386,1362,2294,1355,1715,1762,1669,1492,1235,998,826,1195,1198,966,1220,920,375,853,1006,1097,1799,1317,801,982,1300,1161,1595,1409,1242,1519,1441,1573,1674,1500,1620,1407,1292,1226,1646,1036,1193,898,1148,1220,1055,1686,1585,1213,1180,1361,1956,928,994,2136,2745,2843,1767,1697,1624,1636,1624,0,0
Lucid Motors,Gravity,EV,0,0,0,0,0,0,0,0,0,0,0,0,0,0,0,0,0,0,0,0,0,0,0,0,0,0,0,0,0,0,0,0,0,0,0,0,0,0,0,0,0,0,0,0,0,0,0,0,0,0,0,0,0,0,0,0,0,0,0,0,0,0,0,0,0,0,0,0,0,0,0,0,0,0,0,0,0,0,0,0,0,0,0,0,0,0,0,0,0,0,0,0,0,0,0,0,0,0,0,0,0,0,0,0,0,0,0,0,0,0,0,0,0,0,0,0,0,0,0,0,0,0,0,0,0,0,103,304,267,315,0,0
Lucid Motors,Air,EV,0,0,0,0,0,0,0,0,0,0,0,0,0,0,0,0,0,0,0,0,0,0,0,0,0,0,0,0,0,0,0,0,0,0,0,0,0,0,0,0,0,0,0,0,0,0,0,0,0,0,0,0,0,0,0,0,0,0,0,0,0,0,0,0,0,0,0,0,0,0,0,0,0,0,0,0,0,0,0,0,0,0,208,369,75,135,150,200,230,249,300,500,598,500,700,732,393,455,520,533,518,608,482,598,538,485,492,535,439,603,575,622,559,674,506,558,507,549,509,503,106,305,1001,404,403,340,400,505,730,284,0,0
MINI,Cooper,EV,0,0,0,0,0,0,0,0,0,0,0,0,0,0,0,0,0,0,0,0,0,0,0,0,0,0,0,0,0,0,0,0,0,0,0,0,0,0,0,0,0,0,0,0,0,0,0,0,0,0,0,0,0,0,0,0,0,0,0,0,0,0,45,10,0,72,82,83,75,73,63,82,52,91,161,178,149,141,134,152,54,193,179,254,171,117,176,160,201,297,518,355,219,377,352,386,256,254,275,204,249,229,102,283,203,417,312,450,112,278,332,275,339,238,139,96,68,354,0,1,3,0,0,0,2,1,0,1,0,0,0,0
MINI,Cooper,ICE,2169,2420,3635,3644,3309,3311,3515,2721,2859,2396,2785,2203,2448,1868,2422,2112,1876,1833,1737,1609,1536,1448,1708,1842,1129,1161,2071,1535,1651,1665,1359,1487,1391,1457,1843,2230,1013,1149,1562,1028,1533,1548,1561,1448,1265,1433,1652,1208,985,1078,1683,1203,1113,1313,1204,1235,1221,1208,1240,1044,999,1297,59,456,832,997,1286,1299,1181,1140,996,1278,819,634,1047,1236,1287,1187,1159,891,316,871,811,1432,774,534,794,492,507,1358,1312,900,725,1246,1165,1275,693,686,753,718,980,903,1060,569,946,688,653,1186,580,629,606,418,500,860,730,872,730,919,1276,1395,834,922,1201,1245,1247,1068,974,1035,889,1377,0,0
MINI,Countryman,EV,0,0,0,0,0,0,0,0,0,0,0,0,0,0,0,0,0,0,0,0,0,0,0,0,0,0,0,0,0,0,0,0,0,0,0,0,0,0,0,0,0,0,0,0,0,0,0,0,0,0,0,0,0,0,0,0,0,0,0,0,0,0,0,0,0,0,0,0,0,0,0,0,0,0,0,0,0,0,0,0,0,0,0,0,0,0,0,0,0,0,0,0,0,0,0,0,0,0,0,0,0,0,0,0,0,0,0,0,0,0,0,0,0,0,0,0,0,0,405,335,179,196,300,319,176,199,226,233,227,61,0,0
MINI,Countryman,ICE,745,938,1542,1244,1768,2041,1203,1398,1180,1219,1260,2148,504,581,1281,1249,1236,1429,1422,1312,1031,941,867,853,1122,188,1362,955,1306,1420,1387,1279,1310,1147,1443,1469,1358,1257,1998,1275,1528,1262,1550,1413,1298,945,1049,1026,795,898,1196,786,1024,1065,926,1808,1653,1154,1147,690,635,824,80,305,603,710,897,1024,1030,993,848,1163,663,632,810,823,1279,993,906,1166,279,620,562,1376,983,1083,842,250,482,242,431,595,589,1276,865,1275,660,772,1216,654,735,887,1179,557,1167,897,1177,2050,747,715,623,486,876,981,818,912,751,1540,1009,1213,551,613,775,611,758,577,697,752,640,831,0,0
MINI,Countryman,PHV,0,0,0,0,0,0,0,0,0,0,0,0,0,0,0,0,0,0,0,0,0,0,0,0,0,0,0,0,0,10,75,86,80,56,96,72,127,100,74,106,163,211,174,135,113,125,126,152,76,100,131,94,116,104,59,63,45,22,11,6,5,6,17,6,6,16,18,20,21,20,17,23,13,19,25,25,39,30,27,61,14,19,17,42,30,33,26,10,12,17,22,31,58,126,85,126,42,49,49,72,55,66,28,17,18,47,61,67,15,14,12,12,17,17,0,0,0,0,129,140,172,185,221,173,173,170,193,203,152,184,0,0
MINI,MINI Clubman,ICE,1,2,2,3,3,7,3,1,1,2,3,464,277,381,1037,884,825,1007,1076,1533,1004,1124,1535,1520,588,499,812,551,596,732,1071,1103,513,369,399,506,238,290,419,350,446,446,449,419,435,244,372,277,204,298,337,200,242,332,259,338,330,292,410,323,236,394,2,96,260,200,247,249,225,218,189,245,156,121,232,237,276,236,248,182,64,272,252,260,241,165,171,160,172,226,319,218,128,265,248,272,146,146,349,200,267,245,249,165,187,215,199,256,149,166,198,122,67,136,14,15,12,4,4,4,2,2,2,2,2,2,0,0,1,0,0,0
MINI,MINI Convertible,ICE,144,187,364,301,318,393,272,229,238,443,62,147,1,1,6,541,646,635,536,509,446,430,392,441,270,304,741,436,507,582,506,493,442,640,257,334,201,269,478,972,556,679,562,385,350,419,329,134,397,305,422,338,327,421,379,394,256,286,259,247,305,305,28,118,208,338,454,458,415,401,349,451,288,172,350,336,427,461,382,304,106,273,252,175,242,165,329,190,204,151,320,218,220,331,310,339,254,253,431,314,420,387,496,204,470,506,811,736,325,390,478,423,281,505,42,47,38,6,6,8,231,255,332,311,312,268,352,374,321,0,0,0
MINI,MINI Coupe,ICE,22,29,50,58,48,51,25,155,14,2,1,5,0,0,0,0,3,3,0,0,1,0,0,1,0,0,0,0,0,0,0,0,0,0,0,0,0,0,0,0,0,0,0,0,0,0,0,0,0,0,0,0,0,0,0,0,0,0,0,0,0,0,0,0,0,0,0,0,0,0,0,0,0,0,0,0,0,0,0,0,0,0,0,0,0,0,0,0,0,0,0,0,0,0,0,0,0,0,0,0,0,0,0,0,0,0,0,0,0,0,0,0,0,0,0,0,0,0,0,0,0,0,0,0,0,0,0,0,0,0,0,0
MINI,MINI Roadster,ICE,65,81,124,144,136,123,78,323,20,2,3,4,0,1,1,1,0,0,1,0,1,0,0,0,0,0,0,0,0,0,0,0,0,0,0,0,0,0,0,0,0,0,0,0,0,0,0,0,0,0,0,0,0,0,0,0,0,0,0,0,0,0,0,0,0,0,0,0,0,0,0,0,0,0,0,0,0,0,0,0,0,0,0,0,0,0,0,0,0,0,0,0,0,0,0,0,0,0,0,0,0,0,0,0,0,0,0,0,0,0,0,0,0,0,0,0,0,0,0,0,0,0,0,0,0,0,0,0,0,0,0,0
MINI,Paceman,ICE,82,63,112,82,251,248,95,282,102,23,330,38,8,7,15,9,9,7,2,6,5,11,5,1,1,2,1,4,0,1,0,0,0,0,0,0,0,0,0,0,0,0,0,0,0,0,0,0,0,0,0,0,0,0,0,0,0,0,0,0,0,0,0,0,0,0,0,0,0,0,0,0,0,0,0,0,0,0,0,0,0,0,0,0,0,0,0,0,0,0,0,0,0,0,0,0,0,0,0,0,0,0,0,0,0,0,0,0,0,0,0,0,0,0,0,0,0,0,0,0,0,0,0,0,0,0,0,0,0,0,0,0
Mazda,Atenza (Mazda 6),ICE,3766,5064,7570,4995,5580,5332,4841,5402,4528,3563,3089,4168,2572,3617,4094,3929,5027,4224,4341,4006,4052,2924,3046,3688,3300,3598,3794,2249,2708,2360,3482,3323,3036,2125,1651,1776,1552,2246,3734,2909,4437,3204,2213,2323,2123,1856,1984,2357,1619,1906,3396,2340,2133,1681,1483,1608,1119,1095,1514,1630,1755,1730,1021,746,1477,1356,1199,1230,1451,1356,1196,1687,1398,1327,1560,1517,2335,1889,1778,1435,1032,815,586,542,256,55,14,7,2,0,1,0,0,0,0,0,0,0,0,0,0,0,0,0,0,0,0,0,0,0,0,0,0,0,0,0,0,0,0,0,0,0,0,0,0,0,0,0,0,0,0,0
Mazda,Axela (Mazda 3),ICE,7896,8874,10534,8006,10317,9251,9504,10161,7757,8342,7405,9838,7551,7275,7307,10772,10127,8399,8103,7297,7350,6946,6388,8102,6623,6846,7137,5980,6775,6473,7407,6754,6112,4534,4708,5669,5825,6070,7760,4725,5983,5433,5266,5597,4635,4093,3974,5277,4596,4610,6009,4351,4967,3990,3651,4825,3507,3481,3579,3175,2496,3759,1863,1492,3368,3250,3231,3175,2535,2570,2613,3256,3046,3083,3863,3794,4525,3323,3927,2463,2595,2514,2501,2019,3470,2969,3053,3594,904,865,1165,2100,1860,2778,3023,1986,1577,2846,2872,2619,2468,2745,2994,2611,2632,2205,2504,2458,2880,3063,4019,2537,2658,2670,3959,3661,2621,3490,3272,4047,2983,2838,3530,3236,2453,1906,2082,2309,1500,1440,0,0
Mazda,CX-3,ICE,0,0,0,0,0,0,0,698,1340,1382,1323,1663,1375,1793,1748,1504,1570,1512,1499,1492,1513,1550,1355,1646,1184,1279,1251,1147,1537,1213,1481,1436,1453,1278,1514,1582,1350,1259,1728,1135,1823,2332,1388,1481,1219,1052,988,1144,971,1081,1201,1019,1188,1324,1523,2024,1449,1386,1685,1409,1146,947,459,363,842,1000,959,860,436,473,413,437,374,519,620,893,967,667,647,380,32,1,0,0,0,0,0,0,0,0,0,0,0,0,0,0,0,0,0,0,0,0,0,0,0,0,0,0,0,0,0,0,0,0,0,0,0,0,0,0,0,0,0,0,0,0,0,0,0,0,0,0
Mazda,CX-30,ICE,0,0,0,0,0,0,0,0,0,0,0,0,0,0,0,0,0,0,0,0,0,0,0,0,0,0,0,0,0,0,0,0,0,0,0,0,0,0,0,0,0,0,0,0,0,0,0,0,0,0,0,0,0,0,0,0,0,0,0,868,2368,3754,2242,1483,3583,3526,3787,3862,3188,3214,2649,4408,3624,5005,5960,5532,7959,5824,5598,4391,3581,3147,4404,5160,1818,4333,3343,4545,2955,4733,6040,4765,4855,6666,4457,4298,5065,8026,6779,5954,6091,6612,7221,6630,6924,5908,6193,5672,7773,10026,10697,7649,8305,6772,8679,7940,5739,7216,6844,8875,6657,5709,8666,6261,4329,3366,4124,4764,3271,3390,0,0
Mazda,CX-5,ICE,5949,7445,10899,8960,10717,9373,9530,10033,9107,9264,8756,11417,7063,7579,8965,8826,9951,9227,10831,10612,9385,8942,8865,11989,8068,7836,8470,11334,11819,9550,11402,11631,12440,10306,10610,14097,13463,13216,16138,11312,14173,12710,12208,12970,10538,9271,10882,13741,10652,13379,13465,9592,14057,13242,13391,15592,10332,10970,14139,15734,12908,14462,7841,5220,12140,12501,11878,13745,13582,11890,12299,17954,13583,12087,15080,14883,20595,16393,16299,15329,13094,10177,10509,10419,12604,16404,21701,16404,8093,6654,11009,12920,10216,9441,12692,13512,9833,12282,16612,14333,14100,12861,12443,13649,9742,7963,9556,20434,10194,10362,13789,11149,12600,12120,12430,12887,8524,10166,8733,11134,10733,10876,12801,12590,9501,13759,15539,11759,8230,8981,0,0
Mazda,CX-50,HV,0,0,0,0,0,0,0,0,0,0,0,0,0,0,0,0,0,0,0,0,0,0,0,0,0,0,0,0,0,0,0,0,0,0,0,0,0,0,0,0,0,0,0,0,0,0,0,0,0,0,0,0,0,0,0,0,0,0,0,0,0,0,0,0,0,0,0,0,0,0,0,0,0,0,0,0,0,0,0,0,0,0,0,0,0,0,0,0,0,0,0,0,0,0,0,0,0,0,0,0,0,0,0,0,0,0,0,0,0,0,0,0,0,0,0,0,0,0,70,1823,1500,1700,1900,2248,2084,2514,5247,3810,3372,2672,0,0
Mazda,CX-50,ICE,0,0,0,0,0,0,0,0,0,0,0,0,0,0,0,0,0,0,0,0,0,0,0,0,0,0,0,0,0,0,0,0,0,0,0,0,0,0,0,0,0,0,0,0,0,0,0,0,0,0,0,0,0,0,0,0,0,0,0,0,0,0,0,0,0,0,0,0,0,0,0,0,0,0,0,0,0,0,0,0,0,0,0,0,0,0,0,1700,1465,1566,2983,2783,2823,2630,2260,3063,2589,3165,4010,4305,3865,3532,4234,2602,3417,3168,3954,5754,5733,5480,4654,5225,6307,7798,8047,8668,6603,7771,7002,6260,4835,5580,7787,5505,5104,6157,8563,6218,5504,5679,0,0
Mazda,CX-70,MHV,0,0,0,0,0,0,0,0,0,0,0,0,0,0,0,0,0,0,0,0,0,0,0,0,0,0,0,0,0,0,0,0,0,0,0,0,0,0,0,0,0,0,0,0,0,0,0,0,0,0,0,0,0,0,0,0,0,0,0,0,0,0,0,0,0,0,0,0,0,0,0,0,0,0,0,0,0,0,0,0,0,0,0,0,0,0,0,0,0,0,0,0,0,0,0,0,0,0,0,0,0,0,0,0,0,0,0,0,0,0,0,0,111,678,767,879,1014,1637,1183,945,673,869,1741,1201,757,696,1040,1066,429,203,0,0
Mazda,CX-70,PHV,0,0,0,0,0,0,0,0,0,0,0,0,0,0,0,0,0,0,0,0,0,0,0,0,0,0,0,0,0,0,0,0,0,0,0,0,0,0,0,0,0,0,0,0,0,0,0,0,0,0,0,0,0,0,0,0,0,0,0,0,0,0,0,0,0,0,0,0,0,0,0,0,0,0,0,0,0,0,0,0,0,0,0,0,0,0,0,0,0,0,0,0,0,0,0,0,0,0,0,0,0,0,0,0,0,0,0,0,0,0,0,0,25,200,150,473,546,880,637,508,274,354,711,490,308,284,560,573,230,140,0,0
Mazda,CX-9,ICE,1269,1677,1489,1321,1924,1577,1591,1753,1559,1484,1202,1202,512,461,117,71,616,1904,2243,1863,1834,1842,1994,2594,1591,2157,2550,2134,1982,1699,2318,1801,1850,1971,2499,3276,2336,2286,3066,2138,2509,2381,2206,2276,1986,1848,2385,2840,1860,2422,2136,1618,2004,1832,2135,2617,1919,2094,2988,3236,2552,2926,1741,1084,2421,2727,2335,2443,2183,2382,1972,2872,2698,3151,3537,3188,4409,3282,3264,2383,2887,2373,2311,1010,2512,3803,4148,3107,1453,1157,1919,2106,3264,3391,4025,3695,3170,3515,3151,3311,3349,863,60,9,12,7,2,2,0,1,2,0,1,0,0,0,0,0,0,0,0,0,0,0,0,0,0,0,0,0,0,0
Mazda,CX-90,ICE,0,0,0,0,0,0,0,0,0,0,0,0,0,0,0,0,0,0,0,0,0,0,0,0,0,0,0,0,0,0,0,0,0,0,0,0,0,0,0,0,0,0,0,0,0,0,0,0,0,0,0,0,0,0,0,0,0,0,0,0,0,0,0,0,0,0,0,0,0,0,0,0,0,0,0,0,0,0,0,0,0,0,0,0,0,0,0,0,0,0,0,0,0,0,0,0,0,0,252,845,1545,1529,2302,2234,3056,2494,3387,3200,0,0,0,0,0,0,0,0,0,0,0,0,0,0,0,0,0,0,0,0,0,0,0,0
Mazda,CX-90,MHV,0,0,0,0,0,0,0,0,0,0,0,0,0,0,0,0,0,0,0,0,0,0,0,0,0,0,0,0,0,0,0,0,0,0,0,0,0,0,0,0,0,0,0,0,0,0,0,0,0,0,0,0,0,0,0,0,0,0,0,0,0,0,0,0,0,0,0,0,0,0,0,0,0,0,0,0,0,0,0,0,0,0,0,0,0,0,0,0,0,0,0,0,0,0,0,0,0,0,0,0,0,0,0,0,0,0,0,0,2218,2236,2529,2778,3450,3512,3785,4699,3315,4085,3809,4677,3742,3339,3528,3782,2833,2422,4853,4897,2239,1938,0,0
Mazda,CX-90,PHV,0,0,0,0,0,0,0,0,0,0,0,0,0,0,0,0,0,0,0,0,0,0,0,0,0,0,0,0,0,0,0,0,0,0,0,0,0,0,0,0,0,0,0,0,0,0,0,0,0,0,0,0,0,0,0,0,0,0,0,0,0,0,0,0,0,0,0,0,0,0,0,0,0,0,0,0,0,0,0,0,0,0,0,0,0,0,0,0,0,0,0,0,0,0,0,0,0,20,15,0,736,762,627,1700,1645,1228,1668,1576,1092,1101,843,926,1149,1170,1545,1325,934,1151,1074,1318,1603,1430,1511,1620,1213,1037,1886,1904,870,215,0,0
Mazda,Demio (Mazda 2),ICE,112,80,36,21,10,14,10,5,4,1,3,1,0,0,0,3,0,0,0,0,0,0,0,0,0,0,0,0,0,0,0,0,0,0,0,0,0,0,0,0,0,0,0,0,0,0,0,0,0,0,0,0,0,0,0,0,0,0,0,0,0,0,0,0,0,0,0,0,0,0,0,0,0,0,0,0,0,0,0,0,0,0,0,0,0,0,0,0,0,0,0,0,0,0,0,0,0,0,0,0,0,0,0,0,0,0,0,0,0,0,0,0,0,0,0,0,0,0,0,0,0,0,0,0,0,0,0,0,0,0,0,0
Mazda,MX-30,EV,0,0,0,0,0,0,0,0,0,0,0,0,0,0,0,0,0,0,0,0,0,0,0,0,0,0,0,0,0,0,0,0,0,0,0,0,0,0,0,0,0,0,0,0,0,0,0,0,0,0,0,0,0,0,0,0,0,0,0,0,0,0,0,0,0,0,0,0,0,0,0,0,0,0,0,0,0,0,0,0,0,0,55,61,33,46,101,78,35,23,8,0,0,0,0,0,9,2,4,17,18,16,28,6,0,0,0,0,0,0,0,0,0,0,0,0,0,0,0,0,0,0,0,0,0,0,0,0,0,0,0,0
Mazda,MX-5 (Miata),ICE,338,511,532,384,449,440,1130,1344,940,1085,732,706,560,759,1090,1086,1000,889,881,823,752,505,387,733,929,1108,1345,1319,1226,1046,997,901,846,597,487,493,436,654,876,837,1055,833,844,1169,756,553,447,511,347,456,727,782,843,759,1109,816,512,494,469,439,396,807,497,552,1102,966,696,774,862,851,610,694,536,836,1371,1310,1397,1227,1226,881,824,492,236,211,386,556,663,658,405,132,268,752,752,413,449,738,724,783,1083,967,1090,866,720,733,603,531,451,422,389,436,586,861,956,776,504,727,545,911,798,614,681,843,922,727,355,1244,1163,840,524,503,0,0
Mazda,Other/Adjustment,ICE,0,0,0,0,0,0,0,0,0,0,0,0,0,0,0,-50,0,0,0,0,0,0,0,0,0,0,0,0,0,0,0,0,0,0,0,0,0,0,0,0,0,0,0,0,0,0,0,0,0,0,0,0,0,0,0,0,0,0,0,0,0,0,0,0,0,0,0,0,0,0,0,0,0,0,0,0,0,0,0,0,0,0,0,0,0,0,0,0,0,0,0,0,0,0,0,0,0,0,0,0,0,0,0,0,0,0,0,0,0,0,0,0,0,0,0,0,0,0,0,0,0,0,0,0,0,0,0,0,0,0,0,0
Mazda,Premacy (Mazda 5),ICE,941,1999,1063,436,609,1236,551,542,381,330,222,299,70,60,75,54,37,33,17,16,3,2,6,2,3,0,2,1,0,1,2,0,1,0,0,0,0,0,0,0,0,0,0,0,0,0,0,0,0,0,0,0,0,0,0,0,0,0,0,0,0,0,0,0,0,0,0,0,0,0,0,0,0,0,0,0,0,0,0,0,0,0,0,0,0,0,0,0,0,0,0,0,0,0,0,0,0,0,0,0,0,0,0,0,0,0,0,0,0,0,0,0,0,0,0,0,0,0,0,0,0,0,0,0,0,0,0,0,0,0,0,0
Mercedes-Benz,A-Class,ICE,0,0,0,0,0,0,0,0,0,0,0,0,0,0,0,0,0,0,0,0,0,0,0,0,0,0,0,0,0,0,0,0,0,0,0,0,0,0,0,0,0,0,0,0,0,0,0,0,0,0,0,0,0,0,0,0,0,0,0,0,0,0,0,0,0,0,0,0,0,0,0,0,0,0,0,0,0,0,0,0,0,0,0,0,340,359,427,1038,923,944,474,476,463,127,122,139,37,40,49,8,8,7,3,3,2,2,2,3,0,0,1,0,1,1,0,0,0,0,0,0,0,0,0,0,0,0,0,0,0,0,0,0
Mercedes-Benz,AMG-GT,ICE,0,0,0,0,0,0,0,0,0,0,0,0,0,0,0,0,0,0,0,0,0,0,0,0,0,0,0,0,0,0,0,0,0,0,0,0,0,0,0,0,0,0,0,0,0,0,0,0,0,0,0,0,0,0,0,0,0,0,0,0,0,0,0,0,0,0,0,0,0,0,0,0,0,0,0,0,0,0,0,0,0,0,0,0,284,300,358,344,306,314,173,173,168,181,173,196,189,203,247,238,239,234,151,154,153,88,90,105,201,234,271,213,261,572,244,272,224,322,323,354,235,286,579,1538,406,391,426,396,243,472,0,0
Mercedes-Benz,AMG-GT,PHV,0,0,0,0,0,0,0,0,0,0,0,0,0,0,0,0,0,0,0,0,0,0,0,0,0,0,0,0,0,0,0,0,0,0,0,0,0,0,0,0,0,0,0,0,0,0,0,0,0,0,0,0,0,0,0,0,0,0,0,0,0,0,0,0,0,0,0,0,0,0,0,0,0,0,0,0,0,0,0,0,0,0,0,0,0,0,0,0,0,0,0,0,0,0,0,0,0,0,0,0,0,0,0,0,0,0,0,0,0,0,0,0,0,0,0,0,0,0,0,0,23,25,28,22,22,26,27,29,13,8,0,0
Mercedes-Benz,C-Class,ICE,0,0,0,0,0,0,0,0,0,0,0,0,0,0,0,0,0,0,0,0,0,0,0,0,0,0,0,0,0,0,0,0,0,0,0,0,0,0,0,0,0,0,0,0,0,0,0,0,0,0,0,0,0,0,0,0,0,0,0,0,0,0,0,0,0,0,0,0,0,0,0,0,0,0,0,0,0,0,0,0,0,0,0,0,149,158,187,3089,2750,2811,3015,3025,2940,2648,2543,2877,2213,2368,2883,2885,2893,2845,2650,2704,2704,2645,2713,3195,2296,2671,3085,2722,3330,3325,3240,3612,2976,2690,2696,2947,2596,2546,2724,2479,2890,1884,2565,2100,1416,2480,0,0
Mercedes-Benz,C-Class,PHV,0,0,0,0,0,0,0,0,0,0,0,0,0,0,0,0,0,0,0,0,0,0,0,0,0,0,0,0,0,0,0,0,0,0,0,0,0,0,0,0,0,0,0,0,0,0,0,0,0,0,0,0,0,0,0,0,0,0,0,0,0,0,0,0,0,0,0,0,0,0,0,0,0,0,0,0,0,0,0,0,0,0,0,0,0,0,0,0,0,0,0,0,0,0,0,0,0,0,0,0,0,0,0,0,0,0,0,0,0,0,0,0,0,0,0,0,0,0,0,0,123,135,148,116,95,109,115,122,118,90,0,0
Mercedes-Benz,CLA-Class,ICE,0,0,0,0,0,0,0,0,0,0,0,0,0,0,0,0,0,0,0,0,0,0,0,0,0,0,0,0,0,0,0,0,0,0,0,0,0,0,0,0,0,0,0,0,0,0,0,0,0,0,0,0,0,0,0,0,0,0,0,0,0,0,0,0,0,0,0,0,0,0,0,0,0,0,0,0,0,0,0,0,0,0,0,0,321,339,404,693,617,631,774,776,755,1134,1089,1233,750,803,977,844,846,831,916,935,934,608,624,734,174,202,234,1054,1290,641,1555,1733,1429,663,664,727,42,232,47,0,608,658,494,0,309,0,0,0
Mercedes-Benz,CLE Coupe,ICE,0,0,0,0,0,0,0,0,0,0,0,0,0,0,0,0,0,0,0,0,0,0,0,0,0,0,0,0,0,0,0,0,0,0,0,0,0,0,0,0,0,0,0,0,0,0,0,0,0,0,0,0,0,0,0,0,0,0,0,0,0,0,0,0,0,0,0,0,0,0,0,0,0,0,0,0,0,0,0,0,0,0,0,0,0,0,0,0,0,0,0,0,0,0,0,0,0,0,0,0,0,0,0,0,0,0,0,0,245,285,329,1218,1489,717,1897,2114,1743,1387,1390,1519,1133,1326,1697,1268,1469,1432,1430,1362,867,1631,0,0
Mercedes-Benz,CLS-Class,ICE,0,0,0,0,0,0,0,0,0,0,0,0,0,0,0,0,0,0,0,0,0,0,0,0,0,0,0,0,0,0,0,0,0,0,0,0,0,0,0,0,0,0,0,0,0,0,0,0,0,0,0,0,0,0,0,0,0,0,0,0,0,0,0,0,0,0,0,0,0,0,0,0,0,0,0,0,0,0,0,0,0,0,0,0,0,0,0,0,0,0,0,0,0,0,0,0,45,48,59,65,65,63,65,66,67,78,80,93,3,4,4,3,2,2,6,7,6,0,0,0,0,0,4,0,0,6,0,0,9,0,0,0
Mercedes-Benz,CLS-Class/E-Class,ICE,0,0,0,0,0,0,0,0,0,0,0,0,0,0,0,0,0,0,0,0,0,0,0,0,0,0,0,0,0,0,0,0,0,0,0,0,0,0,0,0,0,0,0,0,0,0,0,0,0,0,0,0,0,0,0,0,0,0,0,0,0,0,0,0,0,0,0,0,0,0,0,0,0,0,0,0,0,0,0,0,0,0,0,0,1428,1508,1795,1813,1614,1650,1298,1302,1264,1689,1622,1835,0,0,0,0,0,0,0,0,0,0,0,0,0,0,0,0,0,0,0,0,0,0,0,0,0,0,0,0,0,0,0,0,0,0,0,0
Mercedes-Benz,E-Class,ICE,0,0,0,0,0,0,0,0,0,0,0,0,0,0,0,0,0,0,0,0,0,0,0,0,0,0,0,0,0,0,0,0,0,0,0,0,0,0,0,0,0,0,0,0,0,0,0,0,0,0,0,0,0,0,0,0,0,0,0,0,0,0,0,0,0,0,0,0,0,0,0,0,0,0,0,0,0,0,0,0,0,0,0,0,0,0,0,0,0,0,0,0,0,0,0,0,853,913,1113,1227,1230,1210,1522,1553,1554,1579,1620,1907,977,1137,1312,1496,1594,1530,1130,1259,1038,1990,1994,2181,1072,1002,2399,1830,2536,2154,2133,1524,1255,1891,0,0
Mercedes-Benz,EQB,EV,0,0,0,0,0,0,0,0,0,0,0,0,0,0,0,0,0,0,0,0,0,0,0,0,0,0,0,0,0,0,0,0,0,0,0,0,0,0,0,0,0,0,0,0,0,0,0,0,0,0,0,0,0,0,0,0,0,0,0,0,0,0,0,0,0,0,0,0,0,0,0,0,0,0,0,0,0,0,0,0,0,0,0,0,0,0,0,0,0,0,248,249,242,306,294,333,456,488,593,625,626,616,1075,1097,1098,1575,1616,1902,191,223,257,1147,1391,635,962,1072,883,686,687,751,1023,929,706,576,654,652,620,682,511,578,0,0
Mercedes-Benz,EQE,EV,0,0,0,0,0,0,0,0,0,0,0,0,0,0,0,0,0,0,0,0,0,0,0,0,0,0,0,0,0,0,0,0,0,0,0,0,0,0,0,0,0,0,0,0,0,0,0,0,0,0,0,0,0,0,0,0,0,0,0,0,0,0,0,0,0,0,0,0,0,0,0,0,0,0,0,0,0,0,0,0,0,0,0,0,0,0,0,0,0,0,0,0,0,126,121,137,388,415,505,563,564,555,319,325,325,370,379,446,319,371,429,394,412,193,183,204,168,105,105,114,472,424,411,411,410,311,386,255,117,187,0,0
Mercedes-Benz,EQE SUV,EV,0,0,0,0,0,0,0,0,0,0,0,0,0,0,0,0,0,0,0,0,0,0,0,0,0,0,0,0,0,0,0,0,0,0,0,0,0,0,0,0,0,0,0,0,0,0,0,0,0,0,0,0,0,0,0,0,0,0,0,0,0,0,0,0,0,0,0,0,0,0,0,0,0,0,0,0,0,0,0,0,0,0,0,0,0,0,0,0,0,0,0,0,0,0,0,0,0,0,0,952,954,939,1147,1171,1170,1321,1355,1595,1139,1325,1530,1040,1197,675,366,408,335,209,210,229,958,925,447,446,488,335,506,431,293,167,0,0
Mercedes-Benz,EQS,EV,0,0,0,0,0,0,0,0,0,0,0,0,0,0,0,0,0,0,0,0,0,0,0,0,0,0,0,0,0,0,0,0,0,0,0,0,0,0,0,0,0,0,0,0,0,0,0,0,0,0,0,0,0,0,0,0,0,0,0,0,0,0,0,0,0,0,0,0,0,0,0,0,0,0,0,0,0,0,0,0,0,0,0,0,631,667,793,700,623,636,571,573,557,792,761,860,617,661,805,822,824,810,362,369,369,324,333,392,259,301,348,349,364,246,131,146,119,72,72,78,402,365,360,293,297,165,312,284,104,144,0,0
Mercedes-Benz,EQS SUV,EV,0,0,0,0,0,0,0,0,0,0,0,0,0,0,0,0,0,0,0,0,0,0,0,0,0,0,0,0,0,0,0,0,0,0,0,0,0,0,0,0,0,0,0,0,0,0,0,0,0,0,0,0,0,0,0,0,0,0,0,0,0,0,0,0,0,0,0,0,0,0,0,0,0,0,0,0,0,0,0,0,0,0,0,0,0,0,0,0,0,0,93,93,91,632,607,687,715,765,933,1030,1032,1015,525,536,535,589,604,710,469,546,629,551,680,366,261,291,240,144,144,157,584,575,236,240,281,149,277,296,78,94,0,0
Mercedes-Benz,G-Class,EV,0,0,0,0,0,0,0,0,0,0,0,0,0,0,0,0,0,0,0,0,0,0,0,0,0,0,0,0,0,0,0,0,0,0,0,0,0,0,0,0,0,0,0,0,0,0,0,0,0,0,0,0,0,0,0,0,0,0,0,0,0,0,0,0,0,0,0,0,0,0,0,0,0,0,0,0,0,0,0,0,0,0,0,0,0,0,0,0,0,0,0,0,0,0,0,0,0,0,0,0,0,0,0,0,0,0,0,0,0,0,0,0,0,0,0,0,0,0,0,0,527,574,632,496,506,308,326,347,263,267,0,0
Mercedes-Benz,G-Class,ICE,0,0,0,0,0,0,0,0,0,0,0,0,0,0,0,0,0,0,0,0,0,0,0,0,0,0,0,0,0,0,0,0,0,0,0,0,0,0,0,0,0,0,0,0,0,0,0,0,0,0,0,0,0,0,0,0,0,0,0,0,0,0,0,0,0,0,0,0,0,0,0,0,0,0,0,0,0,0,0,0,0,0,0,0,577,610,726,169,150,154,726,728,707,811,779,881,795,851,1036,1033,1036,1019,636,649,650,717,735,866,857,998,1152,664,751,1055,541,603,498,1249,1251,1368,0,0,0,0,0,0,0,0,0,0,0,0
Mercedes-Benz,G-Class,MHV,0,0,0,0,0,0,0,0,0,0,0,0,0,0,0,0,0,0,0,0,0,0,0,0,0,0,0,0,0,0,0,0,0,0,0,0,0,0,0,0,0,0,0,0,0,0,0,0,0,0,0,0,0,0,0,0,0,0,0,0,0,0,0,0,0,0,0,0,0,0,0,0,0,0,0,0,0,0,0,0,0,0,0,0,0,0,0,0,0,0,0,0,0,0,0,0,0,0,0,0,0,0,0,0,0,0,0,0,0,0,0,0,0,0,0,0,0,0,0,0,212,141,238,346,399,794,633,789,1025,913,0,0
Mercedes-Benz,GLA-Class,ICE,0,0,0,0,0,0,0,0,0,0,0,0,0,0,0,0,0,0,0,0,0,0,0,0,0,0,0,0,0,0,0,0,0,0,0,0,0,0,0,0,0,0,0,0,0,0,0,0,0,0,0,0,0,0,0,0,0,0,0,0,0,0,0,0,0,0,0,0,0,0,0,0,0,0,0,0,0,0,0,0,0,0,0,0,738,779,927,1229,1094,1119,901,904,877,1811,1739,1967,1260,1348,1642,1697,1701,1673,832,849,848,239,245,289,641,745,861,953,1133,2413,2210,2463,2030,1817,1821,1992,865,1738,2827,2288,2563,2084,1898,1350,1601,2011,0,0
Mercedes-Benz,GLB,ICE,0,0,0,0,0,0,0,0,0,0,0,0,0,0,0,0,0,0,0,0,0,0,0,0,0,0,0,0,0,0,0,0,0,0,0,0,0,0,0,0,0,0,0,0,0,0,0,0,0,0,0,0,0,0,0,0,0,0,0,0,0,0,0,0,0,0,0,0,0,0,0,0,0,0,0,0,0,0,0,0,0,0,0,0,1064,1124,1336,2849,2535,2592,1964,1971,1915,1945,1867,2112,1275,1365,1662,1208,1211,1191,1681,1715,1715,1140,1170,1377,1587,1846,2133,891,1025,1560,1024,1142,942,874,876,959,897,878,1248,1063,1166,878,959,1022,688,959,0,0
Mercedes-Benz,GLC-Class (GLK-Class),ICE,0,0,0,0,0,0,0,0,0,0,0,0,0,0,0,0,0,0,0,0,0,0,0,0,0,0,0,0,0,0,0,0,0,0,0,0,0,0,0,0,0,0,0,0,0,0,0,0,0,0,0,0,0,0,0,0,0,0,0,0,0,0,0,0,0,0,0,0,0,0,0,0,0,0,0,0,0,0,0,0,0,0,0,0,5104,5392,6414,6839,6087,6223,6533,6554,6369,3288,3157,3571,1082,1158,1409,4769,4781,4702,3783,3861,3860,3355,3442,4051,2456,2858,3300,5330,6469,5692,6692,7211,5849,5315,5313,5876,3886,2930,3439,3857,4286,2480,2398,3967,2296,4280,0,0
Mercedes-Benz,GLC-Class (GLK-Class),PHV,0,0,0,0,0,0,0,0,0,0,0,0,0,0,0,0,0,0,0,0,0,0,0,0,0,0,0,0,0,0,0,0,0,0,0,0,0,0,0,0,0,0,0,0,0,0,0,0,0,0,0,0,0,0,0,0,0,0,0,0,0,0,0,0,0,0,0,0,0,0,0,0,0,0,0,0,0,0,0,0,0,0,0,0,0,0,0,0,0,0,0,0,0,0,0,0,0,0,0,0,0,0,0,0,0,0,0,0,0,0,0,0,0,0,0,250,300,417,431,404,1295,1468,1614,1264,1614,2227,2359,2505,2044,647,0,0
Mercedes-Benz,GLE-Class (M-Class/ML-Class),ICE,0,0,0,0,0,0,0,0,0,0,0,0,0,0,0,0,0,0,0,0,0,0,0,0,0,0,0,0,0,0,0,0,0,0,0,0,0,0,0,0,0,0,0,0,0,0,0,0,0,0,0,0,0,0,0,0,0,0,0,0,0,0,0,0,0,0,0,0,0,0,0,0,0,0,0,0,0,0,0,0,0,0,0,0,4826,5098,6066,5878,5232,5348,4635,4650,4517,5515,5296,5989,4716,5047,6147,4608,4620,4543,4429,4520,4519,4499,4615,5433,4099,4788,5550,3919,4500,5468,4775,5239,4285,6696,6700,7175,3620,3069,3781,3554,3520,3356,3128,4469,2484,4913,0,0
Mercedes-Benz,GLE-Class (M-Class/ML-Class),PHV,0,0,0,0,0,0,0,0,0,0,0,0,0,0,0,0,0,0,0,0,0,0,0,0,0,0,0,0,0,0,0,0,0,0,0,0,0,0,0,0,0,0,0,0,0,0,0,0,0,0,0,0,0,0,0,0,0,0,0,0,0,0,0,0,0,0,0,0,0,0,0,0,0,0,0,0,0,0,0,0,0,0,0,0,0,0,0,0,0,0,0,0,0,0,0,0,0,0,0,0,0,0,0,0,0,0,0,0,205,220,234,534,614,745,260,374,341,334,345,528,1164,1270,1397,1094,1556,1265,1340,1424,1918,155,0,0
Mercedes-Benz,GLS-Class (GL-Class),ICE,0,0,0,0,0,0,0,0,0,0,0,0,0,0,0,0,0,0,0,0,0,0,0,0,0,0,0,0,0,0,0,0,0,0,0,0,0,0,0,0,0,0,0,0,0,0,0,0,0,0,0,0,0,0,0,0,0,0,0,0,0,0,0,0,0,0,0,0,0,0,0,0,0,0,0,0,0,0,0,0,0,0,0,0,1872,1978,2353,2211,1968,2012,1742,1747,1698,1074,1031,1167,1666,1783,2172,1868,1873,1842,1743,1779,1778,2336,2396,2820,2126,2474,2858,1933,2377,2479,2129,2374,1957,2396,2401,2625,1750,1705,1750,1711,2007,1640,1798,1921,1621,2223,0,0
Mercedes-Benz,Mercedes-Benz Sprinter,EV,0,0,0,0,0,0,0,0,0,0,0,0,0,0,0,0,0,0,0,0,0,0,0,0,0,0,0,0,0,0,0,0,0,0,0,0,0,0,0,0,0,0,0,0,0,0,0,0,0,0,0,0,0,0,0,0,0,0,0,0,0,0,0,0,0,0,0,0,0,0,0,0,0,0,0,0,0,0,0,0,0,0,0,0,0,0,0,0,0,0,0,0,0,0,0,0,0,0,0,0,0,0,0,0,0,0,0,0,0,0,0,53,56,61,0,0,0,130,100,60,80,61,67,54,55,57,61,65,68,34,0,0
Mercedes-Benz,N/A (Van) (Mercedes-Benz),ICE,0,0,0,0,0,0,0,0,0,0,0,0,0,0,0,0,0,0,0,0,0,0,0,0,0,0,0,0,0,0,0,0,0,0,0,0,0,0,0,0,0,0,0,0,0,0,0,0,0,0,0,0,0,0,0,0,0,0,0,0,0,0,0,0,0,0,0,0,0,0,0,0,0,0,0,0,0,0,0,0,0,0,0,0,4131,4364,5193,7046,6272,6412,5135,5152,5006,5080,4878,5516,4200,4495,5475,6268,6284,6180,6220,6347,6346,5475,5616,6610,4577,5325,6151,3183,3680,3901,4209,4692,3868,3042,3078,3415,3343,3450,3214,3112,3420,2225,2514,3153,2071,2990,0,0
Mercedes-Benz,S-Class,ICE,0,0,0,0,0,0,0,0,0,0,0,0,0,0,0,0,0,0,0,0,0,0,0,0,0,0,0,0,0,0,0,0,0,0,0,0,0,0,0,0,0,0,0,0,0,0,0,0,0,0,0,0,0,0,0,0,0,0,0,0,0,0,0,0,0,0,0,0,0,0,0,0,0,0,0,0,0,0,0,0,0,0,0,0,1454,1536,1827,1400,1246,1274,885,888,864,1494,1435,1622,909,973,1186,1059,1061,1044,1279,1305,1306,714,732,862,582,686,800,723,755,812,230,220,166,831,887,833,481,391,400,422,449,278,346,288,326,457,0,0
Mercedes-Benz,S-Class,PHV,0,0,0,0,0,0,0,0,0,0,0,0,0,0,0,0,0,0,0,0,0,0,0,0,0,0,0,0,0,0,0,0,0,0,0,0,0,0,0,0,0,0,0,0,0,0,0,0,0,0,0,0,0,0,0,0,0,0,0,0,0,0,0,0,0,0,0,0,0,0,0,0,0,0,0,0,0,0,0,0,0,0,0,0,0,0,0,0,0,0,0,0,0,0,0,0,0,0,0,0,0,0,0,0,0,0,0,0,97,104,111,36,38,41,120,170,155,125,72,215,290,316,347,272,227,220,233,247,117,118,0,0
Mercedes-Benz,SL-Class,ICE,0,0,0,0,0,0,0,0,0,0,0,0,0,0,0,0,0,0,0,0,0,0,0,0,0,0,0,0,0,0,0,0,0,0,0,0,0,0,0,0,0,0,0,0,0,0,0,0,0,0,0,0,0,0,0,0,0,0,0,0,0,0,0,0,0,0,0,0,0,0,0,0,0,0,0,0,0,0,0,0,0,0,0,0,1,1,0,0,0,0,276,277,268,395,380,429,272,291,355,362,363,358,264,269,269,186,191,226,57,67,77,225,221,205,77,86,70,169,169,185,268,214,264,208,292,314,195,217,167,263,0,0
Mercedes-Benz,SL-Class,PHV,0,0,0,0,0,0,0,0,0,0,0,0,0,0,0,0,0,0,0,0,0,0,0,0,0,0,0,0,0,0,0,0,0,0,0,0,0,0,0,0,0,0,0,0,0,0,0,0,0,0,0,0,0,0,0,0,0,0,0,0,0,0,0,0,0,0,0,0,0,0,0,0,0,0,0,0,0,0,0,0,0,0,0,0,0,0,0,0,0,0,0,0,0,0,0,0,0,0,0,0,0,0,0,0,0,0,0,0,0,0,0,0,0,0,0,0,0,0,0,0,17,18,20,16,25,32,34,36,18,17,0,0
Mitsubishi,Eclipse Cross,ICE,0,0,0,0,0,0,0,0,0,0,0,0,0,0,0,0,0,0,0,0,0,0,0,0,0,0,0,0,0,0,0,0,0,0,0,0,0,49,604,655,851,807,775,858,914,1206,1169,1597,1563,4291,3143,920,1012,1662,811,973,1484,1046,1336,1420,2118,2036,1030,205,434,523,533,695,647,733,511,403,223,350,1010,789,942,1044,1048,806,729,822,465,719,879,1413,1700,923,476,321,444,1036,1169,1001,756,600,355,493,724,820,939,1002,1233,1254,824,720,768,792,869,949,1645,643,917,965,1329,1317,1550,953,845,742,1055,1162,1514,1584,1590,1360,1370,1457,1250,1031,0,0
Mitsubishi,Lancer,ICE,1515,2099,2425,1865,1463,1255,1292,1240,1116,1086,1011,1324,1523,1997,1934,1023,929,1028,1093,1089,923,1021,884,860,1468,2225,1528,832,896,868,1025,979,812,679,730,683,678,611,773,441,380,416,3,0,0,0,0,0,-3,0,3,0,0,0,0,0,0,0,0,0,0,0,0,0,0,0,0,0,0,0,0,0,0,0,0,0,0,0,0,0,0,0,0,0,0,0,0,0,0,0,0,0,0,0,0,0,0,0,0,0,0,0,0,0,0,0,0,0,0,0,0,0,0,0,0,0,0,0,0,0,0,0,0,0,0,0,0,0,0,0,0,0
Mitsubishi,Mirage,ICE,1705,1863,2488,2407,3369,1669,1553,1569,1348,1197,1085,1262,963,1156,4113,3302,2098,1541,1280,1541,1756,1489,1432,1555,1311,2835,3324,2136,2342,1739,1560,1557,1583,1768,1208,1023,1103,1323,3106,2069,3101,2483,2374,2048,1709,1730,1522,1748,1570,1792,2880,2004,2150,2505,3256,2824,2196,2135,1901,1753,1511,1852,1283,752,1418,1637,1747,2238,1730,1761,1529,1692,1293,2039,3600,2138,2642,2010,2034,1181,1652,2062,850,1240,628,1723,2566,1986,1524,1108,770,1137,1321,1224,791,1038,1085,1208,1049,688,695,591,1080,1518,1430,1114,1337,1424,1389,1487,2127,1678,2006,1175,2115,2343,5704,3137,2546,4059,2064,2274,2963,1194,1198,1026,929,988,847,264,0,0
Mitsubishi,Outlander,ICE,1003,1175,1615,1254,1341,1068,1769,2188,1949,2040,1717,1936,1543,2121,2156,2729,2936,1991,1952,2109,1925,2429,2220,2465,1688,3665,4235,2717,3382,2313,2530,2730,2895,2397,3740,3018,3020,5290,4789,2266,4468,3673,3008,2164,2132,2152,2043,2647,2346,3471,7923,2408,3840,5601,1656,1661,1565,1733,1784,3977,3891,5291,3627,534,973,1228,1255,1611,1271,2389,1045,1138,918,1075,2113,1649,2230,2690,3457,3100,4045,3817,3635,5154,3962,4418,4685,4325,3422,2491,2554,2335,2289,3220,3375,3866,2970,3194,3650,5609,4823,3936,3274,3020,3046,3006,2692,3281,3691,4427,5728,3251,3440,3954,3798,3418,3922,3651,3386,2587,3390,3735,4867,2733,2742,2346,2461,2617,2245,2493,0,0
Mitsubishi,Outlander,PHV,0,0,0,0,0,0,0,0,0,0,0,0,0,0,0,0,0,0,0,0,0,0,0,0,0,0,0,0,0,0,0,0,0,0,0,99,300,323,373,273,297,390,350,366,378,309,376,431,133,157,341,163,232,222,213,277,176,255,372,269,95,151,101,61,121,103,131,166,530,286,118,141,58,87,109,99,138,148,108,426,474,267,118,218,208,181,330,261,47,99,6,0,0,0,175,654,397,525,675,632,603,385,605,677,605,544,408,625,508,377,637,341,623,410,505,1189,585,596,621,583,481,530,692,480,482,413,807,859,737,225,0,0
Mitsubishi,RVR/ASX/Outlander Sport,ICE,2267,2394,3226,2674,3384,3948,3242,3286,3140,3094,2955,3356,2233,2591,2874,2614,3060,3459,3545,2572,2570,2694,2355,2500,1990,2198,2676,2688,2809,2705,2910,2898,3140,2537,2931,3678,3379,5377,4674,2286,3319,3380,3440,2980,2572,2605,2578,2563,3099,4049,5309,1468,2516,2327,2677,2404,2301,2203,2795,2496,3011,6213,3353,880,1524,1804,1931,2452,1826,2328,1269,1453,2320,4891,8145,2936,3451,2240,2456,1248,1035,1035,3138,1321,798,993,1916,1499,1554,1836,1322,1227,1172,1501,1285,1270,1031,1589,1993,1120,1003,1756,1142,1028,1460,812,1101,980,756,1583,2230,1262,1100,962,1252,1227,1334,1358,1215,846,1953,2152,2805,1736,1742,1490,1035,1101,944,1579,0,0
Mitsubishi,i-MiEV,EV,3,2,10,16,18,23,12,6,3,9,4,9,2,5,1,6,2,4,20,25,17,4,5,3,0,1,3,2,0,0,0,0,0,0,0,0,0,0,0,0,0,0,0,0,0,0,0,0,0,0,0,0,0,0,0,0,0,0,0,0,0,0,0,0,0,0,0,0,0,0,0,0,0,0,0,0,0,0,0,0,0,0,0,0,0,0,0,0,0,0,0,0,0,0,0,0,0,0,0,0,0,0,0,0,0,0,0,0,0,0,0,0,0,0,0,0,0,0,0,0,0,0,0,0,0,0,0,0,0,0,0,0
Nissan,370Z,ICE,448,560,759,768,800,666,673,635,573,647,381,481,358,410,576,489,554,593,722,590,513,400,340,368,324,424,500,389,447,405,441,335,315,410,320,304,224,312,447,260,343,363,224,254,278,290,271,202,173,211,263,177,198,230,226,214,161,214,159,158,182,231,148,205,284,260,215,182,112,70,35,30,8,2,18,3,0,2,0,0,3,0,0,0,0,0,0,0,0,0,0,0,0,0,0,0,0,0,0,0,0,0,0,0,0,0,0,0,0,0,0,0,0,0,0,0,0,0,0,0,0,0,0,0,0,0,0,0,0,0,0,0
Nissan,Altima,ICE,26408,28474,31993,22108,33630,29418,33842,32327,24224,20948,20564,29462,22156,28320,34856,28484,28404,30475,24949,19646,25031,20257,20039,24763,18931,26543,28511,20263,23994,28042,22314,14694,16569,17863,19073,18199,20185,19703,23518,10400,23030,26956,16015,14925,11867,13406,12077,17064,12189,16216,23075,16531,24218,16548,11236,22403,17553,13531,16551,19132,12476,19301,15570,6291,7849,7562,9232,8651,10150,12805,13834,14267,8079,8538,15400,10626,11247,8040,5138,3898,4542,6212,9028,13029,12113,11964,14218,13638,13624,13053,9542,9597,8373,13393,10266,10174,8763,10424,13645,11411,10905,8093,7092,9975,12203,12457,9723,13339,8726,11956,7901,10385,9755,11173,7839,6886,12058,10495,7497,9227,7628,12522,15659,9844,8980,7474,4471,5520,4196,4446,0,0
Nissan,Ariya,EV,0,0,0,0,0,0,0,0,0,0,0,0,0,0,0,0,0,0,0,0,0,0,0,0,0,0,0,0,0,0,0,0,0,0,0,0,0,0,0,0,0,0,0,0,0,0,0,0,0,0,0,0,0,0,0,0,0,0,0,0,0,0,0,0,0,0,0,0,0,0,0,0,0,0,0,0,0,0,0,0,0,0,0,0,0,0,0,0,0,0,0,0,0,0,0,201,1239,709,912,776,826,733,1059,1106,2339,1467,943,1355,941,1573,1628,1498,1990,1715,1816,2027,1709,1575,1540,1786,1492,1324,1332,2550,2918,2003,1043,1047,1120,35,0,0
Nissan,Armada,ICE,1029,990,1266,1198,1488,1218,878,891,841,970,812,1156,774,1093,981,855,794,754,606,514,1712,1740,1738,2474,1908,2289,3094,2007,2487,2370,2477,4454,4447,3473,3293,3368,2246,2548,4288,1713,2216,5434,2294,1775,3146,2072,2044,2874,2202,3190,4409,1917,4490,2505,1673,1716,2507,2714,1754,2967,2108,2394,3525,1778,1698,1651,2281,1175,910,590,545,985,853,2315,4430,2198,2886,2212,1592,1044,1154,1333,1484,1313,874,438,331,577,1167,1153,981,992,2116,1223,867,1204,1498,2912,2862,2214,1903,1798,1595,1353,1584,868,961,1637,1080,1414,1483,1356,1724,1776,1582,936,1060,1054,852,950,874,1317,1719,1640,1477,1145,1503,1629,1305,1202,0,0
Nissan,Cube,ICE,156,122,176,113,108,115,52,46,24,14,4,13,3,7,3,1,1,0,0,0,0,0,0,0,0,0,0,0,0,0,0,0,0,0,0,0,0,0,0,0,0,0,0,0,0,0,0,0,0,0,0,0,0,0,0,0,0,0,0,0,0,0,0,0,0,0,0,0,0,0,0,0,0,0,0,0,0,0,0,0,0,0,0,0,0,0,0,0,0,0,0,0,0,0,0,0,0,0,0,0,0,0,0,0,0,0,0,0,0,0,0,0,0,0,0,0,0,0,0,0,0,0,0,0,0,0,0,0,0,0,0,0
Nissan,Frontier (Navara),ICE,5868,6106,7128,5827,5439,4437,4194,3645,4617,4764,5099,5693,6363,6834,8198,7509,7941,8166,7244,9537,7596,6364,5105,6069,3857,4736,6973,6347,7756,8144,7647,4637,5111,6219,7053,5880,5901,7992,8932,5082,6938,6856,4582,4573,8718,6302,6278,7492,6062,6291,7868,4258,7497,7346,5641,5888,3835,8031,4932,4720,3904,3919,2457,2934,3793,2067,1231,2790,3192,3647,3010,3901,2892,3193,4695,5005,5676,4931,4047,2448,5172,7931,7324,7379,7368,7784,7253,7725,6284,6752,5302,5547,2338,5927,7447,6456,5018,4831,7077,6679,5462,5072,3856,3505,4395,4085,3846,4309,4263,7081,8400,6535,7139,6545,5202,5130,3962,4774,4668,4456,3916,4713,5852,4860,6219,5038,5392,6524,5116,5721,0,0
Nissan,GT-R,ICE,101,118,175,162,111,93,66,65,38,58,34,84,66,30,66,46,63,44,52,88,82,57,58,46,65,55,75,51,65,62,30,47,32,21,39,36,34,35,66,35,74,60,39,90,37,20,23,25,19,25,49,33,18,30,27,41,31,25,16,17,21,24,13,15,39,16,33,36,44,25,12,26,15,15,20,19,8,22,17,24,27,29,16,15,13,30,7,4,0,0,0,0,2,0,0,1,14,56,73,30,11,33,28,22,45,19,32,27,23,23,31,25,20,29,4,20,10,18,30,34,12,14,6,5,0,0,0,2,0,0,0,0
Nissan,Juke,ICE,2001,2183,2838,2433,2625,2567,2347,2360,2108,1804,1897,1958,1510,1863,2498,1890,2271,2524,1568,1143,947,858,1215,1290,1304,1297,1487,986,1278,893,739,571,545,461,351,245,190,124,142,83,72,41,26,13,24,7,4,5,3,2,4,1,0,0,0,0,0,1,0,0,0,0,0,0,0,0,0,0,0,0,0,0,0,0,0,0,0,0,0,0,0,0,0,0,0,0,0,0,0,0,0,0,0,0,0,0,0,0,0,0,0,0,0,0,0,0,0,0,0,0,0,0,0,0,0,0,0,0,0,0,0,0,0,0,0,0,0,0,0,0,0,0
Nissan,Kicks,ICE,0,0,0,0,0,0,0,0,0,0,0,0,0,0,0,0,0,0,0,0,0,0,0,0,0,0,0,0,0,0,0,0,0,0,0,0,0,0,0,0,0,563,2375,3876,3498,3264,4032,5704,3812,3563,5144,3503,6005,7236,6576,7058,4177,3362,3634,4123,4982,5302,3685,2524,3174,3495,5527,7013,6938,5633,4668,5917,4703,7509,12209,6361,7183,5997,6320,7334,7119,6202,6276,5747,5106,6944,8527,6191,3392,4440,4109,3003,3408,3724,3047,2988,3391,3019,5422,5860,6157,5955,5830,6574,7930,6537,5639,4509,4636,4407,4681,4413,6582,8272,7239,5988,5926,8487,8770,7955,6625,7729,11011,9591,8464,6974,8055,10051,8138,8236,0,0
Nissan,Leaf,EV,1070,1198,1817,1553,2104,2074,1174,1393,1247,1238,1054,1347,755,930,1246,787,979,1096,1063,1066,1316,1412,1457,1899,772,1037,1478,1063,1392,1506,1283,1154,1055,213,175,102,150,895,1500,1171,1576,1367,1149,1315,1563,1234,1128,1667,717,654,1314,951,1216,1156,938,1117,1048,887,1140,1227,680,826,452,223,409,417,445,613,858,1252,1402,1987,995,921,1009,1530,2070,1204,1167,660,518,925,1237,2003,1101,1451,1819,1465,1079,707,330,411,535,1140,1103,884,676,886,792,741,549,590,526,465,579,467,412,469,278,373,491,584,577,764,1588,1752,1174,1032,1214,1399,536,677,1110,764,489,349,421,150,153,95,0,0
Nissan,Maxima,ICE,2144,2290,2760,1696,1578,4037,4175,4250,3871,4903,3884,4771,4415,5222,6588,4573,5032,4923,5990,6064,6569,3908,4093,5293,3738,4898,6961,5564,5948,4410,5330,4424,8404,6741,6193,5016,4333,4387,5034,2100,3694,4504,2487,2724,2439,2505,2530,5600,3457,3504,3593,2009,2153,2079,2124,3548,3732,3217,2273,3387,2072,2284,1746,1135,1550,1299,1435,1388,1146,1088,1129,1790,1014,1703,2090,1593,2063,1502,1339,774,515,976,857,1960,898,1208,763,347,212,325,392,347,543,754,642,679,540,687,980,1141,1282,1547,1091,872,530,384,302,295,189,177,163,122,95,66,51,36,21,8,10,4,5,3,3,0,1,1,0,0,0,0,0,0
Nissan,Murano,ICE,3773,4005,5547,4121,5715,5314,5459,5800,5166,5350,5574,7083,5516,7445,8657,6232,5978,5665,6271,7482,7536,10701,7589,7881,4363,5569,7317,5504,6409,5534,6314,4895,7002,5714,8393,9718,6792,6179,7751,3391,5881,8806,6549,9619,8257,5737,6552,8033,4080,3412,4237,3476,5634,5133,6454,9462,8460,7477,5349,5187,5276,6020,4387,3306,5654,5332,4366,4628,5890,5390,3674,4332,3251,3677,4595,4782,5980,4734,5524,3644,3100,2142,1640,3048,2903,3208,3292,3609,2457,1330,1395,1433,2750,3272,2095,2330,2439,4111,5894,3241,2593,2910,1824,1763,1531,1679,1474,1678,1285,1753,1688,1311,1241,1861,1774,2028,1496,1637,1387,1855,3272,2523,2907,2921,3182,3423,5355,5179,3638,3926,0,0
Nissan,NV,ICE,1059,1188,1409,1396,1447,1611,1526,1389,1437,1391,1105,1924,1292,1434,1791,1596,1465,1469,1510,1431,1395,1360,1193,1937,1234,1436,1863,1457,1769,1688,1338,1377,1432,1204,1422,1638,1023,1139,1606,1225,1702,1553,1242,1415,1394,1269,1321,2013,1263,1439,1805,1494,1829,1706,1776,2503,1861,1312,1315,1719,1253,1502,973,720,910,1258,1280,1301,1179,1377,1575,1919,1115,1313,1646,1651,1775,1872,1329,549,47,42,11,22,0,0,2,0,0,1,0,0,0,0,0,0,0,0,0,0,0,0,0,0,0,0,0,0,0,0,0,0,0,0,0,0,0,0,0,0,0,0,0,0,0,0,0,0,0,0,0,0
Nissan,NV200,ICE,1184,1287,1485,1469,1631,1460,1493,1601,1400,1409,1193,1781,1273,1663,2416,1740,1411,1665,1480,1447,1284,1243,1363,1538,1264,1334,1897,1697,1724,1686,1625,1615,1338,1389,1459,1574,1324,1431,2032,1605,1691,1717,1414,1592,1477,1439,1215,1691,1313,1265,2077,1735,1825,1737,1599,1444,1316,1532,1463,1462,1357,1868,1515,719,1061,1457,1484,1741,1550,1359,1226,1789,1415,1762,2362,2033,2217,2783,2398,1380,569,246,120,74,83,39,12,0,0,0,0,0,0,0,0,0,0,0,0,0,0,0,0,0,0,0,0,0,0,0,0,0,0,0,0,0,0,0,0,0,0,0,0,0,0,0,0,0,0,0,0,0
Nissan,Nissan Titan,ICE,774,816,1048,1038,1218,1155,1126,1268,1078,882,719,1018,937,1060,1274,1010,922,896,1143,1248,2484,3181,3329,4396,2768,2988,5539,4033,4937,4199,3791,3521,3773,4114,7679,5582,4051,3761,4912,2670,3779,4121,3977,4661,5907,4114,3845,4661,3031,2722,3930,2489,3189,2665,2242,2589,2555,2134,2052,1916,1545,2591,1596,1987,2156,2321,2447,2390,2370,2057,2156,2823,1893,2107,3463,3440,4382,2491,1758,1523,1715,1284,1465,1885,1515,1854,3046,2163,1536,1098,505,489,281,852,816,908,809,1067,2162,2023,2034,2455,1824,1563,1470,1271,1116,1395,1428,1320,1397,1002,1122,1940,1736,1353,887,923,774,780,599,517,440,145,129,76,60,39,19,9,0,0
Nissan,Nissan Versa,ICE,10546,11909,14543,9646,10121,10190,9949,14875,18053,13855,9783,11058,8006,12249,16244,9165,12114,14683,11856,10585,11553,8911,7930,8918,8870,9869,12336,8322,9006,8155,7899,6759,11601,9556,7274,7125,7248,7196,10921,5998,6576,7745,5472,3145,3782,5869,5122,6735,6649,7410,10933,6710,8116,8882,2702,2817,2914,3373,2825,3265,3147,4383,4646,2081,2756,2829,3366,3572,3528,3095,5505,9365,5675,6233,10486,8488,6136,4303,4790,2279,2179,2987,4457,2900,1339,493,498,364,516,2416,2210,717,782,1376,1538,1147,654,449,2798,3539,2172,1402,2407,2530,1898,2160,2384,2414,2189,2341,2944,3229,3080,4029,5013,3625,2852,4096,4772,4419,4672,7582,6876,3310,3718,4461,4687,3491,2666,2393,0,0
Nissan,Nissan Z,ICE,0,0,0,0,0,0,0,0,0,0,0,0,0,0,0,0,0,0,0,0,0,0,0,0,0,0,0,0,0,0,0,0,0,0,0,0,0,0,0,0,0,0,0,0,0,0,0,0,0,0,0,0,0,0,0,0,0,0,0,0,0,0,0,0,0,0,0,0,0,0,0,0,0,0,0,0,0,0,0,0,0,0,0,0,0,0,0,0,0,0,0,45,41,77,44,56,116,152,198,192,168,140,83,142,118,135,135,192,129,258,284,277,254,255,237,269,212,254,308,427,368,565,1221,697,505,433,459,339,235,221,0,0
Nissan,Pathfinder,HV,184,212,258,167,223,215,234,212,186,168,102,84,65,72,87,56,60,57,55,58,80,64,68,94,73,90,104,57,65,0,0,0,0,0,0,0,0,0,0,0,0,0,0,0,0,0,0,0,0,0,0,0,0,0,0,0,0,0,0,0,0,0,0,0,0,0,0,0,0,0,0,0,0,0,0,0,0,0,0,0,0,0,0,0,0,0,0,0,0,0,0,0,0,0,0,0,0,0,0,0,0,0,0,0,0,0,0,0,0,0,0,0,0,0,0,0,0,0,0,0,0,0,0,0,0,0,0,0,0,0,0,0
Nissan,Pathfinder,ICE,5954,6854,8336,5384,7198,6953,7568,6842,6017,5416,4992,8282,6386,7172,8626,5577,5921,5680,5475,5736,7948,6357,6733,9274,7208,8907,10338,5655,6392,6578,5066,3726,7460,6708,6585,6053,5286,6140,6680,2741,6119,6736,5303,4889,6258,5195,5404,6799,5268,4860,7226,4713,7751,6494,4686,4223,4121,5636,4819,5894,5000,6628,6464,2550,3042,3269,3452,3757,3363,3640,3228,4186,2743,2537,3625,2409,1681,557,4573,7484,3276,5096,2440,4903,1526,2016,5433,6641,4675,3987,3295,5291,4718,7298,6189,6793,6459,8583,8728,7432,6489,5082,4433,4169,5067,4813,5075,5380,4186,6860,7966,6281,7033,7240,6416,6962,5952,7035,7772,7212,5601,6831,7229,5516,11516,9848,8926,9445,7373,10263,0,0
Nissan,Quest,ICE,708,676,905,864,1154,1093,895,658,656,753,953,1703,1421,2566,1763,1099,1122,836,712,327,209,152,117,791,1878,1372,620,165,384,502,12,2,6,3,5,1,1,1,0,0,0,0,0,0,1,0,0,0,0,0,0,0,0,0,0,0,0,0,0,0,0,0,0,0,0,0,0,0,0,0,0,0,0,0,0,0,0,0,0,0,0,0,0,0,0,0,0,0,0,0,0,0,0,0,0,0,0,0,0,0,0,0,0,0,0,0,0,0,0,0,0,0,0,0,0,0,0,0,0,0,0,0,0,0,0,0,0,0,0,0,0,0
Nissan,Rogue,HV,0,0,0,0,0,0,0,0,0,0,0,0,0,0,0,0,0,0,0,0,0,0,0,0,0,0,0,0,0,0,0,0,0,303,361,402,362,381,422,233,384,370,265,334,255,277,319,425,261,319,358,242,202,217,260,336,294,193,189,221,200,230,163,117,173,188,211,200,191,154,186,263,213,283,369,295,355,304,228,181,113,147,149,211,134,116,201,196,107,120,122,133,167,185,180,197,0,0,0,0,0,0,0,0,0,0,0,0,0,0,0,0,0,0,0,0,0,0,0,0,0,0,0,0,0,0,0,0,0,0,0,0
Nissan,Rogue,ICE,15649,21419,27418,21767,25901,23243,25081,27665,25064,24939,22565,26479,19762,21561,27713,23173,27428,29246,33298,32979,26459,21179,26629,40477,28760,33149,39512,27386,32533,34349,32425,29844,38969,29983,35719,39770,35822,37738,41729,23098,38029,36634,26270,33066,34587,27471,31541,42098,25852,31580,35444,23917,28398,28477,25695,41293,29155,26889,23545,27110,20409,22090,16624,10987,17161,18623,20966,19872,18996,15340,18476,26115,21121,28111,36623,29282,35185,30148,22597,17980,11259,14634,14828,20986,13284,11582,19918,19415,10666,11936,12163,13254,16621,18327,17914,19542,17966,24609,33924,21022,23128,27096,22464,19720,21162,21153,16897,22317,16740,35360,38704,18083,16418,15855,14720,16785,16491,19272,18397,18899,17786,19491,24825,14844,15974,16643,15779,18411,18071,16409,0,0
Nissan,Sentra,ICE,14395,15354,21277,17059,20616,17200,18511,15662,14196,14974,14505,19760,16144,20599,26201,19145,20204,20721,18536,14256,13670,14168,14028,17037,13444,16010,21960,20255,18371,22534,18724,15285,19128,18341,17565,16834,17731,17148,25123,16999,18103,20572,19362,13314,16795,17611,12721,17567,14088,17072,25633,13051,18831,21224,16365,11393,10493,13889,11546,11033,6593,9556,7730,4895,7575,7438,8952,8750,8384,8106,6896,9771,9732,10581,16925,13387,14920,12314,13381,13022,6559,5854,3130,8056,7761,9617,9753,8084,4281,4879,6807,4764,6994,4189,4019,5975,6175,4891,11451,12163,10055,12720,11860,13412,6340,5152,6872,8104,9448,13380,17253,15345,18221,15381,14760,12367,7577,11166,8507,9254,10701,19239,24596,11340,8994,10653,14070,14689,11459,8770,0,0
Nissan,Xterra,ICE,998,1016,1422,1100,1198,1184,1196,1132,766,421,169,70,18,10,0,2,4,2,0,2,0,0,0,0,0,0,1,0,0,0,0,0,0,0,0,0,0,0,0,0,0,0,0,0,0,0,0,0,0,0,0,0,0,0,0,0,0,0,0,0,0,0,0,0,0,0,0,0,0,0,0,0,0,0,0,0,0,0,0,0,0,0,0,0,0,0,0,0,0,0,0,0,0,0,0,0,0,0,0,0,0,0,0,0,0,0,0,0,0,0,0,0,0,0,0,0,0,0,0,0,0,0,0,0,0,0,0,0,0,0,0,0
Porsche,Adjustment,ICE,0,0,0,0,0,0,0,0,0,0,0,0,0,0,0,0,0,0,0,0,0,0,0,0,0,0,0,0,0,0,0,0,0,0,0,0,0,0,0,0,0,0,0,0,0,0,0,0,0,0,0,0,0,0,0,0,0,0,0,0,0,0,0,0,0,0,0,0,0,0,0,0,0,0,0,0,0,0,0,0,0,0,0,0,0,0,0,0,0,0,0,0,0,0,0,0,0,0,0,0,0,0,0,0,0,0,0,0,0,0,0,0,0,0,0,0,0,0,0,0,0,0,0,0,0,0,0,0,0,0,0,0
Porsche,Boxster/Cayman,ICE,502,443,468,597,611,567,538,771,612,552,588,414,431,430,633,673,508,687,732,474,421,441,457,373,443,326,337,534,403,431,331,626,434,399,522,301,415,448,489,604,531,565,531,388,329,317,422,237,263,163,239,612,456,422,438,339,271,239,247,191,204,212,80,81,121,209,157,238,349,199,239,537,476,321,540,260,192,268,207,130,225,202,181,412,250,174,291,335,218,317,264,359,235,219,205,374,336,388,419,400,458,435,505,523,438,400,488,356,259,253,285,431,463,421,561,601,547,645,651,581,417,460,599,770,772,661,578,614,527,567,0,0
Porsche,Cayenne,ICE,1033,940,1292,1685,1281,1223,1394,1387,1253,1328,1402,1092,1249,1156,1050,1229,1102,1039,919,1012,1108,1068,1393,947,1173,1035,1008,1072,979,815,713,691,788,1129,1309,917,1189,930,737,619,477,556,259,141,1150,1214,1291,1382,2148,1761,1646,1645,1680,1146,1334,1163,985,1019,1682,1431,1401,1408,650,526,971,1561,1180,1095,1221,1453,1621,1977,1345,1046,1417,1376,1731,1730,2023,1745,1412,670,360,743,424,297,863,1029,668,1943,1584,2126,1925,1721,1619,2083,1153,2169,1398,1364,1565,1591,1819,1889,2048,1818,2226,1903,1158,1137,940,2252,2424,2200,1973,1374,1238,1812,1842,2251,1147,1271,1845,1419,1416,1171,1088,1166,973,1085,0,0
Porsche,Cayenne,PHV,83,106,72,88,111,89,77,83,70,126,121,137,146,172,244,237,191,176,148,197,131,138,179,152,177,121,126,185,174,195,160,178,124,73,38,23,113,121,197,265,59,12,7,2,7,1,3,1,2,1,1,0,0,1,0,291,527,197,290,181,195,207,36,29,125,125,94,87,231,110,134,161,111,74,101,99,50,50,61,52,41,66,33,63,61,43,126,107,69,0,30,70,144,204,190,260,136,257,200,160,183,164,211,218,56,94,115,98,9,9,8,10,11,10,20,446,288,309,298,413,360,389,319,326,336,328,356,368,343,289,0,0
Porsche,Macan,EV,0,0,0,0,0,0,0,0,0,0,0,0,0,0,0,0,0,0,0,0,0,0,0,0,0,0,0,0,0,0,0,0,0,0,0,0,0,0,0,0,0,0,0,0,0,0,0,0,0,0,0,0,0,0,0,0,0,0,0,0,0,0,0,0,0,0,0,0,0,0,0,0,0,0,0,0,0,0,0,0,0,0,0,0,0,0,0,0,0,0,0,0,0,0,0,0,0,0,0,0,0,0,0,0,0,0,0,0,0,0,0,0,0,0,0,0,117,122,117,804,691,749,1036,1200,1331,703,716,737,685,617,0,0
Porsche,Macan,ICE,796,624,1180,1537,1046,1065,1533,1340,1160,908,962,1382,1469,1012,1123,1877,1426,1222,931,2304,1998,2120,2054,1796,1960,1575,1802,1700,1730,1871,1600,1641,2346,1779,1981,1444,1636,1506,1746,2252,2241,2269,2114,2107,2232,1955,2101,1345,1418,1403,1387,1114,1740,2649,2300,2038,2142,2330,2471,1675,1805,1888,679,548,1083,1749,1321,1514,1757,1676,1474,1953,1666,1504,2295,1641,1708,1512,1943,1881,1518,1731,2610,2989,1802,1262,1778,2044,1328,1942,1613,2195,1814,1687,1586,2740,2097,2838,2598,2478,2842,2784,3219,3341,2286,2079,2545,2196,1734,1705,2232,2073,2233,2027,1963,2282,1627,2303,2318,1523,1425,1582,2003,1272,1150,1421,1503,1621,1337,1271,0,0
Porsche,Panamera,ICE,376,402,389,355,337,403,347,430,516,325,458,241,309,260,311,346,332,484,321,386,328,257,643,33,33,27,551,1096,767,518,510,556,834,642,724,455,610,601,655,690,621,567,477,478,547,460,691,293,405,426,620,842,476,429,392,334,296,303,545,473,503,480,202,208,290,337,256,275,303,294,170,239,128,108,150,297,286,357,342,337,309,306,267,460,280,196,258,242,156,328,272,370,315,297,280,394,269,407,322,314,360,337,397,413,343,314,385,326,144,140,123,363,363,338,471,173,157,522,538,218,277,307,367,157,153,235,157,170,137,246,0,0
Porsche,Panamera,PHV,61,40,44,30,21,34,23,36,41,28,33,16,27,33,23,25,26,22,21,59,28,38,88,3,2,1,3,2,1,0,0,1,1,2,5,0,0,1,49,336,275,168,108,82,104,81,109,39,82,82,83,150,45,100,84,89,81,57,112,119,126,104,34,35,67,49,34,37,41,40,23,32,17,8,12,25,15,18,17,17,16,61,53,71,41,28,35,95,63,42,36,49,48,39,37,50,35,54,50,42,48,53,53,55,53,46,56,47,41,40,35,30,30,28,30,11,10,10,0,167,143,156,236,239,245,105,109,112,105,69,0,0
Porsche,911,ICE,1052,633,836,897,841,813,778,939,768,803,884,654,723,498,938,1023,993,852,806,749,465,444,699,711,814,552,652,940,751,686,587,1016,532,691,976,773,853,775,883,804,801,755,524,885,733,789,1056,789,1101,990,803,655,613,458,408,382,911,1302,979,663,688,599,512,534,782,990,748,437,508,243,358,878,761,443,998,440,415,690,402,320,484,430,509,1218,734,514,791,909,592,1004,832,1134,768,716,673,985,755,1024,932,890,1020,1191,1380,1431,1052,957,1171,1092,673,663,594,1567,1690,1533,1366,1648,1107,1122,1121,1044,590,650,846,1166,1170,1002,1160,1232,1056,1412,0,0
Porsche,918,ICE,34,14,10,28,20,29,40,22,4,0,2,0,0,0,1,0,0,0,0,0,0,0,0,0,0,0,0,0,0,0,0,0,0,0,0,0,0,0,0,0,0,0,0,0,0,0,0,0,0,0,0,0,0,0,0,0,0,0,0,0,0,0,0,0,0,0,0,0,0,0,0,0,0,0,0,0,0,0,0,0,0,0,0,0,0,0,0,0,0,0,0,0,0,0,0,0,0,0,0,0,0,0,0,0,0,0,0,0,0,0,0,0,0,0,0,0,0,0,0,0,0,0,0,0,0,0,0,0,0,0,0,0
Porsche,Taycan,EV,0,0,0,0,0,0,0,0,0,0,0,0,0,0,0,0,0,0,0,0,0,0,0,0,0,0,0,0,0,0,0,0,0,0,0,0,0,0,0,0,0,0,0,0,0,0,0,0,0,0,0,0,0,0,0,0,0,0,0,0,139,137,44,46,67,362,273,402,598,494,327,546,510,406,721,821,1100,997,690,591,555,290,444,806,485,340,718,824,536,831,689,939,457,424,399,529,459,549,567,542,621,621,719,746,718,652,799,851,460,451,336,264,284,259,465,463,412,441,433,479,288,317,414,372,373,319,522,555,476,248,0,0
Ram,N/A (Class 5) (Chrysler (2009-)),ICE,0,0,0,0,0,0,0,0,0,0,0,0,0,0,0,0,0,0,0,0,0,0,0,0,0,0,0,0,0,0,0,0,0,0,0,0,0,0,0,0,0,0,0,0,0,0,0,0,0,0,0,0,0,0,0,0,0,0,0,0,0,0,0,0,0,0,0,0,0,0,0,0,0,0,0,0,0,0,0,0,0,0,0,0,0,0,0,0,0,0,0,0,0,0,0,0,0,0,0,0,0,0,0,0,0,0,0,0,1330,1382,1961,1669,1705,1559,1380,1711,1167,1042,1140,1309,557,546,931,1405,1497,1398,1118,932,1230,0,0,0
Ram,ProMaster,EV,0,0,0,0,0,0,0,0,0,0,0,0,0,0,0,0,0,0,0,0,0,0,0,0,0,0,0,0,0,0,0,0,0,0,0,0,0,0,0,0,0,0,0,0,0,0,0,0,0,0,0,0,0,0,0,0,0,0,0,0,0,0,0,0,0,0,0,0,0,0,0,0,0,0,0,0,0,0,0,0,0,0,0,0,0,0,0,0,0,0,0,0,0,0,0,0,0,0,0,0,0,0,0,0,0,0,0,0,0,0,0,0,0,0,0,0,0,102,74,71,31,57,69,6,14,4,11,957,124,2,0,0
Ram,ProMaster,ICE,0,0,0,0,0,0,0,0,0,0,0,0,0,0,0,0,0,0,0,0,0,0,0,0,0,0,0,0,0,0,0,0,0,0,0,0,0,0,0,0,0,0,0,0,0,0,0,0,0,0,0,0,0,0,0,0,0,0,0,0,0,0,0,0,0,0,0,0,0,0,0,0,3630,2527,4723,5681,5813,6635,5620,7677,6871,5476,4443,4265,2121,2991,4216,4241,4756,6964,7051,4554,5137,5730,6756,6419,4633,5718,7343,5881,6188,8131,7726,7577,7143,7862,7363,6098,2114,1517,2222,3394,5352,6623,6585,6633,6563,9902,7320,7397,3166,5685,5511,3942,4391,6787,4143,7518,2880,2206,0,0
Ram,ProMaster City,ICE,0,0,0,0,0,0,0,0,0,0,0,0,0,0,0,0,0,0,0,0,0,0,0,0,0,0,0,0,0,0,0,0,0,0,0,0,0,0,0,0,0,0,0,0,0,0,0,0,0,0,0,0,0,0,0,0,0,0,0,0,0,0,0,0,0,0,0,0,0,0,0,0,842,900,1462,1562,1805,2022,1384,1207,277,507,1269,1342,479,647,583,931,1127,1986,1322,1853,1273,1844,1722,2147,1695,1993,1990,1530,1362,1222,1237,806,498,355,134,65,20,7,11,1,2,4,2,0,2,0,1,0,0,1,0,0,0,0,0,1,17,0,0,0
Ram,Ram Cargo Van,ICE,0,0,0,0,0,0,0,0,0,0,0,0,0,0,0,0,0,0,0,0,0,0,0,0,0,0,0,0,0,0,0,0,0,0,0,0,0,0,0,0,0,0,0,0,0,0,0,0,0,0,0,0,0,0,0,0,0,0,0,0,0,0,0,0,0,0,0,0,0,0,0,0,0,0,0,0,0,0,0,0,0,2,0,1,0,0,0,0,0,0,0,0,0,0,0,0,0,0,0,0,0,1,0,0,0,0,0,0,0,0,0,0,0,0,0,0,0,0,0,0,0,0,0,0,0,0,0,0,0,0,0,0
Ram,Ram P/U,ICE,0,0,0,0,0,0,0,0,0,0,0,0,0,0,0,0,0,0,0,0,0,0,0,0,0,0,0,0,0,0,0,0,0,0,0,0,0,0,0,0,0,0,0,0,0,0,0,0,0,0,0,0,0,0,0,0,0,0,0,0,0,0,0,0,0,0,0,0,0,0,0,0,42493,49041,57302,52446,62525,49261,43776,42136,35792,42026,42361,50229,41283,43184,42649,42910,36399,38558,42387,40848,34871,32889,31019,41347,34014,32545,38791,37426,40723,39550,31604,38016,39771,32647,36615,43224,29003,26930,28811,22903,29672,32601,25031,31362,28489,31084,31119,38760,22643,24871,29300,29719,32049,29404,27501,26969,30311,33090,0,0
Subaru,Ascent,ICE,0,0,0,0,0,0,0,0,0,0,0,0,0,0,0,0,0,0,0,0,0,0,0,0,0,0,0,0,0,0,0,0,0,0,0,0,0,0,0,0,0,1897,4589,4235,5859,6008,5890,7733,4981,6160,7932,6512,7509,7014,7296,7319,5319,6091,7545,8280,5606,5982,4036,3954,5740,6079,6075,6619,5744,5865,5231,6692,4743,4619,5111,4398,4310,5192,5044,5418,4208,5221,5628,6088,5470,5181,4047,5228,5402,5603,4489,5638,4964,5029,5673,6980,4582,4406,5794,5965,6505,5889,4281,4860,4599,4374,4292,4996,3718,3791,5174,4975,5277,5020,4220,4630,5809,4402,4595,4675,3113,3382,4584,3758,3547,3095,3007,3757,3073,3747,0,0
Subaru,BRZ,ICE,330,334,495,494,606,550,525,498,301,374,376,413,361,425,425,466,383,347,353,302,300,330,235,214,204,344,439,444,437,429,372,337,301,271,256,297,235,270,369,412,364,316,297,383,284,254,301,349,259,242,318,287,231,203,167,158,111,112,115,131,112,166,114,105,227,238,266,267,251,221,129,171,163,179,241,118,19,1,0,0,1,24,505,1069,331,349,291,298,201,193,228,308,231,278,312,325,332,368,285,507,638,382,311,268,270,291,263,273,250,243,273,178,227,243,271,347,291,365,320,337,224,244,334,331,326,206,222,220,177,182,0,0
Subaru,Crosstrek,ICE,0,0,0,0,0,0,0,0,0,0,0,0,0,0,0,0,0,0,0,0,0,0,0,0,0,0,0,0,0,0,0,0,0,0,0,0,0,0,0,0,0,0,0,0,0,0,0,0,0,0,0,0,0,0,0,0,0,0,0,0,0,0,0,0,0,0,0,0,0,0,0,0,0,0,0,0,0,0,0,0,0,0,0,0,0,0,0,0,0,0,0,0,0,0,0,0,0,0,0,0,0,0,0,0,0,0,0,0,11322,12553,14527,12126,13834,15132,15317,20395,16633,15928,16948,17088,12625,12817,18169,14935,15793,15994,17628,20442,14321,16284,0,0
Subaru,Forester,HV,0,0,0,0,0,0,0,0,0,0,0,0,0,0,0,0,0,0,0,0,0,0,0,0,0,0,0,0,0,0,0,0,0,0,0,0,0,0,0,0,0,0,0,0,0,0,0,0,0,0,0,0,0,0,0,0,0,0,0,0,0,0,0,0,0,0,0,0,0,0,0,0,0,0,0,0,0,0,0,0,0,0,0,0,0,0,0,0,0,0,0,0,0,0,0,0,0,0,0,0,0,0,0,0,0,0,0,0,0,0,0,0,0,0,0,0,0,0,0,0,0,0,225,193,154,113,118,4541,3539,4600,0,0
Subaru,Forester,ICE,11210,11459,14967,13977,15157,14058,15811,17565,15364,15172,13655,16797,11904,12239,14284,14490,15309,12029,14856,19658,15883,15330,14596,18015,12853,12820,15803,14761,16280,15440,15283,15528,13262,13430,14662,17441,10848,11640,14616,13679,14530,13964,13759,15435,13453,15981,16066,17642,13318,13133,14205,14782,16028,14753,14731,17076,13421,15910,16386,16436,13209,16458,9413,9431,17859,19490,15313,17261,15648,14697,12211,16006,13207,13482,21005,19452,20006,8813,12235,12688,11366,4820,3719,13930,13531,11255,6572,6130,5496,7953,7737,10477,10254,11954,9211,13526,10114,10030,10264,9651,10582,10669,14504,15294,15237,15479,15089,15653,12619,14882,21045,17850,15345,11108,10682,13456,13111,13431,14843,17149,12948,14347,22345,19137,15280,11230,11768,9684,7415,8169,0,0
Subaru,Impreza,ICE,5096,4826,5364,5311,5643,5066,6527,7074,5555,5340,4924,6059,4382,4432,5193,4836,5928,4994,5200,5319,4786,3010,2032,5126,5105,5826,7653,8038,8546,7858,7777,7462,6324,6733,6684,8037,5351,5130,5973,5833,7843,7684,7386,8154,6186,5499,5481,5880,4183,4291,5305,4819,5532,5558,6225,7519,5861,5696,5686,5740,3978,3916,2395,1857,3085,3389,4259,4654,4622,4329,3174,3970,2771,2708,3636,3447,2946,1657,706,1287,3665,3512,4300,4156,2939,3520,2329,1671,1743,2124,2228,3449,2626,2861,2861,2495,2451,2591,3802,3554,3939,2954,2800,2205,2868,2662,2370,2523,2255,2343,2836,2575,2419,2464,2578,3166,2437,2501,2693,3099,2429,2429,3049,2559,2457,2055,2373,2644,2109,2063,0,0
Subaru,Legacy,ICE,3881,4342,6148,5276,5000,4526,4500,4281,6277,5688,4769,5759,4473,4454,5551,5591,5265,5023,5212,5800,6027,6136,5814,5960,3882,3924,4897,4399,4628,3834,3785,4210,3902,4538,3245,4593,3288,3319,3889,4234,3461,3224,2605,3452,3608,2752,2903,3374,2403,2683,3133,2991,2994,3222,3244,3121,2386,2670,2801,3415,2471,2434,1630,1358,1954,2054,2629,2681,2825,2490,2192,2522,1746,2234,2325,2464,2101,2051,2375,1980,1419,1315,1027,1729,1492,1417,2611,2397,2392,2026,1610,1896,1318,1155,2166,2125,1269,1526,2265,2494,2058,2347,2170,2765,2727,2172,1838,1878,1492,1248,1658,1685,1527,1840,1799,1654,1739,1661,1612,1676,1596,1664,2540,1876,1793,1689,1918,2087,1884,1817,0,0
Subaru,Outback,ICE,11351,11632,12504,12534,12384,10912,10863,11113,15126,14729,13079,16067,11197,11952,14122,14294,12404,13417,14704,17358,16978,18008,17769,20695,13186,13477,15909,14469,15193,14019,17581,20327,16330,15786,14361,18248,13279,14021,16822,14083,16702,16071,16113,18006,12895,11574,13437,15851,10941,12328,18539,16381,18017,17505,18428,17110,11281,11506,12481,16661,11379,12665,8571,8058,11382,10249,12158,14856,17023,16755,12921,17272,11784,12666,17053,15728,13994,16394,14058,14219,7082,8548,10454,12643,10527,8637,13808,16510,14724,13135,8638,10928,8497,11992,15069,14797,10414,9108,13245,15263,17146,16225,12430,14503,14545,12396,12233,14304,11300,10412,13501,13131,16506,16853,14204,16435,13991,13549,14004,14885,10794,11601,17539,11501,11214,10608,14982,15768,12406,13441,0,0
Subaru,Solterra,EV,0,0,0,0,0,0,0,0,0,0,0,0,0,0,0,0,0,0,0,0,0,0,0,0,0,0,0,0,0,0,0,0,0,0,0,0,0,0,0,0,0,0,0,0,0,0,0,0,0,0,0,0,0,0,0,0,0,0,0,0,0,0,0,0,0,0,0,0,0,0,0,0,0,0,0,0,0,0,0,0,0,0,0,0,0,0,0,0,0,0,0,0,0,0,94,825,499,347,513,603,436,574,758,915,1118,1210,943,956,379,322,446,1456,1546,1236,1261,1417,1074,1078,1067,1165,1052,925,1154,949,1246,1175,1562,1466,443,13,0,0
Subaru,WRX,ICE,2431,2359,2471,2713,2895,2166,3716,3367,3033,3013,2481,3089,2336,2380,2737,3096,2327,3130,3288,3194,2683,2579,2591,2938,2142,2498,3050,3039,2801,2655,2933,2528,2510,2416,2362,2424,1919,2244,3028,2663,2859,2325,2013,2523,2383,2277,2079,2417,1751,1987,2465,2197,2110,1864,1732,1876,1385,1409,1501,1561,1399,1787,1354,1368,2255,2170,1845,1218,2040,2060,1714,1968,1555,1721,2290,3183,3169,2354,2305,2194,2449,2786,1098,2037,341,31,204,1497,2674,1465,2530,2304,1676,1664,2080,2196,2006,2598,3005,2667,2771,2326,1894,1677,1630,1420,1305,1382,1172,1395,1837,1886,1673,1332,1369,1552,1329,1637,1608,1797,1573,1715,1539,772,482,350,457,611,640,720,0,0
Subaru,XV,HV,512,549,587,552,557,493,559,455,370,211,319,425,261,278,329,303,303,214,193,117,79,44,27,25,13,6,12,1,1,7,0,2,3,0,0,0,0,0,0,0,0,0,0,0,0,0,0,0,0,0,0,0,0,0,0,0,0,0,0,0,0,0,0,0,0,0,0,0,0,0,0,0,0,0,0,0,0,0,0,0,0,0,0,0,0,0,0,0,0,0,0,0,0,0,0,0,0,0,0,0,0,0,0,0,0,0,0,0,0,0,0,0,0,0,0,0,0,0,0,0,0,0,0,0,0,0,0,0,0,0,0,0
Subaru,XV,ICE,6001,5857,6575,6384,7319,6564,8016,8344,7044,7102,6467,7665,6187,5851,6644,7304,8164,7444,8287,8670,8182,8323,8244,10204,6494,6605,7108,7217,8249,7815,7972,12821,12488,10871,10151,12302,9437,10625,13400,12266,14387,14360,12664,11900,12376,11049,10625,11295,8236,8256,9670,9274,11179,11071,12046,15536,11643,11830,10041,9779,7875,8003,4979,4408,9297,10024,8692,10091,11950,14767,12637,14689,10243,10465,13763,12273,9613,6282,13147,11398,11659,10412,6231,9309,9324,14290,13279,11887,9788,10520,13875,14868,15915,13446,12492,13234,12453,14544,13816,10226,10432,13788,11241,13914,13340,13768,14994,15799,0,0,0,0,0,0,0,0,0,0,0,0,0,0,0,0,0,0,0,0,0,0,0,0
Subaru,XV,PHV,0,0,0,0,0,0,0,0,0,0,0,0,0,0,0,0,0,0,0,0,0,0,0,0,0,0,0,0,0,0,0,0,0,0,0,0,0,0,0,0,0,0,0,0,0,0,0,0,0,1,34,45,372,321,237,324,252,307,337,361,256,284,119,81,189,217,221,238,0,227,204,268,188,226,302,326,400,133,255,189,205,179,83,185,203,186,181,130,106,156,201,258,177,189,180,257,253,272,224,84,24,14,0,6,1,0,0,0,3,0,0,1,2,0,1,1,0,0,0,0,0,1,0,0,0,0,0,0,0,0,0,0
Tesla,Cybertruck,EV,0,0,0,0,0,0,0,0,0,0,0,0,0,0,0,0,0,0,0,0,0,0,0,0,0,0,0,0,0,0,0,0,0,0,0,0,0,0,0,0,0,0,0,0,0,0,0,0,0,0,0,0,0,0,0,0,0,0,0,0,0,0,0,0,0,0,0,0,0,0,0,0,0,0,0,0,0,0,0,0,0,0,0,0,0,0,0,0,0,0,0,0,0,0,0,0,0,0,0,0,0,0,0,0,0,0,0,0,600,600,1100,2200,2900,3700,5000,5500,4400,4800,3900,4400,1950,1950,2510,1720,1720,860,1470,1960,1960,1700,0,0
Tesla,Model 3,EV,0,0,0,0,0,0,0,0,0,0,0,0,0,0,0,0,0,0,0,0,0,0,0,0,0,0,0,0,0,0,30,70,120,150,350,1050,1900,2600,3680,3800,6300,5500,14000,16000,23500,18000,19000,24000,16500,13300,9900,8400,8600,9500,10600,10500,13200,13100,13750,19100,19000,17500,10500,4900,6400,8000,8000,9100,8000,8500,8500,10200,9000,5000,8100,9800,10090,10569,10900,10500,10000,10639,13000,16000,15000,16000,18000,19000,19000,18000,18000,18000,19000,18000,18500,19000,20000,20000,20000,19000,19000,19000,19000,19000,18000,17000,17000,19000,18100,14100,14100,13600,17100,17600,15300,15300,18300,16300,14300,15300,16280,14060,22190,15830,15830,17150,13460,16570,23820,16000,0,0
Tesla,Model S,EV,1300,1400,2000,1900,2300,2800,2000,2000,2400,2100,3100,3500,1300,1900,3000,1700,1500,2800,2400,3200,4100,1200,1800,5300,1200,1700,3100,1200,1700,2200,1500,2100,4500,1100,1400,4800,900,1100,3200,1200,1500,1000,1200,2000,3800,1300,2500,3600,900,900,1500,1200,1300,1900,1000,1000,1100,400,1000,1800,1900,1700,1000,700,750,900,800,550,1000,400,425,375,400,2800,200,100,1700,100,800,1000,1000,4526,1400,1000,2500,4000,3000,2000,4000,2500,2500,3000,3000,3000,2500,3000,1500,1800,1700,1500,1500,1700,1700,1800,1000,1000,1000,1200,700,900,1200,900,1100,1000,1200,700,1700,700,700,1100,450,520,310,560,250,620,450,450,900,600,0,0
Tesla,Model X,EV,0,0,0,0,0,0,0,0,6,10,15,177,400,500,1500,1500,2000,2000,1500,1900,2600,1000,1400,3300,1000,800,2500,900,1800,2100,1400,1700,3400,900,1800,3400,700,900,2500,1000,1500,1300,1300,2000,2600,1200,3000,4400,1100,1200,1600,1000,1400,3000,1200,1700,1700,500,1700,2400,1450,1250,900,400,700,750,500,350,500,200,225,375,300,3700,300,100,2300,200,500,1500,1300,4673,1800,3000,2000,1500,2000,2000,2200,2000,2200,2000,2000,2200,2000,2500,2000,2200,2200,2100,2100,2500,2300,2400,1000,1500,1600,2000,1700,2200,1700,1600,1600,1800,1700,1700,1700,1300,1200,1700,1340,1250,1250,820,1230,820,1030,1530,1030,700,0,0
Tesla,Model Y,EV,0,0,0,0,0,0,0,0,0,0,0,0,0,0,0,0,0,0,0,0,0,0,0,0,0,0,0,0,0,0,0,0,0,0,0,0,0,0,0,0,0,0,0,0,0,0,0,0,0,0,0,0,0,0,0,0,0,0,0,0,0,0,1000,200,300,1500,6500,9000,11400,10500,12500,16000,15000,10050,14450,6600,14700,12000,14000,15504,19626,19936,20678,27253,20293,20870,24580,22483,19557,17307,20398,20122,20860,19998,20453,20423,26565,29215,31150,34257,35177,37428,31341,31431,27649,32730,33064,34281,26400,28400,34300,31300,31300,32600,27400,32400,28400,34400,30400,34900,19990,21210,22840,27460,29950,28710,31700,39620,43570,21000,0,0
Tesla,N/A,EV,0,0,0,0,0,0,0,0,0,0,0,0,0,0,0,0,0,0,0,0,0,0,0,0,0,0,0,0,0,0,0,0,0,0,0,0,0,0,0,0,0,0,0,0,0,0,0,0,0,0,0,0,0,0,0,0,0,0,0,0,0,0,0,0,0,0,0,0,0,0,0,0,0,0,0,0,0,0,0,0,0,0,0,0,0,0,0,0,0,0,0,0,0,0,0,0,0,0,0,0,0,0,0,0,0,0,0,0,0,0,0,0,0,0,0,0,0,0,0,0,0,0,0,0,0,0,0,0,0,0,0,0
Tesla,N/A (Class 8) (Tesla),EV,0,0,0,0,0,0,0,0,0,0,0,0,0,0,0,0,0,0,0,0,0,0,0,0,0,0,0,0,0,0,0,0,0,0,0,0,0,0,0,0,0,0,0,0,0,0,0,0,0,0,0,0,0,0,0,0,0,0,0,0,0,0,0,0,0,0,0,0,0,0,0,0,0,0,0,0,0,0,0,0,0,0,0,0,0,0,0,0,0,0,0,0,0,0,0,0,30,10,20,30,30,30,30,0,0,0,0,0,0,0,0,0,0,0,0,0,0,0,0,0,0,0,0,0,0,0,0,0,0,0,0,0
Tesla,Other/Adjustment,EV,0,0,0,0,0,0,0,0,0,0,0,0,0,0,0,0,0,0,0,0,0,0,0,0,0,0,0,0,0,0,0,0,0,0,0,0,0,0,0,0,0,0,0,0,0,0,0,0,0,0,0,0,0,0,0,0,0,0,0,0,0,0,0,0,0,0,0,0,0,0,0,0,0,0,0,9318,0,0,0,0,0,0,0,0,0,0,0,0,0,0,0,0,0,0,0,0,0,0,0,0,0,0,0,0,0,0,0,0,0,0,0,0,0,0,0,0,0,0,0,0,0,0,0,0,0,0,0,0,0,0,0,0
Toyota,4Runner,ICE,6945,6420,8648,7432,8549,8208,8383,8811,7506,8596,7583,9953,7496,8476,9599,10135,10352,8410,9581,10191,9058,8537,8628,11489,8699,10912,12045,10428,11014,10423,9874,10358,11333,11153,10103,11954,9669,10120,11761,9970,11739,11569,12444,12862,12133,12624,11494,13309,10335,9984,12510,10055,10351,9638,10087,13258,9478,12248,12391,11529,8977,10881,8214,5578,11343,12435,8917,10304,10178,12405,12756,17064,13021,11569,12673,11978,11341,9367,12172,13655,9699,13507,11887,13827,13446,11430,10031,13615,11040,7267,7957,10563,8070,10775,8962,7291,7624,5692,7582,10390,10062,9168,11308,12293,12257,10809,10348,12275,9729,11338,12756,11112,12085,9530,8027,8869,5745,1435,1470,60,160,1295,6833,7322,4747,4144,11677,10506,6717,10431,0,0
Toyota,4Runner,MHV,0,0,0,0,0,0,0,0,0,0,0,0,0,0,0,0,0,0,0,0,0,0,0,0,0,0,0,0,0,0,0,0,0,0,0,0,0,0,0,0,0,0,0,0,0,0,0,0,0,0,0,0,0,0,0,0,0,0,0,0,0,0,0,0,0,0,0,0,0,0,0,0,0,0,0,0,0,0,0,0,0,0,0,0,0,0,0,0,0,0,0,0,0,0,0,0,0,0,0,0,0,0,0,0,0,0,0,0,0,0,0,0,0,0,0,0,0,0,0,0,0,0,147,1939,1916,1649,2905,2917,2127,0,0,0
Toyota,86,ICE,0,0,0,0,0,0,0,0,0,0,0,0,0,0,0,0,0,0,0,0,651,633,513,557,474,603,705,639,680,635,655,586,530,458,456,425,317,361,491,337,401,368,300,310,325,335,293,295,256,231,320,268,327,259,300,345,211,298,307,276,223,283,198,134,290,221,235,224,160,171,134,203,202,223,339,179,69,22,6,0,4,-1,1,108,1300,889,1068,668,959,1293,1497,1246,771,674,816,860,440,600,983,1108,958,1159,1392,1141,941,761,755,790,313,364,1364,1881,2045,1500,797,881,498,595,609,579,788,843,1146,990,851,809,1041,987,652,676,0,0
Toyota,Aqua (Prius C),HV,2614,2701,3564,3523,3763,2756,3517,3844,3367,3373,2601,2861,1763,2263,2607,1676,1909,1355,1402,1459,1459,1543,1372,1644,1143,1372,1385,1161,1121,867,868,853,937,900,854,954,811,716,814,714,818,740,704,773,784,532,513,480,323,277,221,146,107,80,54,29,17,10,0,4,2,1,3,0,0,2,0,0,3,1,0,3,0,0,0,0,0,0,0,0,0,0,0,0,0,0,0,0,0,0,0,0,0,0,0,0,0,0,0,0,0,0,0,0,0,0,0,0,0,0,0,0,0,0,0,0,0,0,0,0,0,0,0,0,0,0,0,0,0,0,0,0
Toyota,Avalon,HV,912,864,902,906,1114,973,1175,1322,1064,993,798,933,583,590,776,715,660,619,707,775,688,673,639,1026,448,464,530,400,412,352,411,425,398,375,329,446,477,513,828,677,698,872,764,606,660,580,589,744,506,553,734,556,814,603,476,513,317,380,529,571,450,450,346,223,432,655,726,675,729,644,623,753,607,567,909,931,1017,657,1224,1169,760,639,574,559,574,327,374,273,363,518,691,399,32,12,0,5,1,0,0,0,0,1,0,1,0,0,0,0,0,0,0,0,0,0,0,0,0,0,0,0,0,0,0,0,0,0,0,0,0,0,0,0
Toyota,Avalon,ICE,3869,3238,3819,3684,4372,4065,4106,4169,3764,3807,4331,4883,3014,3371,3867,3317,3119,2683,3047,3341,3156,3001,3687,4025,2055,2146,2953,2347,2460,2168,2448,2446,2192,2273,2124,1981,3004,2514,3240,2577,1971,2124,1809,1755,1565,1583,1636,1794,1352,1353,2121,1816,2436,2013,2229,2551,1510,1375,1186,1273,1124,1023,687,398,760,1015,1068,1161,1049,1273,993,1164,908,900,1245,1009,870,708,1087,781,618,568,567,586,275,190,415,1425,1796,1590,1660,1121,121,32,12,7,11,19,7,1,0,3,0,6,2,2,0,0,0,0,0,0,0,0,0,0,0,0,0,0,0,0,0,0,0,0,0,0,0,0,0,0
Toyota,C-HR,ICE,0,0,0,0,0,0,0,0,0,0,0,0,0,0,0,0,0,0,0,0,0,0,0,0,0,0,0,550,1848,3100,3444,2901,3017,3638,3391,3866,3946,4420,5253,3923,4366,4331,3688,3823,4180,3683,3732,4297,4102,4743,5676,3656,3994,3640,3591,4935,3440,3900,3950,3303,2813,4338,3221,2066,4568,4418,3556,3844,4780,3237,2780,3315,2825,3087,4489,5209,6262,2571,3735,2421,1789,1294,1125,900,752,1638,1865,2100,1758,967,609,285,339,501,741,604,345,358,56,12,5,7,0,0,2,0,0,1,0,0,0,0,0,0,0,0,0,0,0,0,0,0,0,0,0,0,0,0,0,0,0,0
Toyota,Camry,HV,2143,2110,2739,2650,3174,2755,2756,3314,2629,2545,1964,1861,1256,1599,1746,1975,2055,1649,2214,2155,1902,1802,1693,2181,1238,1333,1658,1513,1711,1355,1290,1284,2090,1897,2703,2913,1621,1557,2125,1809,2001,2040,2042,2539,1756,1470,1701,2253,1905,1855,2606,2128,2991,2372,2307,2419,1810,1668,1735,2247,2087,2336,1376,827,2099,2377,2892,3153,3597,4154,4311,4600,3225,3019,4171,3521,4296,4227,5960,4458,3905,3960,3389,2446,2277,2731,2988,4230,4255,3650,4584,1871,4151,4346,3120,1411,800,1527,1335,1568,2598,4386,3692,2402,3779,4243,4204,4860,3030,3532,2424,8811,9584,23693,23283,25727,22905,27346,28032,26789,18998,21628,29655,28338,31337,25333,26048,28516,24516,0,0,0
Toyota,Camry,ICE,24620,30832,38061,31416,40663,34653,35679,34278,31858,32236,28981,35438,25592,30806,35245,32064,34861,30912,31908,30709,28805,27760,26496,31231,19075,26165,33990,29915,30836,28108,32537,35767,32642,24355,32288,40418,23017,29308,33139,28039,27964,26175,24269,27602,25884,25444,22844,26840,21897,22412,31009,27099,33217,26517,24827,29567,21518,24934,23876,24062,23509,27909,19971,10262,19847,13299,20092,24461,24851,25202,26123,25013,18565,21625,27546,26942,31789,28745,27224,21482,16069,13179,15430,18622,17935,13105,22469,22346,20693,19246,20257,24366,23249,24447,21993,24495,16377,23035,23469,26665,26796,22692,21015,14930,21415,20840,18818,20545,19142,22310,27899,16266,17692,859,185,205,29,55,56,22,9,12,6,12,0,2,4,7,5,26999,0,0
Toyota,Corolla,HV,0,0,0,0,0,0,0,0,0,0,0,0,0,0,0,0,0,0,0,0,0,0,0,0,0,0,0,0,0,0,0,0,0,0,0,0,0,0,0,0,0,0,0,0,0,0,0,0,0,10,745,1403,1844,1614,1647,2211,1576,1873,1833,1545,1276,1281,1012,655,1125,1251,1290,1708,1697,2064,1877,2436,1977,2132,3275,3578,3224,2545,2757,2495,1523,710,803,2819,2502,2265,3076,4738,3514,1950,1536,1914,1378,741,900,3254,3946,4938,3419,4606,3326,2808,4066,4699,4645,2952,3348,4905,2917,3400,6137,5624,6117,3712,4369,4828,3048,3112,3189,3737,4535,4459,5529,4837,4906,3288,3256,3282,2365,0,0,0
Toyota,Corolla,ICE,27357,27839,35532,31990,36768,30645,30249,31726,26636,27951,24194,32445,22362,29342,32556,32111,34872,30950,31717,30741,31167,28516,26747,29402,20107,25395,30584,29136,30942,29432,26600,25995,30931,23177,17864,18532,20011,23535,29245,24015,27052,25947,24589,23777,19130,20416,19376,23793,23630,27370,21590,16128,21090,24726,26636,25219,17043,18926,21492,20657,20575,23712,16811,7776,13211,12036,14215,15197,16889,17166,20562,21890,15560,18618,25504,25787,25368,15825,21108,16932,11872,6995,7442,10791,12383,11615,13293,18247,18697,15665,13548,12728,15414,14326,14274,13356,7042,9623,8531,11508,13016,15355,16076,17717,14923,17638,15734,16624,14512,16914,16191,15290,16630,14547,14320,15823,12713,15701,16094,13983,12806,12161,15966,17636,18555,15374,16762,18174,16092,21351,0,0
Toyota,Corolla Cross,HV,0,0,0,0,0,0,0,0,0,0,0,0,0,0,0,0,0,0,0,0,0,0,0,0,0,0,0,0,0,0,0,0,0,0,0,0,0,0,0,0,0,0,0,0,0,0,0,0,0,0,0,0,0,0,0,0,0,0,0,0,0,0,0,0,0,0,0,0,0,0,0,0,0,0,0,0,0,0,0,0,0,0,0,0,0,0,0,0,0,0,0,0,0,0,0,0,0,0,0,0,0,530,2203,2246,2425,2813,2543,2737,2027,2362,3075,3142,3418,3105,2859,3159,2112,3569,3658,2803,2186,2491,4223,3784,3386,1922,2340,2048,2214,0,0,0
Toyota,Corolla Cross,ICE,0,0,0,0,0,0,0,0,0,0,0,0,0,0,0,0,0,0,0,0,0,0,0,0,0,0,0,0,0,0,0,0,0,0,0,0,0,0,0,0,0,0,0,0,0,0,0,0,0,0,0,0,0,0,0,0,0,0,0,0,0,0,0,0,0,0,0,0,0,0,0,0,0,0,0,0,0,0,0,0,0,788,2976,3439,3184,3192,3781,3046,4401,4711,4655,3884,6667,7382,5816,5609,3334,5401,5781,5354,2565,5373,5360,3975,4615,4954,4799,4747,3167,3691,4706,5209,5665,5600,4849,5358,4170,5270,5402,4645,4181,4383,6656,5981,6458,5673,6298,4945,4172,8961,0,0
Toyota,Corolla iM,ICE,0,0,0,0,0,0,0,0,0,0,0,0,0,0,0,0,0,0,0,0,1105,1219,1515,1807,1460,1766,2123,1968,1995,1619,1733,1649,1838,1490,1423,1437,1396,1486,2147,1881,2526,2221,2165,2378,1667,1604,1729,1646,1483,1636,2144,2148,2778,2529,2352,2691,1735,1579,1427,1540,1435,1751,1361,814,1656,1863,1856,1801,1959,1640,1567,1763,1463,1471,2520,2626,2351,1707,1685,2165,1659,599,395,712,1085,1282,0,1767,2380,2373,3019,3035,2152,2059,448,1372,1745,1658,1489,1097,1314,1493,1893,2091,2085,1976,1806,1871,0,0,0,0,0,0,0,0,0,0,0,0,0,0,0,0,0,0,0,0,0,0,0,0
Toyota,Crown,HV,0,0,0,0,0,0,0,0,0,0,0,0,0,0,0,0,0,0,0,0,0,0,0,0,0,0,0,0,0,0,0,0,0,0,0,0,0,0,0,0,0,0,0,0,0,0,0,0,0,0,0,0,0,0,0,0,0,0,0,0,0,0,0,0,0,0,0,0,0,0,0,0,0,0,0,0,0,0,0,0,0,0,0,0,0,0,0,0,0,0,0,0,0,0,0,0,0,59,1334,1972,1613,1177,2038,2362,2421,1856,1751,2271,2177,2538,2970,2325,2529,1493,1227,1356,819,693,711,810,639,611,986,980,916,922,1090,1406,1139,0,0,0
Toyota,Crown,ICE,0,0,0,0,0,0,0,0,0,0,0,0,0,0,0,0,0,0,0,0,0,0,0,0,0,0,0,0,0,0,0,0,0,0,0,0,0,0,0,0,0,0,0,0,0,0,0,0,0,0,0,0,0,0,0,0,0,0,0,0,0,0,0,0,0,0,0,0,0,0,0,0,0,0,0,0,0,0,0,0,0,0,0,0,0,0,0,0,0,0,0,0,0,0,0,0,0,0,0,0,0,0,0,0,78,0,0,0,0,0,0,0,0,0,0,0,0,0,0,0,0,0,0,0,0,0,0,0,0,1149,0,0
Toyota,Crown Signia,HV,0,0,0,0,0,0,0,0,0,0,0,0,0,0,0,0,0,0,0,0,0,0,0,0,0,0,0,0,0,0,0,0,0,0,0,0,0,0,0,0,0,0,0,0,0,0,0,0,0,0,0,0,0,0,0,0,0,0,0,0,0,0,0,0,0,0,0,0,0,0,0,0,0,0,0,0,0,0,0,0,0,0,0,0,0,0,0,0,0,0,0,0,0,0,0,0,0,0,0,0,0,0,0,0,0,0,0,0,0,0,0,0,0,0,0,570,1711,2562,2626,2794,2565,2537,2806,1910,1387,1077,1348,1590,1057,1220,0,0
Toyota,FJ Cruiser,ICE,158,25,12,8,8,7,3,2,1,1,1,3,1,0,0,3,2,0,2,0,0,0,1,0,0,0,2,0,0,0,1,0,0,1,0,0,1,0,0,0,0,0,0,0,2,0,0,0,0,0,0,0,0,0,0,0,0,0,0,0,0,0,0,0,0,0,0,0,0,0,0,0,0,0,0,0,0,1,0,0,0,0,0,0,0,0,0,0,0,0,0,0,0,0,0,0,0,0,0,0,0,0,0,0,0,0,0,0,0,0,0,0,0,0,0,0,0,0,0,0,0,0,0,0,0,0,0,0,0,0,0,0
Toyota,Grand Highlander,HV,0,0,0,0,0,0,0,0,0,0,0,0,0,0,0,0,0,0,0,0,0,0,0,0,0,0,0,0,0,0,0,0,0,0,0,0,0,0,0,0,0,0,0,0,0,0,0,0,0,0,0,0,0,0,0,0,0,0,0,0,0,0,0,0,0,0,0,0,0,0,0,0,0,0,0,0,0,0,0,0,0,0,0,0,0,0,0,0,0,0,0,0,0,0,0,0,0,0,0,0,0,54,1339,2348,2585,1795,2046,2077,2262,2636,4002,4560,4960,2149,11,12,0,1248,1280,2999,2280,4010,4694,6877,8188,5431,5379,6374,5329,0,0,0
Toyota,Grand Highlander,ICE,0,0,0,0,0,0,0,0,0,0,0,0,0,0,0,0,0,0,0,0,0,0,0,0,0,0,0,0,0,0,0,0,0,0,0,0,0,0,0,0,0,0,0,0,0,0,0,0,0,0,0,0,0,0,0,0,0,0,0,0,0,0,0,0,0,0,0,0,0,0,0,0,0,0,0,0,0,0,0,0,0,0,0,0,0,0,0,0,0,0,0,0,0,0,0,0,0,0,0,0,0,105,4136,6114,7695,5585,5486,6277,4692,5469,6075,6794,7390,4393,2,3,0,2644,2710,5430,3305,5165,6264,6427,6631,6146,5475,6692,5165,12860,0,0
Toyota,Highlander,HV,268,256,295,305,323,311,304,377,367,375,318,516,375,396,492,442,473,528,524,506,383,356,483,1018,571,1339,1587,1663,1514,1478,1528,1419,1500,1266,1393,1606,976,1094,1401,1373,1687,1361,1120,1045,897,936,1136,1487,910,1242,1252,1104,1788,1646,1619,2029,1487,1556,1819,1796,1254,1061,1397,1115,2042,3136,4084,4751,5713,6886,6991,9454,5569,5667,7557,5605,4979,4877,5579,5471,5159,4844,4862,5263,4123,6207,6396,4376,4018,2915,1204,1297,1432,1278,4156,6565,4601,6227,10261,6531,3278,2650,2531,2724,2714,2284,2461,3427,1854,2161,2094,1656,1801,1426,1224,1352,2424,3110,3188,2487,1541,2083,3017,3191,3514,2032,1458,1235,1771,0,0,0
Toyota,Highlander,ICE,10792,11007,12744,13458,15109,13520,12423,12956,11943,12941,12423,15584,10883,12070,14457,14595,14310,12908,14689,14460,14554,17312,20758,24407,12085,14589,16471,16318,16601,15759,17489,17426,18859,16195,17684,19435,14508,14866,20037,17083,19625,20243,20039,22255,21089,19612,19003,21638,13503,16142,19572,16086,19760,18178,20709,26335,16807,17301,18143,18653,15530,19823,8825,5258,9093,10537,13734,16656,17292,14281,14363,19000,11942,13906,19190,21812,24816,18460,18631,14468,13876,13280,14926,13389,12912,16895,19493,14457,11870,13741,11578,14110,17427,16381,15731,13682,9265,12365,11746,12381,16969,16111,6092,3994,6859,6945,7498,8903,7610,8870,9444,7524,8184,7484,4534,5009,2636,1393,1428,765,1131,1739,2506,3081,3182,3039,3014,2831,2312,4943,0,0
Toyota,Land Cruiser,ICE,251,205,227,210,240,158,182,164,120,186,394,350,273,229,266,374,315,216,287,270,325,349,345,456,272,252,272,237,259,240,193,223,220,260,282,390,255,255,267,259,268,232,189,273,333,363,362,179,114,369,324,253,296,272,249,283,226,418,372,360,219,231,164,128,226,282,202,164,145,411,349,626,657,553,686,772,668,214,69,25,21,23,9,14,11,4,13,5,4,2,0,3,2,0,0,3,0,0,3,0,-1,2,0,0,2,0,0,1,0,0,0,0,0,0,0,0,0,0,0,0,0,0,0,0,0,0,0,0,0,2652,0,0
Toyota,Land Cruiser 250,MHV,0,0,0,0,0,0,0,0,0,0,0,0,0,0,0,0,0,0,0,0,0,0,0,0,0,0,0,0,0,0,0,0,0,0,0,0,0,0,0,0,0,0,0,0,0,0,0,0,0,0,0,0,0,0,0,0,0,0,0,0,0,0,0,0,0,0,0,0,0,0,0,0,0,0,0,0,0,0,0,0,0,0,0,0,0,0,0,0,0,0,0,0,0,0,0,0,0,0,0,0,0,0,0,0,0,0,0,0,0,0,0,669,728,2064,5594,6182,3059,2675,2743,5399,4879,4677,5860,4527,4508,2885,2658,3007,2145,0,0,0
Toyota,MIRAI,FCV,0,0,0,0,0,0,0,0,0,34,23,15,26,30,41,41,40,40,52,371,69,103,105,116,83,110,118,106,162,129,82,70,184,249,249,296,213,166,83,76,102,103,137,116,159,119,194,232,77,94,176,202,248,166,126,98,62,89,98,66,54,60,33,11,26,25,25,65,42,27,115,16,82,68,719,357,274,97,145,115,411,317,27,17,128,181,406,126,268,249,63,9,7,146,211,303,216,236,214,196,395,463,474,292,132,58,52,23,45,56,71,25,28,20,34,37,30,58,60,35,17,16,0,0,6,7,32,34,45,13,0,0
Toyota,N/A,HV,0,0,0,0,0,0,0,0,0,0,0,0,0,0,0,0,0,0,0,0,0,0,0,0,0,0,0,0,0,0,0,0,0,0,0,0,0,0,0,0,0,0,0,0,0,0,0,0,0,0,0,0,0,0,0,0,0,0,0,0,0,0,0,0,0,0,0,0,0,0,0,0,0,0,0,0,0,0,0,0,0,0,0,0,0,0,0,0,0,0,0,0,0,0,0,0,0,0,0,0,0,0,0,0,0,0,0,0,0,0,0,0,0,0,0,0,0,0,0,0,0,1,0,0,0,0,0,0,0,0,0,0
Toyota,N/A,ICE,0,0,0,0,0,0,0,0,0,0,0,0,0,0,0,0,0,0,0,0,0,0,0,0,0,0,0,0,0,0,0,0,0,0,0,0,0,0,0,0,0,0,0,0,0,0,0,0,0,0,0,0,0,0,0,0,0,0,0,0,0,0,0,0,0,0,0,0,0,0,0,0,0,0,0,0,0,0,0,0,0,0,0,0,0,0,0,0,0,0,0,0,0,0,0,0,0,0,0,0,0,0,0,0,0,0,0,0,2,3,0,0,1,0,0,0,11,0,0,1,0,0,0,2,1,0,0,1,1,0,0,0
Toyota,Other/Adjustment,ICE,0,0,0,0,0,0,0,0,0,0,0,0,0,0,0,0,0,0,0,0,0,0,0,0,0,0,0,0,0,0,0,0,0,0,0,0,0,0,0,0,0,0,0,0,0,0,0,0,0,0,0,0,0,0,0,0,0,0,0,0,0,0,0,0,0,0,0,0,0,0,0,0,0,0,0,0,0,0,0,0,0,0,0,0,0,0,0,0,0,0,0,0,0,0,0,0,0,0,0,0,0,0,0,0,0,0,0,0,0,0,0,0,0,0,0,0,0,-4933,4933,0,0,0,0,0,0,0,0,0,0,0,0,0
Toyota,Prius,HV,7316,7070,9485,8822,11921,9559,11203,10450,9952,9611,8287,10153,6333,7169,8130,8923,9389,8531,9930,10177,9790,5421,7284,7786,4553,5418,5798,5802,6064,5476,6034,6043,5722,4532,4787,5401,4011,3889,4064,3830,4760,4786,4531,5230,4370,3772,3180,3111,1540,1984,3564,3248,4605,4189,4197,5832,4347,4669,4723,4254,3039,3241,2297,1295,2513,3270,3264,2929,3187,2760,2094,2858,1914,2805,3191,4671,5632,2523,2746,2150,1604,1286,1125,2907,2606,2064,2778,3205,2829,1387,1183,1761,1913,2200,1636,2964,1444,451,2303,2806,3613,1472,3051,3867,3128,1005,2438,4080,3151,3673,2596,637,692,6,2729,3015,3832,3947,4045,3716,3655,3511,5727,5349,5109,2421,2718,3301,2111,2451,0,0
Toyota,Prius,PHV,401,397,473,428,727,464,584,344,216,91,44,22,10,6,7,4,4,11,4,2,4,0,781,1641,1366,1362,1618,1819,1908,1619,1645,1820,1899,1626,1834,2420,1496,2050,2922,2626,2924,2237,1984,2071,2213,2001,2312,2759,1123,1400,1625,1400,1900,1500,2341,2400,1800,2000,2000,1800,1200,1100,600,350,670,900,950,850,900,800,1043,1400,1030,1500,3610,3800,5000,3087,2800,2100,875,800,700,1154,980,900,950,1000,850,665,500,750,687,700,500,1943,1000,400,17,300,400,764,760,800,1343,500,1000,1098,1113,1298,1496,337,367,7,1078,1192,1423,1415,1451,1495,1229,1000,1531,1500,1550,1263,1400,1700,1702,0,0,0
Toyota,Prius v,HV,1913,1850,2516,2462,3152,2272,2620,3119,2575,2128,1643,2040,1205,1112,1331,1322,1215,1130,1358,1346,1222,1168,1058,1373,767,892,960,926,929,773,837,835,728,652,674,707,625,415,422,250,170,81,46,37,11,1,3,1,1,0,0,5,3,0,0,0,0,0,0,0,0,0,0,0,0,0,0,0,0,0,0,0,0,0,0,0,0,0,0,0,0,0,0,0,0,0,0,0,0,0,0,0,0,0,0,0,0,0,0,0,0,0,0,0,0,0,0,0,0,0,0,0,0,0,0,0,0,0,0,0,0,0,0,0,0,0,0,0,0,0,0,0
Toyota,RAV4,EV,7,2,4,4,0,0,0,0,0,1,0,0,0,0,0,0,0,0,0,0,0,0,0,0,0,0,0,0,0,0,0,0,0,0,0,0,0,0,0,0,0,0,0,0,0,0,0,0,0,0,0,0,0,0,0,0,0,0,0,0,0,0,0,0,0,0,0,0,0,0,0,0,0,0,0,0,0,0,0,0,0,0,0,0,0,0,0,0,0,0,0,0,0,0,0,0,0,0,0,0,0,0,0,0,0,0,0,0,0,0,0,0,0,0,0,0,0,0,0,0,0,0,0,0,0,0,0,0,0,0,0,0
Toyota,RAV4,HV,0,0,0,0,0,0,0,0,0,0,54,1430,1973,2438,3073,3807,4185,3751,4692,4919,4127,3551,3757,4773,2898,3080,3497,3516,4070,3709,4695,5128,5759,5012,4349,4846,3502,3657,4128,3790,4268,3866,4265,5058,4459,3986,3907,3236,1282,655,892,6556,10921,9013,10533,13881,9148,9460,10057,10127,8101,9874,5840,3198,8376,16813,13609,10406,9697,9866,9561,11104,7941,9062,11692,10099,9758,7054,12548,13271,9188,12135,11020,13214,11181,10313,15771,15771,16811,13913,16699,14446,9402,10491,7668,8086,5291,7839,8460,9812,11544,14919,13878,16990,15279,18916,19008,19357,16659,19415,21801,17822,19384,16445,13321,14720,12761,17489,17927,20612,17312,17677,14524,12780,16724,14565,15034,17736,12830,0,0,0
Toyota,RAV4,ICE,19817,21941,25239,22910,28808,24843,26709,30534,27104,28255,27314,30436,19581,23085,25972,26345,28076,23614,27179,28252,25311,22878,24359,32441,19257,23271,28530,28241,34286,30411,37109,38137,36636,29074,24387,27696,23153,26210,30809,27217,33934,33856,36828,37164,32981,30018,31443,35433,23223,25494,32274,27583,32578,30139,29112,35600,25738,28039,34608,31155,25985,28986,18845,11946,26751,18638,23408,28341,32761,31393,29437,34278,22938,25995,33621,28114,18505,28785,26959,14569,7217,9938,19649,18751,15954,20238,20850,16931,14922,15501,19996,17733,20643,22584,20116,24385,17471,20342,19911,16721,19754,22424,22236,20419,19161,19965,21818,25082,17764,20703,20713,18254,19853,22408,17708,19566,16454,20140,20644,21537,16544,18636,24354,25877,25258,21612,24039,23775,21817,39663,0,0
Toyota,RAV4,PHV,0,0,0,0,0,0,0,0,0,0,0,0,0,0,0,0,0,0,0,0,0,0,0,0,0,0,0,0,0,0,0,0,0,0,0,0,0,0,0,0,0,0,0,0,0,0,0,0,0,0,0,0,0,0,0,0,0,0,0,0,0,0,0,0,0,7,99,484,409,438,666,1070,792,1100,1114,950,700,2975,3000,2400,3100,3400,4000,2185,2800,2500,1585,1800,1500,2544,1300,1000,1237,1400,1200,1018,1100,1400,2605,2800,3200,1139,2300,2500,3051,2200,2500,2605,2282,2659,2826,3077,3347,2883,2577,2848,2081,2156,2210,2147,2394,1330,2631,3300,3300,633,700,800,1952,0,0,0
Toyota,Sequoia,ICE,904,856,1051,992,1145,1144,1015,1048,1144,1303,974,1007,852,954,1199,1172,1126,994,1025,905,907,939,1123,1575,1146,1179,1112,948,964,862,963,864,961,996,1009,1152,923,899,1006,860,868,885,907,785,972,892,993,1131,726,841,843,592,793,769,1041,1122,856,915,915,876,499,578,331,254,384,482,637,750,818,835,747,1049,705,616,716,749,799,753,742,533,498,462,723,774,261,104,57,24,9,22,11,8,10,41,93,3,77,1294,48,1794,1782,1617,87,2336,97,159,2011,1,0,1,0,0,0,0,1,1,1,0,1,1,0,0,0,0,0,0,0,0,0,2592,0,0
Toyota,Sequoia,MHV,0,0,0,0,0,0,0,0,0,0,0,0,0,0,0,0,0,0,0,0,0,0,0,0,0,0,0,0,0,0,0,0,0,0,0,0,0,0,0,0,0,0,0,0,0,0,0,0,0,0,0,0,0,0,0,0,0,0,0,0,0,0,0,0,0,0,0,0,0,0,0,0,0,0,0,0,0,0,0,0,0,0,0,0,0,0,0,0,0,0,0,0,1,993,1719,2070,1205,0,1804,0,0,0,1567,0,2126,1902,0,2467,1710,1993,2254,2187,2379,2344,2169,2397,1853,2321,2380,2104,1381,1830,1896,2602,2387,2126,2278,1950,2036,0,0,0
Toyota,Sienna,HV,0,0,0,0,0,0,0,0,0,0,0,0,0,0,0,0,0,0,0,0,0,0,0,0,0,0,0,0,0,0,0,0,0,0,0,0,0,0,0,0,0,0,0,0,0,0,0,0,0,0,0,0,0,0,0,0,0,0,0,0,0,0,0,0,0,0,0,0,0,0,2658,6909,6925,7474,11634,12165,10120,8674,8810,8965,7722,7365,9088,8080,7138,6080,6833,4904,4631,4805,3927,4814,6498,7568,6234,6107,2506,2745,5235,4766,6267,6418,6158,7344,6307,6343,6594,5857,5018,5849,5205,5446,5923,5417,5344,5904,6663,8498,8710,7031,6448,8080,9031,10312,10540,8344,7465,7846,7801,0,0,0
Toyota,Sienna,ICE,8933,10935,12855,11353,14397,12908,11416,11249,10527,10455,10062,12407,10992,11541,11996,10795,11485,11416,11734,10282,9269,7859,9253,11169,7285,8965,9770,10242,10434,9462,11100,10853,9512,7255,7670,8941,8548,7512,7559,7938,7346,7101,6757,7092,7520,6854,6726,6719,4979,5286,8351,6951,8353,7163,6552,6172,4438,4801,5363,5176,4039,4780,3057,922,1842,2568,3432,4017,4124,2885,962,690,110,64,371,21,0,84,45,136,127,5,3,2,2,1,7,0,8,0,8,2,0,0,184,0,0,0,1,2,0,0,0,0,4,0,0,0,0,2,0,3,3,2,4,4,2,4,4,1,0,0,2,3,1,1,1,0,1,8470,0,0
Toyota,Supra,ICE,0,0,0,0,0,0,0,0,0,0,0,0,0,0,0,0,0,0,0,0,0,0,0,0,0,0,0,0,0,0,0,0,0,0,0,0,0,0,0,0,0,0,0,0,0,0,0,0,0,0,0,0,0,0,320,643,514,516,487,404,354,393,266,208,518,555,536,515,453,688,694,707,396,488,841,995,1075,753,528,318,431,281,216,508,359,311,437,478,542,557,532,415,224,491,348,258,310,329,247,263,231,256,155,137,184,84,227,245,130,152,202,354,385,272,293,324,217,107,109,70,110,132,179,177,325,308,246,311,221,320,0,0
Toyota,Tacoma,ICE,11409,12372,15885,15656,17520,15959,17033,16230,11608,15233,13465,17192,12717,14172,17687,18106,16544,15809,16580,15373,15723,15875,15531,17514,12509,14256,16728,17006,17654,16443,17372,17394,18058,15804,16195,18705,16712,16817,20250,18811,21380,22296,21844,23534,22265,20534,19685,21531,16852,18533,22798,20375,22832,20476,20416,27010,18330,19725,20727,20727,16970,20970,15696,14474,23723,12866,17136,19559,22225,23914,22205,29068,18789,20798,26862,23463,23144,26240,23185,20191,17959,14545,18042,19302,14764,15891,22527,18433,16883,20150,24530,22052,20642,21632,20007,20855,18619,16719,18319,22448,20661,20153,20030,21238,21568,16731,19015,19475,6118,7130,8310,15781,17164,14717,17358,19180,16521,19799,20296,20995,17256,15291,21282,20407,23420,18935,23686,23376,18038,22660,0,0
Toyota,Tacoma,MHV,0,0,0,0,0,0,0,0,0,0,0,0,0,0,0,0,0,0,0,0,0,0,0,0,0,0,0,0,0,0,0,0,0,0,0,0,0,0,0,0,0,0,0,0,0,0,0,0,0,0,0,0,0,0,0,0,0,0,0,0,0,0,0,0,0,0,0,0,0,0,0,0,0,0,0,0,0,0,0,0,0,0,0,0,0,0,0,0,0,0,0,0,0,0,0,0,0,0,0,0,0,0,0,0,0,0,0,0,0,0,0,0,5,212,1332,1471,1506,1579,1619,1720,1510,1819,2667,2629,3084,2573,2739,3398,2354,0,0,0
Toyota,Tundra,ICE,8197,9052,11508,10681,11650,9926,10511,10057,8044,9514,8590,11150,7232,8301,10002,10259,9739,9433,10474,9875,9507,9533,9578,11556,6628,7234,9358,9912,10677,9843,10546,10320,11159,10022,9700,10886,7644,7977,10697,9457,10062,9955,9478,11058,11454,9571,9689,11216,7159,7590,10351,8862,10657,9878,11088,12427,8050,8081,8816,8714,6843,8305,6510,7231,11226,8765,8744,10632,8558,10176,10182,12031,6426,5996,6712,7587,9992,7152,6466,5780,8902,9463,3388,4095,5017,6555,11071,7700,6249,6530,8596,7660,7909,6612,7163,7714,5056,7363,8363,8942,7844,8151,8417,8334,9072,8018,6588,8478,6571,7658,9971,8877,9654,8856,10345,11430,10482,12374,12685,13615,9148,9095,11927,11341,11083,8942,10600,9174,7570,10811,0,0
Toyota,Tundra,MHV,0,0,0,0,0,0,0,0,0,0,0,0,0,0,0,0,0,0,0,0,0,0,0,0,0,0,0,0,0,0,0,0,0,0,0,0,0,0,0,0,0,0,0,0,0,0,0,0,0,0,0,0,0,0,0,0,0,0,0,0,0,0,0,0,0,0,0,0,0,0,0,0,0,0,0,0,0,0,0,0,0,0,0,0,0,0,0,0,407,787,1620,2265,2153,2776,2811,2261,1524,2952,2570,2375,2423,2349,2159,2379,2592,2253,2628,4035,3070,3579,5366,5128,5577,4147,2583,2855,1374,974,999,1358,1216,1686,2478,2685,2873,2492,2941,3057,2637,0,0,0
Toyota,Venza,HV,0,0,0,0,0,0,0,0,0,0,0,0,0,0,0,0,0,0,0,0,0,0,0,0,0,0,0,0,0,0,0,0,0,0,0,0,0,0,0,0,0,0,0,0,0,0,0,0,0,0,0,0,0,0,0,0,0,0,0,0,0,0,0,0,0,0,0,44,1624,3359,3524,4522,3375,3793,6455,8265,9241,4705,4852,5505,4302,3529,2785,5181,4436,3674,2726,2248,2990,2592,2087,1143,1235,3527,4063,2924,2946,2448,2190,1678,1549,2384,2827,3159,3190,2923,2360,2555,2130,2483,3348,4519,4914,4133,3095,3420,1748,484,497,1315,502,131,39,11,6,3,4,3,4,0,0,0
Toyota,Venza,ICE,2105,2272,2404,2101,2298,2017,2229,2147,1584,1191,602,401,184,124,107,57,31,40,20,11,6,4,4,1,4,1,4,2,0,2,0,0,1,0,0,0,0,0,0,0,0,0,0,0,0,0,1,8,0,0,1,1,0,0,0,2,5,0,0,0,0,0,0,0,0,0,0,0,0,0,0,0,0,0,0,0,0,0,0,0,0,0,0,0,0,0,0,0,0,0,0,0,0,0,0,0,0,0,0,0,0,0,0,0,0,0,0,0,0,0,0,0,0,0,0,0,0,0,0,0,0,0,0,0,0,0,0,0,0,0,0,0
Toyota,Vitz (Yaris),ICE,1442,1364,2518,2153,2401,2810,1403,858,586,519,348,377,548,908,1227,1365,1236,1300,794,440,339,924,1031,760,1330,1057,1377,1522,852,718,361,629,200,202,202,203,174,136,144,131,139,147,162,228,242,353,140,98,77,55,52,68,47,25,19,12,16,432,692,691,588,668,400,233,380,362,333,382,278,198,93,68,19,17,25,22,16,6,0,1,2,0,0,0,0,0,0,0,0,0,0,0,0,0,0,0,0,0,0,0,0,0,0,0,0,0,0,0,0,0,0,0,0,0,0,0,0,0,0,0,0,0,0,0,0,0,0,0,0,0,0,0
Toyota,Yaris iA,ICE,0,0,0,0,0,0,0,0,0,0,0,0,0,0,0,0,0,0,0,0,1192,1160,1684,1997,1951,2801,4083,3479,3444,2990,3333,3391,3122,2676,2549,1908,2132,2456,2918,3063,2861,2315,2306,2062,1450,1102,1296,1154,1246,2517,3947,3817,2906,1900,1351,819,317,451,218,241,287,280,193,87,133,118,194,337,402,233,109,81,26,20,24,9,11,6,0,0,1,0,0,0,0,0,0,0,0,0,0,0,0,0,0,0,0,0,0,0,0,0,0,0,0,0,0,0,0,0,0,0,0,0,0,0,0,0,0,0,0,0,0,0,0,0,0,0,0,0,0,0
Toyota,bZ4X/bZ,EV,0,0,0,0,0,0,0,0,0,0,0,0,0,0,0,0,0,0,0,0,0,0,0,0,0,0,0,0,0,0,0,0,0,0,0,0,0,0,0,0,0,0,0,0,0,0,0,0,0,0,0,0,0,0,0,0,0,0,0,0,0,0,0,0,0,0,0,0,0,0,0,0,0,0,0,0,0,0,0,0,0,0,0,0,0,0,0,0,189,43,0,2,1,0,335,634,460,502,742,753,585,623,734,972,1121,1310,880,669,494,576,827,2979,3239,1353,1323,1462,1324,1550,1589,1854,2242,1690,1678,1064,1352,1223,1934,1020,61,18,0,0
VW,Arteon,ICE,0,0,0,0,0,0,0,0,0,0,0,0,0,0,0,0,0,0,0,0,0,0,0,0,0,0,0,0,0,0,0,0,0,0,0,0,0,0,0,0,0,0,0,0,0,0,0,0,0,0,0,78,245,275,252,329,304,366,317,283,202,286,300,252,257,288,328,359,369,309,256,396,308,312,479,522,597,563,766,729,589,387,191,94,24,18,5,12,2,109,148,316,307,307,251,243,200,152,176,182,203,242,233,234,217,190,147,171,143,163,199,122,129,168,87,97,79,22,22,25,6,6,8,1,1,0,0,0,0,0,0,0
VW,Beetle,ICE,1389,1902,2444,2389,2685,2282,2309,2127,1539,1279,1011,1311,939,912,1468,1171,1178,1105,1528,1519,1341,1507,1403,1596,1081,1330,1497,1497,1829,1587,1359,1224,1065,796,1066,835,1112,1007,1759,1469,1492,1128,1785,1399,999,796,548,917,971,1457,2027,1566,1691,1686,2224,1916,1208,967,790,712,698,574,338,310,282,130,84,28,17,2,6,12,0,-9,9,0,2,-2,0,-1,1,0,0,1,0,0,1,2,0,3,0,0,0,0,0,0,0,0,0,0,0,1,0,0,0,0,0,0,0,0,0,0,0,0,0,0,0,0,0,0,0,0,0,0,0,0,0,0,0,0,0,0
VW,Eos,ICE,156,118,213,252,349,258,246,208,356,394,201,242,123,110,109,39,6,0,0,0,0,0,0,0,0,0,0,0,1,0,0,0,0,0,0,0,0,0,0,0,0,0,0,0,0,0,0,0,0,0,0,0,0,0,0,0,0,0,0,0,0,0,0,0,0,0,0,0,0,0,0,0,0,0,0,0,0,0,0,0,0,0,0,0,0,0,0,0,0,0,0,0,0,0,0,0,0,0,0,0,0,0,0,0,0,0,0,0,0,0,0,0,0,0,0,0,0,0,0,0,0,0,0,0,0,0,0,0,0,0,0,0
VW,Golf,EV,181,130,195,309,410,293,313,381,343,596,472,609,328,198,86,326,269,248,344,454,529,407,305,443,332,293,342,307,381,232,308,317,187,203,289,343,178,198,164,128,76,32,18,32,14,62,230,222,164,118,581,400,264,366,460,689,554,637,366,264,150,154,60,37,38,49,74,82,53,42,8,23,3,4,15,2,7,2,0,0,0,0,0,0,0,0,0,0,0,0,0,0,0,0,0,0,0,0,0,0,0,0,0,0,0,0,0,0,0,0,0,0,0,0,0,0,0,0,0,0,0,0,0,0,0,0,0,0,0,0,0,0
VW,Golf,ICE,2040,1650,1869,1739,1972,1967,1890,1873,1193,1099,774,1191,986,887,1069,1104,1013,1021,1246,1141,1082,1005,1340,1870,1213,1094,1035,1249,1281,1298,1267,1436,1264,857,783,775,495,505,913,780,765,578,569,567,499,390,300,281,230,292,865,772,860,518,371,370,396,338,318,314,2572,2888,1874,1889,2384,2280,2574,2234,1662,1352,1361,2016,1214,1313,1666,1626,1443,607,313,128,21,40,34,735,266,1166,893,992,921,1155,816,731,369,325,468,323,397,381,711,769,970,1148,1428,1355,1011,871,726,922,1078,1323,1244,1073,1145,1208,1464,1632,1346,1212,1215,1328,755,829,1078,961,964,825,999,1062,911,668,0,0
VW,Golf GTI,ICE,1978,1779,1997,1905,1826,1820,1780,1907,1825,2520,1963,2369,1496,1633,1968,1988,1735,2032,2417,2081,1837,1754,2216,2777,1731,1864,2010,1702,1734,1692,1747,2117,2217,2006,1754,1912,1687,1618,1821,1385,1396,1282,1159,1525,1428,1293,1045,1045,995,1189,1406,1199,1179,979,879,936,654,723,768,765,0,0,0,0,0,0,0,0,0,0,0,0,0,0,0,0,0,0,0,0,0,0,0,0,0,0,0,0,0,0,0,0,0,0,0,0,0,0,0,0,0,0,0,0,0,0,0,0,0,0,0,0,0,0,0,0,0,0,0,0,0,0,0,0,0,0,0,0,0,0,0,0
VW,Golf R,ICE,0,362,478,327,312,192,132,436,462,518,273,649,477,292,404,678,433,286,222,107,204,395,449,546,443,497,521,367,282,216,158,100,71,31,14,6,3,0,346,892,529,470,332,321,227,144,116,88,36,19,89,411,424,479,451,693,436,435,356,394,0,0,0,0,0,0,0,0,0,0,0,0,0,0,0,0,0,0,0,0,0,0,0,0,0,0,0,0,0,0,0,0,0,0,0,0,0,0,0,0,0,0,0,0,0,0,0,0,0,0,0,0,0,0,0,0,0,0,0,0,0,0,0,0,0,0,0,0,0,0,0,0
VW,Golf SportWagen,ICE,0,0,104,1228,1788,1873,2602,2478,1428,983,628,897,706,635,968,1012,1025,1019,1122,1057,933,1576,2174,3332,2047,2094,2461,3562,3525,2442,2103,1991,1946,1600,1436,1493,1178,1280,1626,1481,1261,1190,1092,1148,1165,1116,797,789,349,452,1001,900,1107,1314,1169,1120,877,830,945,927,0,0,0,0,0,0,0,0,0,0,0,0,0,0,0,0,0,0,0,0,0,0,0,0,0,0,0,0,0,0,0,0,0,0,0,0,0,0,0,0,0,0,0,0,0,0,0,0,0,0,0,0,0,0,0,0,0,0,0,0,0,0,0,0,0,0,0,0,0,0,0,0
VW,ID.4,EV,0,0,0,0,0,0,0,0,0,0,0,0,0,0,0,0,0,0,0,0,0,0,0,0,0,0,0,0,0,0,0,0,0,0,0,0,0,0,0,0,0,0,0,0,0,0,0,0,0,0,0,0,0,0,0,0,0,0,0,0,0,0,0,0,0,0,0,0,0,0,0,0,0,0,474,1109,2258,2389,2920,1790,1339,1900,974,1589,856,1027,872,615,409,636,2730,1905,2022,2503,2893,4043,3426,3031,3301,1494,2360,2836,3151,3471,4085,3464,3099,4071,1483,2590,2094,1721,2044,1925,1489,1660,1369,0,0,646,2174,2387,3102,696,698,598,4189,4457,3824,52,0,0
VW,ID.Buzz,EV,0,0,0,0,0,0,0,0,0,0,0,0,0,0,0,0,0,0,0,0,0,0,0,0,0,0,0,0,0,0,0,0,0,0,0,0,0,0,0,0,0,0,0,0,0,0,0,0,0,0,0,0,0,0,0,0,0,0,0,0,0,0,0,0,0,0,0,0,0,0,0,0,0,0,0,0,0,0,0,0,0,0,0,0,0,0,0,0,0,0,0,0,0,0,0,0,0,0,0,0,0,0,0,0,0,0,0,0,0,0,0,0,0,0,0,0,0,375,376,411,539,592,770,197,198,169,829,882,758,301,0,0
VW,Jetta,HV,50,36,45,41,55,66,91,98,77,64,52,65,46,39,47,46,47,44,87,128,76,48,45,56,13,12,9,10,10,4,4,6,1,1,0,0,0,0,0,0,0,0,1,0,0,0,0,0,0,0,0,0,0,0,0,0,0,0,0,0,0,0,0,0,0,0,0,0,0,0,0,0,0,0,0,0,0,0,0,0,0,0,0,0,0,0,0,0,0,0,0,0,0,0,0,0,0,0,0,0,0,0,0,0,0,0,0,0,0,0,0,0,0,0,0,0,0,0,0,0,0,0,0,0,0,0,0,0,0,0,0,0
VW,Jetta,ICE,8919,10775,11538,11659,12820,11014,11471,11014,7696,8485,10970,14008,8131,9336,10424,10648,10898,8573,11363,11592,8223,8020,10167,13023,6833,8005,9691,9388,11525,9995,11049,12403,12037,9216,8362,7233,4531,4592,5527,4313,6821,7239,6937,10597,10631,10148,9207,10261,6875,7109,9105,7745,9653,8486,8086,9592,8090,8582,8966,8164,6748,8189,6457,4542,5547,5882,6630,6570,6916,6954,8281,9947,6284,6620,9810,8880,7756,3659,3521,3010,3181,3360,4080,1806,1279,3550,6049,5693,4792,2428,2542,3291,3360,2992,1078,1206,1361,1251,1962,3329,3734,4587,4103,3598,6631,6726,5269,4857,3627,3270,6127,4370,7903,8235,6388,7121,5870,6107,6120,6691,5045,5538,7195,5082,5100,4363,3792,4034,3461,3368,0,0
VW,N/A,ICE,0,0,0,0,0,0,0,0,0,0,0,0,0,0,0,0,0,0,0,0,0,0,0,0,0,0,0,0,0,0,0,0,0,0,0,0,0,0,0,0,0,0,0,0,0,0,0,0,0,0,0,0,0,0,0,0,0,0,0,0,0,0,0,0,0,0,0,0,0,0,0,0,0,0,31,0,0,64,0,0,8,0,0,0,0,0,0,-2,-3,0,0,0,0,0,0,0,0,0,3,0,0,0,0,0,0,0,0,0,0,0,0,0,0,0,0,0,0,0,0,0,0,0,0,0,0,0,0,0,2,0,0,0
VW,Passat (Santana),ICE,6305,6309,7794,6623,8180,6984,6904,7409,7228,8116,2759,3596,3586,4380,6097,5629,7129,5992,6549,7389,6335,6234,6441,7241,5887,6114,6266,6148,5455,5267,5143,5714,4636,3937,3140,3015,2434,3036,4292,4044,4757,3793,4003,3873,3295,2602,2156,3116,2899,2097,2762,1607,1294,797,628,572,314,211,228,714,1344,2716,1916,969,1534,1616,2271,2114,1704,2059,2283,2432,1113,1299,2123,2129,2617,2086,1594,1618,1925,2328,2820,2744,1724,457,164,43,14,6,3,1,4,0,0,3,0,0,0,0,0,0,0,0,0,0,0,0,0,0,0,0,0,0,0,0,0,0,0,0,0,0,0,0,0,0,0,0,0,0,0,0
VW,Passat CC,ICE,531,417,513,516,582,522,479,546,384,678,475,633,379,251,361,230,292,168,193,247,234,240,268,374,167,179,216,150,109,98,95,97,71,58,61,54,49,46,57,44,67,31,32,62,21,30,5,11,9,4,9,5,6,5,6,3,3,2,4,2,14,0,3,0,1,2,63,6,1,3,0,3,0,0,0,0,0,0,0,0,0,-1,0,0,0,0,1,0,0,0,0,0,0,0,0,0,0,0,0,0,0,0,0,0,0,0,0,0,0,0,0,0,0,1,0,0,0,0,0,0,0,0,0,0,0,0,0,0,0,0,0,0
VW,Taos,ICE,0,0,0,0,0,0,0,0,0,0,0,0,0,0,0,0,0,0,0,0,0,0,0,0,0,0,0,0,0,0,0,0,0,0,0,0,0,0,0,0,0,0,0,0,0,0,0,0,0,0,0,0,0,0,0,0,0,0,0,0,0,0,0,0,0,0,0,0,0,0,0,0,0,0,0,0,82,4857,8259,3221,1624,5081,2965,5593,5151,4509,4014,3718,5160,5403,7276,5981,5623,4978,3801,3489,3835,4899,4709,4675,4646,4403,4106,5691,6620,5573,4959,4773,3351,4162,4295,3999,8696,7773,5075,5658,4664,5232,5244,5733,4791,5260,6834,4856,4873,4169,3273,3481,2987,4687,0,0
VW,Tiguan,ICE,1473,1819,2300,2402,3079,2604,2407,3165,2972,4815,3907,4900,2528,3245,3519,3804,4394,3066,3379,3302,2988,3322,4516,5575,3516,3425,3270,2939,2068,1747,2077,3521,4301,5111,6947,8061,8370,9341,9717,8684,9934,9349,7957,8557,7918,7586,7067,8542,6705,8145,11847,10564,10692,9378,8968,10958,8039,8333,8403,7931,8053,7842,6281,6532,9545,9241,9061,10148,8875,8825,7141,9160,6919,7557,12789,13026,14359,10503,6969,5648,7230,6833,8265,9646,7922,5696,4615,6728,6571,7196,8773,8774,8061,8600,8310,7331,5750,6475,7522,7731,6624,4683,5023,5466,6425,6375,7115,7039,5510,6526,9590,9780,5601,5657,6998,7802,6431,9838,9859,10780,4374,4802,6239,4013,4027,3446,7408,7881,6761,8481,0,0
VW,Touareg,HV,2,1,3,0,6,2,1,0,0,0,1,0,0,0,0,0,0,0,1,0,0,0,0,0,0,0,0,0,0,0,0,0,0,0,0,0,0,0,0,0,0,0,0,0,0,0,0,0,0,0,0,0,0,0,0,0,0,0,0,0,0,0,0,0,0,0,0,0,0,0,0,0,0,0,0,0,0,0,0,0,0,0,0,0,0,0,0,0,0,0,0,0,0,0,0,0,0,0,0,0,0,0,0,0,0,0,0,0,0,0,0,0,0,0,0,0,0,0,0,0,0,0,0,0,0,0,0,0,0,0,0,0
VW,Touareg,ICE,480,412,532,619,694,559,675,690,638,840,396,486,354,403,394,437,360,255,307,367,330,271,348,396,247,238,317,238,204,386,475,282,221,252,201,484,404,271,263,170,190,150,136,120,67,108,85,58,38,29,19,12,14,18,6,7,8,1,1,7,0,0,2,2,0,2,26,5,3,0,0,14,0,-1,1,0,0,0,0,0,0,0,0,0,0,0,0,0,0,0,0,0,0,0,0,0,0,0,0,0,0,0,0,0,0,0,0,0,0,0,0,0,0,0,0,0,0,0,0,0,0,0,0,0,0,0,0,0,0,0,0,0
VW,Atlas,ICE,0,0,0,0,0,0,0,0,0,0,0,0,0,0,0,0,0,0,0,0,0,0,0,0,0,0,0,0,1610,2413,1306,2807,4095,3664,5154,6070,4303,4766,6063,5404,3923,3699,6499,4054,4291,4725,5233,6717,3803,4795,7381,6050,8273,7424,7688,8227,6064,6647,7756,7400,5172,5700,4389,5510,5356,5455,6612,8427,9150,9648,8119,13678,8324,8674,13522,15060,15331,8986,7603,7356,7959,9401,7837,5634,4870,4232,5632,7673,7838,10167,9878,8646,7263,5746,4719,5361,5496,5917,6898,7115,7339,7863,7446,8556,8906,9011,10359,10769,6262,7995,11069,11113,9484,8465,9243,10304,8494,10316,10338,11304,7262,7972,10357,9138,9171,7849,8975,9547,8192,7641,0,0
Volvo Cars,C40 Recharge,EV,0,0,0,0,0,0,0,0,0,0,0,0,0,0,0,0,0,0,0,0,0,0,0,0,0,0,0,0,0,0,0,0,0,0,0,0,0,0,0,0,0,0,0,0,0,0,0,0,0,0,0,0,0,0,0,0,0,0,0,0,0,0,0,0,0,0,0,0,0,0,0,0,0,0,0,0,0,0,0,0,0,0,0,42,76,159,389,522,554,351,82,132,112,456,518,429,292,341,532,904,832,1632,564,359,330,304,284,215,0,0,0,0,0,0,0,0,0,0,0,0,0,0,0,0,0,0,0,0,0,0,0,0
Volvo Cars,EC40,EV,0,0,0,0,0,0,0,0,0,0,0,0,0,0,0,0,0,0,0,0,0,0,0,0,0,0,0,0,0,0,0,0,0,0,0,0,0,0,0,0,0,0,0,0,0,0,0,0,0,0,0,0,0,0,0,0,0,0,0,0,0,0,0,0,0,0,0,0,0,0,0,0,0,0,0,0,0,0,0,0,0,0,0,0,0,0,0,0,0,0,0,0,0,0,0,0,0,0,0,0,0,0,0,0,0,0,0,0,91,105,93,111,91,124,106,182,242,76,82,117,94,109,112,39,19,36,0,3,0,0,0,0
Volvo Cars,EX30,EV,0,0,0,0,0,0,0,0,0,0,0,0,0,0,0,0,0,0,0,0,0,0,0,0,0,0,0,0,0,0,0,0,0,0,0,0,0,0,0,0,0,0,0,0,0,0,0,0,0,0,0,0,0,0,0,0,0,0,0,0,0,0,0,0,0,0,0,0,0,0,0,0,0,0,0,0,0,0,0,0,0,0,0,0,0,0,0,0,0,0,0,0,0,0,0,0,0,0,0,0,0,0,0,0,0,0,0,0,0,0,0,0,0,0,0,0,11,0,0,229,388,269,528,631,388,364,589,768,542,309,0,0
Volvo Cars,EX40,EV,0,0,0,0,0,0,0,0,0,0,0,0,0,0,0,0,0,0,0,0,0,0,0,0,0,0,0,0,0,0,0,0,0,0,0,0,0,0,0,0,0,0,0,0,0,0,0,0,0,0,0,0,0,0,0,0,0,0,0,0,0,0,0,0,0,0,0,0,0,0,0,0,0,0,0,0,0,0,0,0,0,0,0,0,0,0,0,0,0,0,0,0,0,0,0,0,0,0,0,0,0,0,0,0,0,0,0,0,0,0,0,0,0,0,0,0,0,0,0,0,240,316,356,431,429,300,347,379,296,115,0,0
Volvo Cars,EX90,EV,0,0,0,0,0,0,0,0,0,0,0,0,0,0,0,0,0,0,0,0,0,0,0,0,0,0,0,0,0,0,0,0,0,0,0,0,0,0,0,0,0,0,0,0,0,0,0,0,0,0,0,0,0,0,0,0,0,0,0,0,0,0,0,0,0,0,0,0,0,0,0,0,0,0,0,0,0,0,0,0,0,0,0,0,0,0,0,0,0,0,0,0,0,0,0,0,0,0,0,0,0,0,0,0,0,0,0,0,0,0,0,0,0,0,0,85,24,269,272,208,417,278,305,316,242,414,181,348,421,281,0,0
Volvo Cars,S60,ICE,0,0,0,0,0,0,0,0,0,0,0,0,493,865,1277,921,915,1628,1906,1149,927,1237,1371,2093,611,1074,1263,1002,1080,1026,936,1162,1118,1216,870,1098,712,797,634,583,544,592,824,761,601,522,757,256,1358,1023,1428,1217,1682,1644,1057,1162,1568,2091,1303,1512,683,994,866,529,822,896,935,1067,1550,870,1450,1095,1167,1082,967,665,578,373,467,696,326,384,260,463,863,242,541,130,92,185,328,305,142,184,135,507,207,351,498,130,192,894,375,564,1149,1273,1278,709,623,597,2355,780,765,919,550,792,278,49,32,142,100,305,10,53,43,31,21,4,34,0,0,0
Volvo Cars,S60,PHV,0,0,0,0,0,0,0,0,0,0,0,0,0,0,0,0,0,0,0,0,0,0,0,0,0,0,0,0,0,0,0,0,0,0,0,0,0,0,0,0,0,0,0,0,0,0,0,0,0,0,0,15,25,38,25,41,46,102,89,100,38,32,22,20,29,28,24,27,26,49,27,27,74,104,160,140,127,113,88,165,555,454,525,617,300,250,250,175,120,114,150,150,233,300,288,167,151,112,185,200,166,239,220,209,250,350,315,340,211,250,1000,600,600,570,470,680,320,200,145,101,80,90,100,12,30,6,8,10,0,0,0,0
Volvo Cars,S60/V60,ICE,0,0,0,0,0,0,0,0,0,0,0,0,0,0,0,0,0,0,0,0,0,0,0,0,0,0,0,0,0,0,0,0,0,0,0,0,0,0,0,0,0,0,0,0,0,0,0,0,0,0,0,0,0,0,0,0,0,0,0,0,0,0,0,0,0,0,0,0,0,0,0,0,0,0,0,0,0,0,0,0,0,0,0,0,0,0,0,0,0,0,0,0,0,0,0,0,0,0,0,0,0,0,0,0,0,0,0,0,0,0,0,0,0,0,0,0,0,0,0,0,0,0,0,0,0,0,0,0,0,175,0,0
Volvo Cars,S80,ICE,0,0,0,0,0,0,0,0,0,0,0,0,41,43,62,47,51,81,79,99,58,20,52,13,1,2,0,2,0,0,0,1,0,0,0,1,0,0,0,0,0,0,0,0,0,0,0,0,0,0,0,0,0,0,0,0,0,0,0,0,0,0,0,0,0,0,0,0,0,0,0,0,0,0,0,0,0,0,0,0,0,0,0,0,0,0,0,0,0,0,0,0,0,0,0,0,0,0,0,0,0,0,0,0,0,0,0,0,0,0,0,0,0,0,0,0,0,0,0,0,0,0,0,0,0,0,0,0,0,0,0,0
Volvo Cars,S90,ICE,0,0,0,0,0,0,0,0,0,0,0,0,0,0,0,0,0,8,259,194,147,351,670,1127,224,369,448,484,473,956,855,918,865,906,1265,766,520,590,607,554,751,760,711,470,497,364,353,408,311,207,164,235,96,125,137,46,738,80,69,74,32,63,64,32,81,120,193,382,490,69,161,86,66,99,102,45,46,24,20,15,12,16,14,51,78,89,192,112,114,132,90,62,46,79,90,135,165,125,143,129,162,131,127,78,118,93,78,45,113,90,34,68,130,65,88,131,191,112,54,168,80,143,125,78,123,65,36,61,81,0,0,0
Volvo Cars,S90,PHV,0,0,0,0,0,0,0,0,0,0,0,0,0,0,0,0,0,0,0,0,0,0,0,0,0,0,0,0,0,0,0,0,0,28,32,52,27,29,52,29,30,35,16,22,32,27,25,58,83,11,17,23,10,13,7,7,39,16,30,7,2,3,7,2,9,12,9,10,13,11,16,12,3,33,7,12,11,5,5,4,6,4,4,4,10,3,5,10,13,5,1,2,2,1,8,2,7,5,5,5,6,6,3,5,2,3,5,5,5,8,8,10,15,10,10,12,10,15,7,10,10,10,9,10,15,20,15,20,15,5,0,0
Volvo Cars,S90/V90,ICE,0,0,0,0,0,0,0,0,0,0,0,0,0,0,0,0,0,0,0,0,0,0,0,0,0,0,0,0,0,0,0,0,0,0,0,0,0,0,0,0,0,0,0,0,0,0,0,0,0,0,0,0,0,0,0,0,0,0,0,0,0,0,0,0,0,0,0,0,0,0,0,0,0,0,0,0,0,0,0,0,0,0,0,0,0,0,0,0,0,0,0,0,0,0,0,0,0,0,0,0,0,0,0,0,0,0,0,0,0,0,0,0,0,0,0,0,0,0,0,0,0,0,0,0,0,0,0,0,0,62,0,0
Volvo Cars,V60,ICE,0,0,0,0,0,0,0,0,0,0,0,0,223,406,499,359,343,1027,723,756,376,339,507,573,248,425,325,750,539,759,248,238,204,176,217,240,281,207,522,809,638,144,527,438,306,298,77,46,42,35,73,27,60,307,227,253,337,357,541,405,300,359,211,152,390,562,587,696,765,294,259,342,330,408,325,271,283,204,237,292,216,191,137,161,100,100,174,166,68,134,52,81,76,164,122,148,165,140,200,197,108,204,127,171,102,152,149,247,204,210,240,228,245,295,197,249,234,349,205,203,185,472,356,205,977,410,182,225,314,0,0,0
Volvo Cars,V90,ICE,0,0,0,0,0,0,0,0,0,0,0,0,0,0,0,0,0,0,0,0,0,0,0,0,4,33,98,478,147,145,223,285,230,244,232,330,172,190,242,180,247,282,172,317,279,195,221,198,120,149,165,75,100,88,68,88,317,108,92,137,68,75,45,31,88,131,130,284,215,66,61,100,67,121,96,61,79,67,52,66,59,50,67,92,66,55,0,97,57,46,46,35,36,33,40,29,40,24,63,58,60,64,46,37,21,51,51,62,40,23,43,58,59,36,46,37,53,42,38,57,38,52,76,79,105,73,61,98,113,0,0,0
Volvo Cars,XC40,EV,0,0,0,0,0,0,0,0,0,0,0,0,0,0,0,0,0,0,0,0,0,0,0,0,0,0,0,0,0,0,0,0,0,0,0,0,0,0,0,0,0,0,0,0,0,0,0,0,0,0,0,0,0,0,0,0,0,0,0,0,0,0,0,0,0,0,0,0,0,0,0,40,143,125,52,333,945,728,901,708,483,527,632,698,32,31,199,646,282,160,248,248,42,379,400,703,479,513,693,509,508,550,588,500,630,800,556,680,360,450,258,400,350,288,600,500,297,400,420,520,0,0,0,0,0,0,0,0,0,0,0,0
Volvo Cars,XC40,ICE,0,0,0,0,0,0,0,0,0,0,0,0,0,0,0,0,0,0,0,0,0,0,0,0,0,0,0,0,0,0,0,0,0,0,0,0,7,71,1001,1404,1105,1510,1521,1310,1104,1056,1022,1316,1042,985,1550,1824,1715,1437,2072,1508,1090,1048,1404,1979,1303,1615,1052,656,2305,2315,2216,1933,1911,2504,2344,3310,0,0,0,0,0,0,0,0,0,0,0,0,0,0,0,0,0,0,0,0,0,0,0,0,0,0,0,0,0,0,0,0,0,0,0,0,0,0,0,0,0,0,0,0,0,0,0,0,0,0,0,0,0,0,0,0,0,0,0,0
Volvo Cars,XC40,MHV,0,0,0,0,0,0,0,0,0,0,0,0,0,0,0,0,0,0,0,0,0,0,0,0,0,0,0,0,0,0,0,0,0,0,0,0,0,0,0,0,0,0,0,0,0,0,0,0,0,0,0,0,0,0,0,0,0,0,0,0,0,0,0,0,0,0,0,0,0,0,0,0,1613,1761,2110,2371,2541,2144,1612,1932,1587,1460,612,784,829,1499,1397,666,1554,1526,707,821,932,1529,1664,2064,1162,1665,1571,1250,1607,1643,1855,1995,1910,1964,2128,2387,1334,1177,3335,2026,1414,1480,2161,1974,1418,1744,1580,2071,961,2248,2348,1642,2746,1483,1240,1404,1222,1798,0,0
Volvo Cars,XC60,ICE,0,0,0,0,0,0,0,0,0,0,0,0,860,1187,1599,1456,1345,2362,2097,1847,1157,1611,2127,2783,804,1388,1544,2046,1595,1658,2184,2456,2393,1788,1895,2247,1590,1800,2212,2351,2735,3090,2330,2649,3206,2375,3042,3136,1353,2078,2752,2092,2756,2667,2322,2775,2124,2114,2457,3349,1630,2125,1462,861,2567,2686,2515,2800,2459,3214,3531,4057,0,0,0,0,0,0,0,0,0,0,0,0,0,0,0,0,0,0,0,0,0,0,0,0,0,0,0,0,0,0,0,0,0,0,0,0,0,0,0,0,0,0,0,0,0,0,0,0,0,0,0,0,0,0,0,0,0,0,0,0
Volvo Cars,XC60,MHV,0,0,0,0,0,0,0,0,0,0,0,0,0,0,0,0,0,0,0,0,0,0,0,0,0,0,0,0,0,0,0,0,0,0,0,0,0,0,0,0,0,0,0,0,0,0,0,0,0,0,0,0,0,0,0,0,0,0,0,0,0,0,0,0,0,0,0,0,0,0,0,0,2055,2543,2637,3235,3902,4160,4106,2916,1395,1720,1336,1767,2098,1471,2388,2305,2060,2205,2276,2789,2321,2986,2595,2767,1943,2125,2853,2731,3099,3300,2412,2296,2683,2624,2486,3290,1798,2122,3118,2352,2201,1511,1255,1699,1656,1936,3013,3595,2157,3123,4345,2908,2272,1221,1356,2021,2238,2895,0,0
Volvo Cars,XC60,PHV,0,0,0,0,0,0,0,0,0,0,0,0,0,0,0,0,0,0,0,0,0,0,0,0,0,0,0,0,0,0,0,65,97,100,82,174,109,155,167,141,214,226,137,193,206,189,185,251,118,151,184,159,116,140,104,151,129,171,128,188,107,151,94,58,156,181,122,181,173,357,225,232,141,214,300,375,515,515,399,350,1825,1312,1707,2157,570,549,742,1405,1024,515,300,323,412,625,700,755,572,613,653,700,618,625,749,650,528,683,684,785,500,420,783,909,1163,950,1090,1100,1151,1220,1700,1650,870,1000,1211,600,1000,1200,850,1300,850,500,0,0
Volvo Cars,XC70,ICE,0,0,0,0,0,0,0,0,0,0,0,0,252,287,420,377,415,752,632,778,485,399,390,232,24,19,7,10,5,8,0,0,0,0,0,0,0,0,0,0,0,0,0,0,0,0,0,0,0,0,0,0,0,0,0,0,0,0,0,0,0,0,0,0,0,0,0,0,0,0,0,0,0,0,0,0,0,0,0,0,0,0,0,0,0,0,0,0,0,0,0,0,0,0,0,0,0,0,0,0,0,0,0,0,0,0,0,0,0,0,0,0,0,0,0,0,0,0,0,0,0,0,0,0,0,0,0,0,0,0,0,0
Volvo Cars,XC90,ICE,0,0,0,0,0,0,0,0,0,0,0,0,2149,2296,2822,2859,2357,2430,2710,2683,2317,2241,2445,3104,1460,1258,1568,2204,2217,2549,2347,2604,2757,2376,3057,4403,2050,2338,2703,2193,2948,3096,2318,2678,2367,2182,2368,3034,1384,1940,3155,2603,3125,3368,2674,3041,2864,2604,3400,4428,1876,2228,1560,936,2910,3285,2791,2734,2326,2679,3340,4443,0,0,0,0,0,0,0,0,0,0,0,0,0,0,0,0,0,0,0,0,0,0,0,0,0,0,0,0,0,0,0,0,0,0,0,0,0,0,0,0,0,0,0,0,0,0,0,0,0,0,0,0,0,0,0,0,0,0,0,0
Volvo Cars,XC90,MHV,0,0,0,0,0,0,0,0,0,0,0,0,0,0,0,0,0,0,0,0,0,0,0,0,0,0,0,0,0,0,0,0,0,0,0,0,0,0,0,0,0,0,0,0,0,0,0,0,0,0,0,0,0,0,0,0,0,0,0,0,0,0,0,0,0,0,0,0,0,0,0,0,2037,2112,2419,2659,3042,2812,2806,2813,2186,1950,1685,2752,1171,1103,2242,2126,2082,2090,2269,2777,1905,1972,1823,2598,1641,1615,2028,1948,2460,2776,2726,2830,2343,2089,2657,3644,1737,1668,2548,1762,1420,1686,1538,1642,1272,1552,2544,3069,1816,1882,3071,3386,2244,1704,1759,2177,1916,2504,0,0
Volvo Cars,XC90,PHV,0,0,0,0,0,0,0,0,0,0,0,0,226,176,178,150,110,166,178,176,148,142,161,204,96,83,103,145,146,202,174,265,236,174,204,368,99,106,93,89,126,133,66,132,117,119,131,123,43,56,81,97,76,107,102,122,71,116,122,181,118,201,104,70,162,169,175,264,346,578,176,500,455,562,749,869,1152,1113,882,729,700,633,688,852,917,668,848,1662,1352,971,319,411,368,770,850,807,869,931,806,850,905,869,993,950,880,910,1000,1200,700,800,1500,1300,1700,1370,1486,1337,1361,1396,2167,1937,700,800,1100,745,1000,1300,800,1000,716,400,0,0